response_id,time,subscale,item,score
R_w7AV8G1eEuySSVr,before,instrinsic_motivation,1,6
R_w7AV8G1eEuySSVr,before,instrinsic_motivation,2,1
R_w7AV8G1eEuySSVr,before,instrinsic_motivation,3,5
R_w7AV8G1eEuySSVr,before,integrated_regulation,4,4
R_w7AV8G1eEuySSVr,before,integrated_regulation,5,3
R_w7AV8G1eEuySSVr,before,integrated_regulation,6,4
R_w7AV8G1eEuySSVr,before,identified_regulation,7,4
R_w7AV8G1eEuySSVr,before,identified_regulation,8,4
R_w7AV8G1eEuySSVr,before,identified_regulation,9,4
R_w7AV8G1eEuySSVr,before,introjected_regulation,10,1
R_w7AV8G1eEuySSVr,before,introjected_regulation,11,1
R_w7AV8G1eEuySSVr,before,introjected_regulation,12,1
R_w7AV8G1eEuySSVr,before,external_regulation,13,1
R_w7AV8G1eEuySSVr,before,external_regulation,14,1
R_w7AV8G1eEuySSVr,before,external_regulation,15,1
R_w7AV8G1eEuySSVr,before,amotivation,16,1
R_w7AV8G1eEuySSVr,before,amotivation,17,1
R_w7AV8G1eEuySSVr,before,amotivation,18,1
R_w7AV8G1eEuySSVr,after,instrinsic_motivation,1,6
R_w7AV8G1eEuySSVr,after,instrinsic_motivation,2,4
R_w7AV8G1eEuySSVr,after,instrinsic_motivation,3,4
R_w7AV8G1eEuySSVr,after,integrated_regulation,4,4
R_w7AV8G1eEuySSVr,after,integrated_regulation,5,1
R_w7AV8G1eEuySSVr,after,integrated_regulation,6,4
R_w7AV8G1eEuySSVr,after,identified_regulation,7,4
R_w7AV8G1eEuySSVr,after,identified_regulation,8,4
R_w7AV8G1eEuySSVr,after,identified_regulation,9,3
R_w7AV8G1eEuySSVr,after,introjected_regulation,10,1
R_w7AV8G1eEuySSVr,after,introjected_regulation,11,1
R_w7AV8G1eEuySSVr,after,introjected_regulation,12,1
R_w7AV8G1eEuySSVr,after,external_regulation,13,1
R_w7AV8G1eEuySSVr,after,external_regulation,14,1
R_w7AV8G1eEuySSVr,after,external_regulation,15,1
R_w7AV8G1eEuySSVr,after,amotivation,16,1
R_w7AV8G1eEuySSVr,after,amotivation,17,1
R_w7AV8G1eEuySSVr,after,amotivation,18,1
R_3g11OuFlZDreUWH,before,instrinsic_motivation,1,3
R_3g11OuFlZDreUWH,before,instrinsic_motivation,2,5
R_3g11OuFlZDreUWH,before,instrinsic_motivation,3,3
R_3g11OuFlZDreUWH,before,integrated_regulation,4,4
R_3g11OuFlZDreUWH,before,integrated_regulation,5,4
R_3g11OuFlZDreUWH,before,integrated_regulation,6,3
R_3g11OuFlZDreUWH,before,identified_regulation,7,3
R_3g11OuFlZDreUWH,before,identified_regulation,8,4
R_3g11OuFlZDreUWH,before,identified_regulation,9,4
R_3g11OuFlZDreUWH,before,introjected_regulation,10,4
R_3g11OuFlZDreUWH,before,introjected_regulation,11,2
R_3g11OuFlZDreUWH,before,introjected_regulation,12,3
R_3g11OuFlZDreUWH,before,external_regulation,13,3
R_3g11OuFlZDreUWH,before,external_regulation,14,4
R_3g11OuFlZDreUWH,before,external_regulation,15,5
R_3g11OuFlZDreUWH,before,amotivation,16,4
R_3g11OuFlZDreUWH,before,amotivation,17,3
R_3g11OuFlZDreUWH,before,amotivation,18,5
R_3g11OuFlZDreUWH,after,instrinsic_motivation,1,3
R_3g11OuFlZDreUWH,after,instrinsic_motivation,2,4
R_3g11OuFlZDreUWH,after,instrinsic_motivation,3,4
R_3g11OuFlZDreUWH,after,integrated_regulation,4,4
R_3g11OuFlZDreUWH,after,integrated_regulation,5,3
R_3g11OuFlZDreUWH,after,integrated_regulation,6,4
R_3g11OuFlZDreUWH,after,identified_regulation,7,4
R_3g11OuFlZDreUWH,after,identified_regulation,8,4
R_3g11OuFlZDreUWH,after,identified_regulation,9,4
R_3g11OuFlZDreUWH,after,introjected_regulation,10,4
R_3g11OuFlZDreUWH,after,introjected_regulation,11,5
R_3g11OuFlZDreUWH,after,introjected_regulation,12,4
R_3g11OuFlZDreUWH,after,external_regulation,13,3
R_3g11OuFlZDreUWH,after,external_regulation,14,4
R_3g11OuFlZDreUWH,after,external_regulation,15,5
R_3g11OuFlZDreUWH,after,amotivation,16,3
R_3g11OuFlZDreUWH,after,amotivation,17,2
R_3g11OuFlZDreUWH,after,amotivation,18,4
R_ZIyPy9Dq6G7mGIx,before,instrinsic_motivation,1,6
R_ZIyPy9Dq6G7mGIx,before,instrinsic_motivation,2,4
R_ZIyPy9Dq6G7mGIx,before,instrinsic_motivation,3,6
R_ZIyPy9Dq6G7mGIx,before,integrated_regulation,4,1
R_ZIyPy9Dq6G7mGIx,before,integrated_regulation,5,1
R_ZIyPy9Dq6G7mGIx,before,integrated_regulation,6,1
R_ZIyPy9Dq6G7mGIx,before,identified_regulation,7,1
R_ZIyPy9Dq6G7mGIx,before,identified_regulation,8,1
R_ZIyPy9Dq6G7mGIx,before,identified_regulation,9,4
R_ZIyPy9Dq6G7mGIx,before,introjected_regulation,10,1
R_ZIyPy9Dq6G7mGIx,before,introjected_regulation,11,1
R_ZIyPy9Dq6G7mGIx,before,introjected_regulation,12,1
R_ZIyPy9Dq6G7mGIx,before,external_regulation,13,2
R_ZIyPy9Dq6G7mGIx,before,external_regulation,14,1
R_ZIyPy9Dq6G7mGIx,before,external_regulation,15,3
R_ZIyPy9Dq6G7mGIx,before,amotivation,16,4
R_ZIyPy9Dq6G7mGIx,before,amotivation,17,1
R_ZIyPy9Dq6G7mGIx,before,amotivation,18,3
R_ZIyPy9Dq6G7mGIx,after,instrinsic_motivation,1,6
R_ZIyPy9Dq6G7mGIx,after,instrinsic_motivation,2,5
R_ZIyPy9Dq6G7mGIx,after,instrinsic_motivation,3,5
R_ZIyPy9Dq6G7mGIx,after,integrated_regulation,4,1
R_ZIyPy9Dq6G7mGIx,after,integrated_regulation,5,1
R_ZIyPy9Dq6G7mGIx,after,integrated_regulation,6,1
R_ZIyPy9Dq6G7mGIx,after,identified_regulation,7,1
R_ZIyPy9Dq6G7mGIx,after,identified_regulation,8,1
R_ZIyPy9Dq6G7mGIx,after,identified_regulation,9,2
R_ZIyPy9Dq6G7mGIx,after,introjected_regulation,10,1
R_ZIyPy9Dq6G7mGIx,after,introjected_regulation,11,1
R_ZIyPy9Dq6G7mGIx,after,introjected_regulation,12,1
R_ZIyPy9Dq6G7mGIx,after,external_regulation,13,2
R_ZIyPy9Dq6G7mGIx,after,external_regulation,14,1
R_ZIyPy9Dq6G7mGIx,after,external_regulation,15,3
R_ZIyPy9Dq6G7mGIx,after,amotivation,16,3
R_ZIyPy9Dq6G7mGIx,after,amotivation,17,1
R_ZIyPy9Dq6G7mGIx,after,amotivation,18,2
R_Rfb8RkRh6RRJLTr,before,instrinsic_motivation,1,NA
R_Rfb8RkRh6RRJLTr,before,instrinsic_motivation,2,NA
R_Rfb8RkRh6RRJLTr,before,instrinsic_motivation,3,NA
R_Rfb8RkRh6RRJLTr,before,integrated_regulation,4,NA
R_Rfb8RkRh6RRJLTr,before,integrated_regulation,5,NA
R_Rfb8RkRh6RRJLTr,before,integrated_regulation,6,NA
R_Rfb8RkRh6RRJLTr,before,identified_regulation,7,NA
R_Rfb8RkRh6RRJLTr,before,identified_regulation,8,NA
R_Rfb8RkRh6RRJLTr,before,identified_regulation,9,NA
R_Rfb8RkRh6RRJLTr,before,introjected_regulation,10,NA
R_Rfb8RkRh6RRJLTr,before,introjected_regulation,11,NA
R_Rfb8RkRh6RRJLTr,before,introjected_regulation,12,NA
R_Rfb8RkRh6RRJLTr,before,external_regulation,13,NA
R_Rfb8RkRh6RRJLTr,before,external_regulation,14,NA
R_Rfb8RkRh6RRJLTr,before,external_regulation,15,NA
R_Rfb8RkRh6RRJLTr,before,amotivation,16,NA
R_Rfb8RkRh6RRJLTr,before,amotivation,17,NA
R_Rfb8RkRh6RRJLTr,before,amotivation,18,NA
R_Rfb8RkRh6RRJLTr,after,instrinsic_motivation,1,4
R_Rfb8RkRh6RRJLTr,after,instrinsic_motivation,2,4
R_Rfb8RkRh6RRJLTr,after,instrinsic_motivation,3,4
R_Rfb8RkRh6RRJLTr,after,integrated_regulation,4,1
R_Rfb8RkRh6RRJLTr,after,integrated_regulation,5,1
R_Rfb8RkRh6RRJLTr,after,integrated_regulation,6,1
R_Rfb8RkRh6RRJLTr,after,identified_regulation,7,1
R_Rfb8RkRh6RRJLTr,after,identified_regulation,8,1
R_Rfb8RkRh6RRJLTr,after,identified_regulation,9,3
R_Rfb8RkRh6RRJLTr,after,introjected_regulation,10,1
R_Rfb8RkRh6RRJLTr,after,introjected_regulation,11,1
R_Rfb8RkRh6RRJLTr,after,introjected_regulation,12,1
R_Rfb8RkRh6RRJLTr,after,external_regulation,13,2
R_Rfb8RkRh6RRJLTr,after,external_regulation,14,2
R_Rfb8RkRh6RRJLTr,after,external_regulation,15,2
R_Rfb8RkRh6RRJLTr,after,amotivation,16,1
R_Rfb8RkRh6RRJLTr,after,amotivation,17,1
R_Rfb8RkRh6RRJLTr,after,amotivation,18,1
R_3EbuYRY1KfEPCX3,before,instrinsic_motivation,1,6
R_3EbuYRY1KfEPCX3,before,instrinsic_motivation,2,4
R_3EbuYRY1KfEPCX3,before,instrinsic_motivation,3,4
R_3EbuYRY1KfEPCX3,before,integrated_regulation,4,5
R_3EbuYRY1KfEPCX3,before,integrated_regulation,5,4
R_3EbuYRY1KfEPCX3,before,integrated_regulation,6,4
R_3EbuYRY1KfEPCX3,before,identified_regulation,7,3
R_3EbuYRY1KfEPCX3,before,identified_regulation,8,3
R_3EbuYRY1KfEPCX3,before,identified_regulation,9,5
R_3EbuYRY1KfEPCX3,before,introjected_regulation,10,5
R_3EbuYRY1KfEPCX3,before,introjected_regulation,11,3
R_3EbuYRY1KfEPCX3,before,introjected_regulation,12,3
R_3EbuYRY1KfEPCX3,before,external_regulation,13,3
R_3EbuYRY1KfEPCX3,before,external_regulation,14,3
R_3EbuYRY1KfEPCX3,before,external_regulation,15,3
R_3EbuYRY1KfEPCX3,before,amotivation,16,2
R_3EbuYRY1KfEPCX3,before,amotivation,17,2
R_3EbuYRY1KfEPCX3,before,amotivation,18,2
R_3EbuYRY1KfEPCX3,after,instrinsic_motivation,1,6
R_3EbuYRY1KfEPCX3,after,instrinsic_motivation,2,3
R_3EbuYRY1KfEPCX3,after,instrinsic_motivation,3,3
R_3EbuYRY1KfEPCX3,after,integrated_regulation,4,4
R_3EbuYRY1KfEPCX3,after,integrated_regulation,5,4
R_3EbuYRY1KfEPCX3,after,integrated_regulation,6,4
R_3EbuYRY1KfEPCX3,after,identified_regulation,7,3
R_3EbuYRY1KfEPCX3,after,identified_regulation,8,2
R_3EbuYRY1KfEPCX3,after,identified_regulation,9,5
R_3EbuYRY1KfEPCX3,after,introjected_regulation,10,3
R_3EbuYRY1KfEPCX3,after,introjected_regulation,11,3
R_3EbuYRY1KfEPCX3,after,introjected_regulation,12,3
R_3EbuYRY1KfEPCX3,after,external_regulation,13,2
R_3EbuYRY1KfEPCX3,after,external_regulation,14,2
R_3EbuYRY1KfEPCX3,after,external_regulation,15,2
R_3EbuYRY1KfEPCX3,after,amotivation,16,1
R_3EbuYRY1KfEPCX3,after,amotivation,17,1
R_3EbuYRY1KfEPCX3,after,amotivation,18,1
R_3fW7nwlGuhwYbo5,before,instrinsic_motivation,1,4
R_3fW7nwlGuhwYbo5,before,instrinsic_motivation,2,5
R_3fW7nwlGuhwYbo5,before,instrinsic_motivation,3,3
R_3fW7nwlGuhwYbo5,before,integrated_regulation,4,4
R_3fW7nwlGuhwYbo5,before,integrated_regulation,5,2
R_3fW7nwlGuhwYbo5,before,integrated_regulation,6,4
R_3fW7nwlGuhwYbo5,before,identified_regulation,7,4
R_3fW7nwlGuhwYbo5,before,identified_regulation,8,4
R_3fW7nwlGuhwYbo5,before,identified_regulation,9,5
R_3fW7nwlGuhwYbo5,before,introjected_regulation,10,3
R_3fW7nwlGuhwYbo5,before,introjected_regulation,11,4
R_3fW7nwlGuhwYbo5,before,introjected_regulation,12,1
R_3fW7nwlGuhwYbo5,before,external_regulation,13,4
R_3fW7nwlGuhwYbo5,before,external_regulation,14,2
R_3fW7nwlGuhwYbo5,before,external_regulation,15,4
R_3fW7nwlGuhwYbo5,before,amotivation,16,1
R_3fW7nwlGuhwYbo5,before,amotivation,17,1
R_3fW7nwlGuhwYbo5,before,amotivation,18,1
R_3fW7nwlGuhwYbo5,after,instrinsic_motivation,1,4
R_3fW7nwlGuhwYbo5,after,instrinsic_motivation,2,5
R_3fW7nwlGuhwYbo5,after,instrinsic_motivation,3,4
R_3fW7nwlGuhwYbo5,after,integrated_regulation,4,5
R_3fW7nwlGuhwYbo5,after,integrated_regulation,5,4
R_3fW7nwlGuhwYbo5,after,integrated_regulation,6,4
R_3fW7nwlGuhwYbo5,after,identified_regulation,7,4
R_3fW7nwlGuhwYbo5,after,identified_regulation,8,3
R_3fW7nwlGuhwYbo5,after,identified_regulation,9,4
R_3fW7nwlGuhwYbo5,after,introjected_regulation,10,1
R_3fW7nwlGuhwYbo5,after,introjected_regulation,11,1
R_3fW7nwlGuhwYbo5,after,introjected_regulation,12,1
R_3fW7nwlGuhwYbo5,after,external_regulation,13,4
R_3fW7nwlGuhwYbo5,after,external_regulation,14,1
R_3fW7nwlGuhwYbo5,after,external_regulation,15,3
R_3fW7nwlGuhwYbo5,after,amotivation,16,1
R_3fW7nwlGuhwYbo5,after,amotivation,17,1
R_3fW7nwlGuhwYbo5,after,amotivation,18,1
R_vlag3f3fIWmaxeV,before,instrinsic_motivation,1,4
R_vlag3f3fIWmaxeV,before,instrinsic_motivation,2,4
R_vlag3f3fIWmaxeV,before,instrinsic_motivation,3,4
R_vlag3f3fIWmaxeV,before,integrated_regulation,4,4
R_vlag3f3fIWmaxeV,before,integrated_regulation,5,3
R_vlag3f3fIWmaxeV,before,integrated_regulation,6,3
R_vlag3f3fIWmaxeV,before,identified_regulation,7,4
R_vlag3f3fIWmaxeV,before,identified_regulation,8,4
R_vlag3f3fIWmaxeV,before,identified_regulation,9,2
R_vlag3f3fIWmaxeV,before,introjected_regulation,10,4
R_vlag3f3fIWmaxeV,before,introjected_regulation,11,2
R_vlag3f3fIWmaxeV,before,introjected_regulation,12,1
R_vlag3f3fIWmaxeV,before,external_regulation,13,4
R_vlag3f3fIWmaxeV,before,external_regulation,14,4
R_vlag3f3fIWmaxeV,before,external_regulation,15,4
R_vlag3f3fIWmaxeV,before,amotivation,16,2
R_vlag3f3fIWmaxeV,before,amotivation,17,2
R_vlag3f3fIWmaxeV,before,amotivation,18,1
R_vlag3f3fIWmaxeV,after,instrinsic_motivation,1,5
R_vlag3f3fIWmaxeV,after,instrinsic_motivation,2,5
R_vlag3f3fIWmaxeV,after,instrinsic_motivation,3,5
R_vlag3f3fIWmaxeV,after,integrated_regulation,4,5
R_vlag3f3fIWmaxeV,after,integrated_regulation,5,5
R_vlag3f3fIWmaxeV,after,integrated_regulation,6,4
R_vlag3f3fIWmaxeV,after,identified_regulation,7,4
R_vlag3f3fIWmaxeV,after,identified_regulation,8,4
R_vlag3f3fIWmaxeV,after,identified_regulation,9,4
R_vlag3f3fIWmaxeV,after,introjected_regulation,10,4
R_vlag3f3fIWmaxeV,after,introjected_regulation,11,5
R_vlag3f3fIWmaxeV,after,introjected_regulation,12,4
R_vlag3f3fIWmaxeV,after,external_regulation,13,4
R_vlag3f3fIWmaxeV,after,external_regulation,14,4
R_vlag3f3fIWmaxeV,after,external_regulation,15,5
R_vlag3f3fIWmaxeV,after,amotivation,16,4
R_vlag3f3fIWmaxeV,after,amotivation,17,4
R_vlag3f3fIWmaxeV,after,amotivation,18,4
R_9Y4ZP3qLoi3t7fH,before,instrinsic_motivation,1,5
R_9Y4ZP3qLoi3t7fH,before,instrinsic_motivation,2,2
R_9Y4ZP3qLoi3t7fH,before,instrinsic_motivation,3,5
R_9Y4ZP3qLoi3t7fH,before,integrated_regulation,4,5
R_9Y4ZP3qLoi3t7fH,before,integrated_regulation,5,2
R_9Y4ZP3qLoi3t7fH,before,integrated_regulation,6,4
R_9Y4ZP3qLoi3t7fH,before,identified_regulation,7,3
R_9Y4ZP3qLoi3t7fH,before,identified_regulation,8,3
R_9Y4ZP3qLoi3t7fH,before,identified_regulation,9,4
R_9Y4ZP3qLoi3t7fH,before,introjected_regulation,10,2
R_9Y4ZP3qLoi3t7fH,before,introjected_regulation,11,2
R_9Y4ZP3qLoi3t7fH,before,introjected_regulation,12,2
R_9Y4ZP3qLoi3t7fH,before,external_regulation,13,1
R_9Y4ZP3qLoi3t7fH,before,external_regulation,14,1
R_9Y4ZP3qLoi3t7fH,before,external_regulation,15,1
R_9Y4ZP3qLoi3t7fH,before,amotivation,16,4
R_9Y4ZP3qLoi3t7fH,before,amotivation,17,4
R_9Y4ZP3qLoi3t7fH,before,amotivation,18,5
R_9Y4ZP3qLoi3t7fH,after,instrinsic_motivation,1,5
R_9Y4ZP3qLoi3t7fH,after,instrinsic_motivation,2,2
R_9Y4ZP3qLoi3t7fH,after,instrinsic_motivation,3,4
R_9Y4ZP3qLoi3t7fH,after,integrated_regulation,4,5
R_9Y4ZP3qLoi3t7fH,after,integrated_regulation,5,1
R_9Y4ZP3qLoi3t7fH,after,integrated_regulation,6,5
R_9Y4ZP3qLoi3t7fH,after,identified_regulation,7,3
R_9Y4ZP3qLoi3t7fH,after,identified_regulation,8,4
R_9Y4ZP3qLoi3t7fH,after,identified_regulation,9,4
R_9Y4ZP3qLoi3t7fH,after,introjected_regulation,10,2
R_9Y4ZP3qLoi3t7fH,after,introjected_regulation,11,3
R_9Y4ZP3qLoi3t7fH,after,introjected_regulation,12,2
R_9Y4ZP3qLoi3t7fH,after,external_regulation,13,1
R_9Y4ZP3qLoi3t7fH,after,external_regulation,14,1
R_9Y4ZP3qLoi3t7fH,after,external_regulation,15,1
R_9Y4ZP3qLoi3t7fH,after,amotivation,16,5
R_9Y4ZP3qLoi3t7fH,after,amotivation,17,5
R_9Y4ZP3qLoi3t7fH,after,amotivation,18,5
R_5AVWI45K9Om73Gh,before,instrinsic_motivation,1,4
R_5AVWI45K9Om73Gh,before,instrinsic_motivation,2,3
R_5AVWI45K9Om73Gh,before,instrinsic_motivation,3,1
R_5AVWI45K9Om73Gh,before,integrated_regulation,4,1
R_5AVWI45K9Om73Gh,before,integrated_regulation,5,1
R_5AVWI45K9Om73Gh,before,integrated_regulation,6,1
R_5AVWI45K9Om73Gh,before,identified_regulation,7,1
R_5AVWI45K9Om73Gh,before,identified_regulation,8,1
R_5AVWI45K9Om73Gh,before,identified_regulation,9,1
R_5AVWI45K9Om73Gh,before,introjected_regulation,10,1
R_5AVWI45K9Om73Gh,before,introjected_regulation,11,1
R_5AVWI45K9Om73Gh,before,introjected_regulation,12,1
R_5AVWI45K9Om73Gh,before,external_regulation,13,3
R_5AVWI45K9Om73Gh,before,external_regulation,14,1
R_5AVWI45K9Om73Gh,before,external_regulation,15,4
R_5AVWI45K9Om73Gh,before,amotivation,16,1
R_5AVWI45K9Om73Gh,before,amotivation,17,1
R_5AVWI45K9Om73Gh,before,amotivation,18,1
R_5AVWI45K9Om73Gh,after,instrinsic_motivation,1,4
R_5AVWI45K9Om73Gh,after,instrinsic_motivation,2,2
R_5AVWI45K9Om73Gh,after,instrinsic_motivation,3,1
R_5AVWI45K9Om73Gh,after,integrated_regulation,4,1
R_5AVWI45K9Om73Gh,after,integrated_regulation,5,1
R_5AVWI45K9Om73Gh,after,integrated_regulation,6,1
R_5AVWI45K9Om73Gh,after,identified_regulation,7,1
R_5AVWI45K9Om73Gh,after,identified_regulation,8,1
R_5AVWI45K9Om73Gh,after,identified_regulation,9,1
R_5AVWI45K9Om73Gh,after,introjected_regulation,10,1
R_5AVWI45K9Om73Gh,after,introjected_regulation,11,1
R_5AVWI45K9Om73Gh,after,introjected_regulation,12,1
R_5AVWI45K9Om73Gh,after,external_regulation,13,2
R_5AVWI45K9Om73Gh,after,external_regulation,14,1
R_5AVWI45K9Om73Gh,after,external_regulation,15,3
R_5AVWI45K9Om73Gh,after,amotivation,16,1
R_5AVWI45K9Om73Gh,after,amotivation,17,1
R_5AVWI45K9Om73Gh,after,amotivation,18,1
R_0xNlcN3NDWsWFsl,before,instrinsic_motivation,1,NA
R_0xNlcN3NDWsWFsl,before,instrinsic_motivation,2,NA
R_0xNlcN3NDWsWFsl,before,instrinsic_motivation,3,NA
R_0xNlcN3NDWsWFsl,before,integrated_regulation,4,NA
R_0xNlcN3NDWsWFsl,before,integrated_regulation,5,NA
R_0xNlcN3NDWsWFsl,before,integrated_regulation,6,NA
R_0xNlcN3NDWsWFsl,before,identified_regulation,7,NA
R_0xNlcN3NDWsWFsl,before,identified_regulation,8,NA
R_0xNlcN3NDWsWFsl,before,identified_regulation,9,NA
R_0xNlcN3NDWsWFsl,before,introjected_regulation,10,NA
R_0xNlcN3NDWsWFsl,before,introjected_regulation,11,NA
R_0xNlcN3NDWsWFsl,before,introjected_regulation,12,NA
R_0xNlcN3NDWsWFsl,before,external_regulation,13,NA
R_0xNlcN3NDWsWFsl,before,external_regulation,14,NA
R_0xNlcN3NDWsWFsl,before,external_regulation,15,NA
R_0xNlcN3NDWsWFsl,before,amotivation,16,NA
R_0xNlcN3NDWsWFsl,before,amotivation,17,NA
R_0xNlcN3NDWsWFsl,before,amotivation,18,NA
R_0xNlcN3NDWsWFsl,after,instrinsic_motivation,1,1
R_0xNlcN3NDWsWFsl,after,instrinsic_motivation,2,1
R_0xNlcN3NDWsWFsl,after,instrinsic_motivation,3,1
R_0xNlcN3NDWsWFsl,after,integrated_regulation,4,1
R_0xNlcN3NDWsWFsl,after,integrated_regulation,5,1
R_0xNlcN3NDWsWFsl,after,integrated_regulation,6,1
R_0xNlcN3NDWsWFsl,after,identified_regulation,7,1
R_0xNlcN3NDWsWFsl,after,identified_regulation,8,1
R_0xNlcN3NDWsWFsl,after,identified_regulation,9,1
R_0xNlcN3NDWsWFsl,after,introjected_regulation,10,1
R_0xNlcN3NDWsWFsl,after,introjected_regulation,11,1
R_0xNlcN3NDWsWFsl,after,introjected_regulation,12,1
R_0xNlcN3NDWsWFsl,after,external_regulation,13,1
R_0xNlcN3NDWsWFsl,after,external_regulation,14,1
R_0xNlcN3NDWsWFsl,after,external_regulation,15,1
R_0xNlcN3NDWsWFsl,after,amotivation,16,1
R_0xNlcN3NDWsWFsl,after,amotivation,17,1
R_0xNlcN3NDWsWFsl,after,amotivation,18,5
R_2ZNqbe16jkaSqDs,before,instrinsic_motivation,1,5
R_2ZNqbe16jkaSqDs,before,instrinsic_motivation,2,6
R_2ZNqbe16jkaSqDs,before,instrinsic_motivation,3,4
R_2ZNqbe16jkaSqDs,before,integrated_regulation,4,1
R_2ZNqbe16jkaSqDs,before,integrated_regulation,5,5
R_2ZNqbe16jkaSqDs,before,integrated_regulation,6,5
R_2ZNqbe16jkaSqDs,before,identified_regulation,7,6
R_2ZNqbe16jkaSqDs,before,identified_regulation,8,5
R_2ZNqbe16jkaSqDs,before,identified_regulation,9,4
R_2ZNqbe16jkaSqDs,before,introjected_regulation,10,1
R_2ZNqbe16jkaSqDs,before,introjected_regulation,11,1
R_2ZNqbe16jkaSqDs,before,introjected_regulation,12,1
R_2ZNqbe16jkaSqDs,before,external_regulation,13,4
R_2ZNqbe16jkaSqDs,before,external_regulation,14,5
R_2ZNqbe16jkaSqDs,before,external_regulation,15,4
R_2ZNqbe16jkaSqDs,before,amotivation,16,1
R_2ZNqbe16jkaSqDs,before,amotivation,17,1
R_2ZNqbe16jkaSqDs,before,amotivation,18,1
R_2ZNqbe16jkaSqDs,after,instrinsic_motivation,1,5
R_2ZNqbe16jkaSqDs,after,instrinsic_motivation,2,6
R_2ZNqbe16jkaSqDs,after,instrinsic_motivation,3,4
R_2ZNqbe16jkaSqDs,after,integrated_regulation,4,1
R_2ZNqbe16jkaSqDs,after,integrated_regulation,5,1
R_2ZNqbe16jkaSqDs,after,integrated_regulation,6,5
R_2ZNqbe16jkaSqDs,after,identified_regulation,7,6
R_2ZNqbe16jkaSqDs,after,identified_regulation,8,5
R_2ZNqbe16jkaSqDs,after,identified_regulation,9,5
R_2ZNqbe16jkaSqDs,after,introjected_regulation,10,1
R_2ZNqbe16jkaSqDs,after,introjected_regulation,11,1
R_2ZNqbe16jkaSqDs,after,introjected_regulation,12,1
R_2ZNqbe16jkaSqDs,after,external_regulation,13,5
R_2ZNqbe16jkaSqDs,after,external_regulation,14,5
R_2ZNqbe16jkaSqDs,after,external_regulation,15,4
R_2ZNqbe16jkaSqDs,after,amotivation,16,1
R_2ZNqbe16jkaSqDs,after,amotivation,17,1
R_2ZNqbe16jkaSqDs,after,amotivation,18,1
R_1jwyyqW3BkMXKqC,before,instrinsic_motivation,1,6
R_1jwyyqW3BkMXKqC,before,instrinsic_motivation,2,4
R_1jwyyqW3BkMXKqC,before,instrinsic_motivation,3,3
R_1jwyyqW3BkMXKqC,before,integrated_regulation,4,3
R_1jwyyqW3BkMXKqC,before,integrated_regulation,5,4
R_1jwyyqW3BkMXKqC,before,integrated_regulation,6,3
R_1jwyyqW3BkMXKqC,before,identified_regulation,7,3
R_1jwyyqW3BkMXKqC,before,identified_regulation,8,3
R_1jwyyqW3BkMXKqC,before,identified_regulation,9,4
R_1jwyyqW3BkMXKqC,before,introjected_regulation,10,3
R_1jwyyqW3BkMXKqC,before,introjected_regulation,11,3
R_1jwyyqW3BkMXKqC,before,introjected_regulation,12,3
R_1jwyyqW3BkMXKqC,before,external_regulation,13,3
R_1jwyyqW3BkMXKqC,before,external_regulation,14,3
R_1jwyyqW3BkMXKqC,before,external_regulation,15,4
R_1jwyyqW3BkMXKqC,before,amotivation,16,1
R_1jwyyqW3BkMXKqC,before,amotivation,17,1
R_1jwyyqW3BkMXKqC,before,amotivation,18,1
R_1jwyyqW3BkMXKqC,after,instrinsic_motivation,1,6
R_1jwyyqW3BkMXKqC,after,instrinsic_motivation,2,3
R_1jwyyqW3BkMXKqC,after,instrinsic_motivation,3,3
R_1jwyyqW3BkMXKqC,after,integrated_regulation,4,4
R_1jwyyqW3BkMXKqC,after,integrated_regulation,5,4
R_1jwyyqW3BkMXKqC,after,integrated_regulation,6,2
R_1jwyyqW3BkMXKqC,after,identified_regulation,7,3
R_1jwyyqW3BkMXKqC,after,identified_regulation,8,3
R_1jwyyqW3BkMXKqC,after,identified_regulation,9,4
R_1jwyyqW3BkMXKqC,after,introjected_regulation,10,2
R_1jwyyqW3BkMXKqC,after,introjected_regulation,11,1
R_1jwyyqW3BkMXKqC,after,introjected_regulation,12,3
R_1jwyyqW3BkMXKqC,after,external_regulation,13,3
R_1jwyyqW3BkMXKqC,after,external_regulation,14,4
R_1jwyyqW3BkMXKqC,after,external_regulation,15,3
R_1jwyyqW3BkMXKqC,after,amotivation,16,1
R_1jwyyqW3BkMXKqC,after,amotivation,17,1
R_1jwyyqW3BkMXKqC,after,amotivation,18,1
R_3Dhl5RDE5WPkhjZ,before,instrinsic_motivation,1,NA
R_3Dhl5RDE5WPkhjZ,before,instrinsic_motivation,2,NA
R_3Dhl5RDE5WPkhjZ,before,instrinsic_motivation,3,NA
R_3Dhl5RDE5WPkhjZ,before,integrated_regulation,4,NA
R_3Dhl5RDE5WPkhjZ,before,integrated_regulation,5,NA
R_3Dhl5RDE5WPkhjZ,before,integrated_regulation,6,NA
R_3Dhl5RDE5WPkhjZ,before,identified_regulation,7,NA
R_3Dhl5RDE5WPkhjZ,before,identified_regulation,8,NA
R_3Dhl5RDE5WPkhjZ,before,identified_regulation,9,NA
R_3Dhl5RDE5WPkhjZ,before,introjected_regulation,10,NA
R_3Dhl5RDE5WPkhjZ,before,introjected_regulation,11,NA
R_3Dhl5RDE5WPkhjZ,before,introjected_regulation,12,NA
R_3Dhl5RDE5WPkhjZ,before,external_regulation,13,NA
R_3Dhl5RDE5WPkhjZ,before,external_regulation,14,NA
R_3Dhl5RDE5WPkhjZ,before,external_regulation,15,NA
R_3Dhl5RDE5WPkhjZ,before,amotivation,16,NA
R_3Dhl5RDE5WPkhjZ,before,amotivation,17,NA
R_3Dhl5RDE5WPkhjZ,before,amotivation,18,NA
R_3Dhl5RDE5WPkhjZ,after,instrinsic_motivation,1,NA
R_3Dhl5RDE5WPkhjZ,after,instrinsic_motivation,2,NA
R_3Dhl5RDE5WPkhjZ,after,instrinsic_motivation,3,NA
R_3Dhl5RDE5WPkhjZ,after,integrated_regulation,4,NA
R_3Dhl5RDE5WPkhjZ,after,integrated_regulation,5,NA
R_3Dhl5RDE5WPkhjZ,after,integrated_regulation,6,NA
R_3Dhl5RDE5WPkhjZ,after,identified_regulation,7,NA
R_3Dhl5RDE5WPkhjZ,after,identified_regulation,8,NA
R_3Dhl5RDE5WPkhjZ,after,identified_regulation,9,NA
R_3Dhl5RDE5WPkhjZ,after,introjected_regulation,10,NA
R_3Dhl5RDE5WPkhjZ,after,introjected_regulation,11,NA
R_3Dhl5RDE5WPkhjZ,after,introjected_regulation,12,NA
R_3Dhl5RDE5WPkhjZ,after,external_regulation,13,NA
R_3Dhl5RDE5WPkhjZ,after,external_regulation,14,NA
R_3Dhl5RDE5WPkhjZ,after,external_regulation,15,NA
R_3Dhl5RDE5WPkhjZ,after,amotivation,16,NA
R_3Dhl5RDE5WPkhjZ,after,amotivation,17,NA
R_3Dhl5RDE5WPkhjZ,after,amotivation,18,NA
R_82Cae0gGCtZlvZD,before,instrinsic_motivation,1,6
R_82Cae0gGCtZlvZD,before,instrinsic_motivation,2,6
R_82Cae0gGCtZlvZD,before,instrinsic_motivation,3,6
R_82Cae0gGCtZlvZD,before,integrated_regulation,4,1
R_82Cae0gGCtZlvZD,before,integrated_regulation,5,1
R_82Cae0gGCtZlvZD,before,integrated_regulation,6,1
R_82Cae0gGCtZlvZD,before,identified_regulation,7,1
R_82Cae0gGCtZlvZD,before,identified_regulation,8,1
R_82Cae0gGCtZlvZD,before,identified_regulation,9,1
R_82Cae0gGCtZlvZD,before,introjected_regulation,10,3
R_82Cae0gGCtZlvZD,before,introjected_regulation,11,1
R_82Cae0gGCtZlvZD,before,introjected_regulation,12,1
R_82Cae0gGCtZlvZD,before,external_regulation,13,3
R_82Cae0gGCtZlvZD,before,external_regulation,14,2
R_82Cae0gGCtZlvZD,before,external_regulation,15,2
R_82Cae0gGCtZlvZD,before,amotivation,16,4
R_82Cae0gGCtZlvZD,before,amotivation,17,3
R_82Cae0gGCtZlvZD,before,amotivation,18,2
R_82Cae0gGCtZlvZD,after,instrinsic_motivation,1,6
R_82Cae0gGCtZlvZD,after,instrinsic_motivation,2,6
R_82Cae0gGCtZlvZD,after,instrinsic_motivation,3,3
R_82Cae0gGCtZlvZD,after,integrated_regulation,4,1
R_82Cae0gGCtZlvZD,after,integrated_regulation,5,1
R_82Cae0gGCtZlvZD,after,integrated_regulation,6,1
R_82Cae0gGCtZlvZD,after,identified_regulation,7,1
R_82Cae0gGCtZlvZD,after,identified_regulation,8,1
R_82Cae0gGCtZlvZD,after,identified_regulation,9,1
R_82Cae0gGCtZlvZD,after,introjected_regulation,10,1
R_82Cae0gGCtZlvZD,after,introjected_regulation,11,1
R_82Cae0gGCtZlvZD,after,introjected_regulation,12,1
R_82Cae0gGCtZlvZD,after,external_regulation,13,3
R_82Cae0gGCtZlvZD,after,external_regulation,14,3
R_82Cae0gGCtZlvZD,after,external_regulation,15,3
R_82Cae0gGCtZlvZD,after,amotivation,16,2
R_82Cae0gGCtZlvZD,after,amotivation,17,2
R_82Cae0gGCtZlvZD,after,amotivation,18,2
R_0Iq1QihJbkIZGG5,before,instrinsic_motivation,1,6
R_0Iq1QihJbkIZGG5,before,instrinsic_motivation,2,5
R_0Iq1QihJbkIZGG5,before,instrinsic_motivation,3,3
R_0Iq1QihJbkIZGG5,before,integrated_regulation,4,3
R_0Iq1QihJbkIZGG5,before,integrated_regulation,5,3
R_0Iq1QihJbkIZGG5,before,integrated_regulation,6,3
R_0Iq1QihJbkIZGG5,before,identified_regulation,7,3
R_0Iq1QihJbkIZGG5,before,identified_regulation,8,3
R_0Iq1QihJbkIZGG5,before,identified_regulation,9,3
R_0Iq1QihJbkIZGG5,before,introjected_regulation,10,1
R_0Iq1QihJbkIZGG5,before,introjected_regulation,11,4
R_0Iq1QihJbkIZGG5,before,introjected_regulation,12,1
R_0Iq1QihJbkIZGG5,before,external_regulation,13,1
R_0Iq1QihJbkIZGG5,before,external_regulation,14,2
R_0Iq1QihJbkIZGG5,before,external_regulation,15,3
R_0Iq1QihJbkIZGG5,before,amotivation,16,1
R_0Iq1QihJbkIZGG5,before,amotivation,17,1
R_0Iq1QihJbkIZGG5,before,amotivation,18,1
R_0Iq1QihJbkIZGG5,after,instrinsic_motivation,1,3
R_0Iq1QihJbkIZGG5,after,instrinsic_motivation,2,3
R_0Iq1QihJbkIZGG5,after,instrinsic_motivation,3,3
R_0Iq1QihJbkIZGG5,after,integrated_regulation,4,3
R_0Iq1QihJbkIZGG5,after,integrated_regulation,5,3
R_0Iq1QihJbkIZGG5,after,integrated_regulation,6,3
R_0Iq1QihJbkIZGG5,after,identified_regulation,7,3
R_0Iq1QihJbkIZGG5,after,identified_regulation,8,3
R_0Iq1QihJbkIZGG5,after,identified_regulation,9,3
R_0Iq1QihJbkIZGG5,after,introjected_regulation,10,3
R_0Iq1QihJbkIZGG5,after,introjected_regulation,11,3
R_0Iq1QihJbkIZGG5,after,introjected_regulation,12,1
R_0Iq1QihJbkIZGG5,after,external_regulation,13,3
R_0Iq1QihJbkIZGG5,after,external_regulation,14,3
R_0Iq1QihJbkIZGG5,after,external_regulation,15,3
R_0Iq1QihJbkIZGG5,after,amotivation,16,1
R_0Iq1QihJbkIZGG5,after,amotivation,17,1
R_0Iq1QihJbkIZGG5,after,amotivation,18,1
R_XYYWZaTga3BEXdL,before,instrinsic_motivation,1,6
R_XYYWZaTga3BEXdL,before,instrinsic_motivation,2,5
R_XYYWZaTga3BEXdL,before,instrinsic_motivation,3,6
R_XYYWZaTga3BEXdL,before,integrated_regulation,4,4
R_XYYWZaTga3BEXdL,before,integrated_regulation,5,4
R_XYYWZaTga3BEXdL,before,integrated_regulation,6,4
R_XYYWZaTga3BEXdL,before,identified_regulation,7,4
R_XYYWZaTga3BEXdL,before,identified_regulation,8,3
R_XYYWZaTga3BEXdL,before,identified_regulation,9,4
R_XYYWZaTga3BEXdL,before,introjected_regulation,10,2
R_XYYWZaTga3BEXdL,before,introjected_regulation,11,2
R_XYYWZaTga3BEXdL,before,introjected_regulation,12,2
R_XYYWZaTga3BEXdL,before,external_regulation,13,3
R_XYYWZaTga3BEXdL,before,external_regulation,14,2
R_XYYWZaTga3BEXdL,before,external_regulation,15,4
R_XYYWZaTga3BEXdL,before,amotivation,16,2
R_XYYWZaTga3BEXdL,before,amotivation,17,1
R_XYYWZaTga3BEXdL,before,amotivation,18,1
R_XYYWZaTga3BEXdL,after,instrinsic_motivation,1,5
R_XYYWZaTga3BEXdL,after,instrinsic_motivation,2,4
R_XYYWZaTga3BEXdL,after,instrinsic_motivation,3,4
R_XYYWZaTga3BEXdL,after,integrated_regulation,4,4
R_XYYWZaTga3BEXdL,after,integrated_regulation,5,4
R_XYYWZaTga3BEXdL,after,integrated_regulation,6,4
R_XYYWZaTga3BEXdL,after,identified_regulation,7,5
R_XYYWZaTga3BEXdL,after,identified_regulation,8,3
R_XYYWZaTga3BEXdL,after,identified_regulation,9,4
R_XYYWZaTga3BEXdL,after,introjected_regulation,10,2
R_XYYWZaTga3BEXdL,after,introjected_regulation,11,3
R_XYYWZaTga3BEXdL,after,introjected_regulation,12,1
R_XYYWZaTga3BEXdL,after,external_regulation,13,3
R_XYYWZaTga3BEXdL,after,external_regulation,14,3
R_XYYWZaTga3BEXdL,after,external_regulation,15,4
R_XYYWZaTga3BEXdL,after,amotivation,16,1
R_XYYWZaTga3BEXdL,after,amotivation,17,1
R_XYYWZaTga3BEXdL,after,amotivation,18,1
R_31BhgcJAtt4udIx,before,instrinsic_motivation,1,6
R_31BhgcJAtt4udIx,before,instrinsic_motivation,2,6
R_31BhgcJAtt4udIx,before,instrinsic_motivation,3,6
R_31BhgcJAtt4udIx,before,integrated_regulation,4,6
R_31BhgcJAtt4udIx,before,integrated_regulation,5,6
R_31BhgcJAtt4udIx,before,integrated_regulation,6,6
R_31BhgcJAtt4udIx,before,identified_regulation,7,6
R_31BhgcJAtt4udIx,before,identified_regulation,8,5
R_31BhgcJAtt4udIx,before,identified_regulation,9,6
R_31BhgcJAtt4udIx,before,introjected_regulation,10,4
R_31BhgcJAtt4udIx,before,introjected_regulation,11,5
R_31BhgcJAtt4udIx,before,introjected_regulation,12,3
R_31BhgcJAtt4udIx,before,external_regulation,13,6
R_31BhgcJAtt4udIx,before,external_regulation,14,6
R_31BhgcJAtt4udIx,before,external_regulation,15,6
R_31BhgcJAtt4udIx,before,amotivation,16,6
R_31BhgcJAtt4udIx,before,amotivation,17,2
R_31BhgcJAtt4udIx,before,amotivation,18,1
R_31BhgcJAtt4udIx,after,instrinsic_motivation,1,6
R_31BhgcJAtt4udIx,after,instrinsic_motivation,2,6
R_31BhgcJAtt4udIx,after,instrinsic_motivation,3,6
R_31BhgcJAtt4udIx,after,integrated_regulation,4,6
R_31BhgcJAtt4udIx,after,integrated_regulation,5,6
R_31BhgcJAtt4udIx,after,integrated_regulation,6,6
R_31BhgcJAtt4udIx,after,identified_regulation,7,6
R_31BhgcJAtt4udIx,after,identified_regulation,8,6
R_31BhgcJAtt4udIx,after,identified_regulation,9,6
R_31BhgcJAtt4udIx,after,introjected_regulation,10,6
R_31BhgcJAtt4udIx,after,introjected_regulation,11,6
R_31BhgcJAtt4udIx,after,introjected_regulation,12,6
R_31BhgcJAtt4udIx,after,external_regulation,13,6
R_31BhgcJAtt4udIx,after,external_regulation,14,6
R_31BhgcJAtt4udIx,after,external_regulation,15,6
R_31BhgcJAtt4udIx,after,amotivation,16,1
R_31BhgcJAtt4udIx,after,amotivation,17,1
R_31BhgcJAtt4udIx,after,amotivation,18,1
R_O22BvtbesSiM9H3,before,instrinsic_motivation,1,5
R_O22BvtbesSiM9H3,before,instrinsic_motivation,2,4
R_O22BvtbesSiM9H3,before,instrinsic_motivation,3,5
R_O22BvtbesSiM9H3,before,integrated_regulation,4,4
R_O22BvtbesSiM9H3,before,integrated_regulation,5,4
R_O22BvtbesSiM9H3,before,integrated_regulation,6,3
R_O22BvtbesSiM9H3,before,identified_regulation,7,4
R_O22BvtbesSiM9H3,before,identified_regulation,8,4
R_O22BvtbesSiM9H3,before,identified_regulation,9,5
R_O22BvtbesSiM9H3,before,introjected_regulation,10,6
R_O22BvtbesSiM9H3,before,introjected_regulation,11,5
R_O22BvtbesSiM9H3,before,introjected_regulation,12,5
R_O22BvtbesSiM9H3,before,external_regulation,13,5
R_O22BvtbesSiM9H3,before,external_regulation,14,6
R_O22BvtbesSiM9H3,before,external_regulation,15,6
R_O22BvtbesSiM9H3,before,amotivation,16,4
R_O22BvtbesSiM9H3,before,amotivation,17,4
R_O22BvtbesSiM9H3,before,amotivation,18,4
R_O22BvtbesSiM9H3,after,instrinsic_motivation,1,4
R_O22BvtbesSiM9H3,after,instrinsic_motivation,2,4
R_O22BvtbesSiM9H3,after,instrinsic_motivation,3,4
R_O22BvtbesSiM9H3,after,integrated_regulation,4,3
R_O22BvtbesSiM9H3,after,integrated_regulation,5,5
R_O22BvtbesSiM9H3,after,integrated_regulation,6,3
R_O22BvtbesSiM9H3,after,identified_regulation,7,3
R_O22BvtbesSiM9H3,after,identified_regulation,8,4
R_O22BvtbesSiM9H3,after,identified_regulation,9,4
R_O22BvtbesSiM9H3,after,introjected_regulation,10,6
R_O22BvtbesSiM9H3,after,introjected_regulation,11,5
R_O22BvtbesSiM9H3,after,introjected_regulation,12,6
R_O22BvtbesSiM9H3,after,external_regulation,13,4
R_O22BvtbesSiM9H3,after,external_regulation,14,5
R_O22BvtbesSiM9H3,after,external_regulation,15,6
R_O22BvtbesSiM9H3,after,amotivation,16,5
R_O22BvtbesSiM9H3,after,amotivation,17,5
R_O22BvtbesSiM9H3,after,amotivation,18,4
R_22Q9Iw4NYMriVYz,before,instrinsic_motivation,1,6
R_22Q9Iw4NYMriVYz,before,instrinsic_motivation,2,1
R_22Q9Iw4NYMriVYz,before,instrinsic_motivation,3,3
R_22Q9Iw4NYMriVYz,before,integrated_regulation,4,2
R_22Q9Iw4NYMriVYz,before,integrated_regulation,5,4
R_22Q9Iw4NYMriVYz,before,integrated_regulation,6,3
R_22Q9Iw4NYMriVYz,before,identified_regulation,7,2
R_22Q9Iw4NYMriVYz,before,identified_regulation,8,2
R_22Q9Iw4NYMriVYz,before,identified_regulation,9,2
R_22Q9Iw4NYMriVYz,before,introjected_regulation,10,2
R_22Q9Iw4NYMriVYz,before,introjected_regulation,11,1
R_22Q9Iw4NYMriVYz,before,introjected_regulation,12,1
R_22Q9Iw4NYMriVYz,before,external_regulation,13,2
R_22Q9Iw4NYMriVYz,before,external_regulation,14,2
R_22Q9Iw4NYMriVYz,before,external_regulation,15,4
R_22Q9Iw4NYMriVYz,before,amotivation,16,1
R_22Q9Iw4NYMriVYz,before,amotivation,17,1
R_22Q9Iw4NYMriVYz,before,amotivation,18,1
R_22Q9Iw4NYMriVYz,after,instrinsic_motivation,1,4
R_22Q9Iw4NYMriVYz,after,instrinsic_motivation,2,1
R_22Q9Iw4NYMriVYz,after,instrinsic_motivation,3,2
R_22Q9Iw4NYMriVYz,after,integrated_regulation,4,2
R_22Q9Iw4NYMriVYz,after,integrated_regulation,5,4
R_22Q9Iw4NYMriVYz,after,integrated_regulation,6,2
R_22Q9Iw4NYMriVYz,after,identified_regulation,7,2
R_22Q9Iw4NYMriVYz,after,identified_regulation,8,2
R_22Q9Iw4NYMriVYz,after,identified_regulation,9,2
R_22Q9Iw4NYMriVYz,after,introjected_regulation,10,1
R_22Q9Iw4NYMriVYz,after,introjected_regulation,11,1
R_22Q9Iw4NYMriVYz,after,introjected_regulation,12,1
R_22Q9Iw4NYMriVYz,after,external_regulation,13,1
R_22Q9Iw4NYMriVYz,after,external_regulation,14,2
R_22Q9Iw4NYMriVYz,after,external_regulation,15,3
R_22Q9Iw4NYMriVYz,after,amotivation,16,1
R_22Q9Iw4NYMriVYz,after,amotivation,17,1
R_22Q9Iw4NYMriVYz,after,amotivation,18,1
R_V213xJcCci8mpHj,before,instrinsic_motivation,1,5
R_V213xJcCci8mpHj,before,instrinsic_motivation,2,4
R_V213xJcCci8mpHj,before,instrinsic_motivation,3,5
R_V213xJcCci8mpHj,before,integrated_regulation,4,5
R_V213xJcCci8mpHj,before,integrated_regulation,5,4
R_V213xJcCci8mpHj,before,integrated_regulation,6,3
R_V213xJcCci8mpHj,before,identified_regulation,7,2
R_V213xJcCci8mpHj,before,identified_regulation,8,3
R_V213xJcCci8mpHj,before,identified_regulation,9,5
R_V213xJcCci8mpHj,before,introjected_regulation,10,4
R_V213xJcCci8mpHj,before,introjected_regulation,11,1
R_V213xJcCci8mpHj,before,introjected_regulation,12,1
R_V213xJcCci8mpHj,before,external_regulation,13,5
R_V213xJcCci8mpHj,before,external_regulation,14,3
R_V213xJcCci8mpHj,before,external_regulation,15,5
R_V213xJcCci8mpHj,before,amotivation,16,1
R_V213xJcCci8mpHj,before,amotivation,17,1
R_V213xJcCci8mpHj,before,amotivation,18,1
R_V213xJcCci8mpHj,after,instrinsic_motivation,1,3
R_V213xJcCci8mpHj,after,instrinsic_motivation,2,4
R_V213xJcCci8mpHj,after,instrinsic_motivation,3,5
R_V213xJcCci8mpHj,after,integrated_regulation,4,5
R_V213xJcCci8mpHj,after,integrated_regulation,5,4
R_V213xJcCci8mpHj,after,integrated_regulation,6,2
R_V213xJcCci8mpHj,after,identified_regulation,7,3
R_V213xJcCci8mpHj,after,identified_regulation,8,5
R_V213xJcCci8mpHj,after,identified_regulation,9,5
R_V213xJcCci8mpHj,after,introjected_regulation,10,2
R_V213xJcCci8mpHj,after,introjected_regulation,11,1
R_V213xJcCci8mpHj,after,introjected_regulation,12,2
R_V213xJcCci8mpHj,after,external_regulation,13,3
R_V213xJcCci8mpHj,after,external_regulation,14,4
R_V213xJcCci8mpHj,after,external_regulation,15,4
R_V213xJcCci8mpHj,after,amotivation,16,1
R_V213xJcCci8mpHj,after,amotivation,17,1
R_V213xJcCci8mpHj,after,amotivation,18,1
R_3QM1yoXPn1WIPIp,before,instrinsic_motivation,1,NA
R_3QM1yoXPn1WIPIp,before,instrinsic_motivation,2,NA
R_3QM1yoXPn1WIPIp,before,instrinsic_motivation,3,NA
R_3QM1yoXPn1WIPIp,before,integrated_regulation,4,NA
R_3QM1yoXPn1WIPIp,before,integrated_regulation,5,NA
R_3QM1yoXPn1WIPIp,before,integrated_regulation,6,NA
R_3QM1yoXPn1WIPIp,before,identified_regulation,7,NA
R_3QM1yoXPn1WIPIp,before,identified_regulation,8,NA
R_3QM1yoXPn1WIPIp,before,identified_regulation,9,NA
R_3QM1yoXPn1WIPIp,before,introjected_regulation,10,NA
R_3QM1yoXPn1WIPIp,before,introjected_regulation,11,NA
R_3QM1yoXPn1WIPIp,before,introjected_regulation,12,NA
R_3QM1yoXPn1WIPIp,before,external_regulation,13,NA
R_3QM1yoXPn1WIPIp,before,external_regulation,14,NA
R_3QM1yoXPn1WIPIp,before,external_regulation,15,NA
R_3QM1yoXPn1WIPIp,before,amotivation,16,NA
R_3QM1yoXPn1WIPIp,before,amotivation,17,NA
R_3QM1yoXPn1WIPIp,before,amotivation,18,NA
R_3QM1yoXPn1WIPIp,after,instrinsic_motivation,1,NA
R_3QM1yoXPn1WIPIp,after,instrinsic_motivation,2,NA
R_3QM1yoXPn1WIPIp,after,instrinsic_motivation,3,NA
R_3QM1yoXPn1WIPIp,after,integrated_regulation,4,NA
R_3QM1yoXPn1WIPIp,after,integrated_regulation,5,NA
R_3QM1yoXPn1WIPIp,after,integrated_regulation,6,NA
R_3QM1yoXPn1WIPIp,after,identified_regulation,7,NA
R_3QM1yoXPn1WIPIp,after,identified_regulation,8,NA
R_3QM1yoXPn1WIPIp,after,identified_regulation,9,NA
R_3QM1yoXPn1WIPIp,after,introjected_regulation,10,NA
R_3QM1yoXPn1WIPIp,after,introjected_regulation,11,NA
R_3QM1yoXPn1WIPIp,after,introjected_regulation,12,NA
R_3QM1yoXPn1WIPIp,after,external_regulation,13,NA
R_3QM1yoXPn1WIPIp,after,external_regulation,14,NA
R_3QM1yoXPn1WIPIp,after,external_regulation,15,NA
R_3QM1yoXPn1WIPIp,after,amotivation,16,NA
R_3QM1yoXPn1WIPIp,after,amotivation,17,NA
R_3QM1yoXPn1WIPIp,after,amotivation,18,NA
R_O9VAqYUDUshWv73,before,instrinsic_motivation,1,NA
R_O9VAqYUDUshWv73,before,instrinsic_motivation,2,NA
R_O9VAqYUDUshWv73,before,instrinsic_motivation,3,NA
R_O9VAqYUDUshWv73,before,integrated_regulation,4,NA
R_O9VAqYUDUshWv73,before,integrated_regulation,5,NA
R_O9VAqYUDUshWv73,before,integrated_regulation,6,NA
R_O9VAqYUDUshWv73,before,identified_regulation,7,NA
R_O9VAqYUDUshWv73,before,identified_regulation,8,NA
R_O9VAqYUDUshWv73,before,identified_regulation,9,NA
R_O9VAqYUDUshWv73,before,introjected_regulation,10,NA
R_O9VAqYUDUshWv73,before,introjected_regulation,11,NA
R_O9VAqYUDUshWv73,before,introjected_regulation,12,NA
R_O9VAqYUDUshWv73,before,external_regulation,13,NA
R_O9VAqYUDUshWv73,before,external_regulation,14,NA
R_O9VAqYUDUshWv73,before,external_regulation,15,NA
R_O9VAqYUDUshWv73,before,amotivation,16,NA
R_O9VAqYUDUshWv73,before,amotivation,17,NA
R_O9VAqYUDUshWv73,before,amotivation,18,NA
R_O9VAqYUDUshWv73,after,instrinsic_motivation,1,NA
R_O9VAqYUDUshWv73,after,instrinsic_motivation,2,NA
R_O9VAqYUDUshWv73,after,instrinsic_motivation,3,NA
R_O9VAqYUDUshWv73,after,integrated_regulation,4,NA
R_O9VAqYUDUshWv73,after,integrated_regulation,5,NA
R_O9VAqYUDUshWv73,after,integrated_regulation,6,NA
R_O9VAqYUDUshWv73,after,identified_regulation,7,NA
R_O9VAqYUDUshWv73,after,identified_regulation,8,NA
R_O9VAqYUDUshWv73,after,identified_regulation,9,NA
R_O9VAqYUDUshWv73,after,introjected_regulation,10,NA
R_O9VAqYUDUshWv73,after,introjected_regulation,11,NA
R_O9VAqYUDUshWv73,after,introjected_regulation,12,NA
R_O9VAqYUDUshWv73,after,external_regulation,13,NA
R_O9VAqYUDUshWv73,after,external_regulation,14,NA
R_O9VAqYUDUshWv73,after,external_regulation,15,NA
R_O9VAqYUDUshWv73,after,amotivation,16,NA
R_O9VAqYUDUshWv73,after,amotivation,17,NA
R_O9VAqYUDUshWv73,after,amotivation,18,NA
R_2ANDY1UL9QHh0bt,before,instrinsic_motivation,1,5
R_2ANDY1UL9QHh0bt,before,instrinsic_motivation,2,5
R_2ANDY1UL9QHh0bt,before,instrinsic_motivation,3,4
R_2ANDY1UL9QHh0bt,before,integrated_regulation,4,3
R_2ANDY1UL9QHh0bt,before,integrated_regulation,5,3
R_2ANDY1UL9QHh0bt,before,integrated_regulation,6,4
R_2ANDY1UL9QHh0bt,before,identified_regulation,7,3
R_2ANDY1UL9QHh0bt,before,identified_regulation,8,3
R_2ANDY1UL9QHh0bt,before,identified_regulation,9,4
R_2ANDY1UL9QHh0bt,before,introjected_regulation,10,3
R_2ANDY1UL9QHh0bt,before,introjected_regulation,11,3
R_2ANDY1UL9QHh0bt,before,introjected_regulation,12,1
R_2ANDY1UL9QHh0bt,before,external_regulation,13,4
R_2ANDY1UL9QHh0bt,before,external_regulation,14,4
R_2ANDY1UL9QHh0bt,before,external_regulation,15,4
R_2ANDY1UL9QHh0bt,before,amotivation,16,3
R_2ANDY1UL9QHh0bt,before,amotivation,17,3
R_2ANDY1UL9QHh0bt,before,amotivation,18,1
R_2ANDY1UL9QHh0bt,after,instrinsic_motivation,1,5
R_2ANDY1UL9QHh0bt,after,instrinsic_motivation,2,5
R_2ANDY1UL9QHh0bt,after,instrinsic_motivation,3,4
R_2ANDY1UL9QHh0bt,after,integrated_regulation,4,2
R_2ANDY1UL9QHh0bt,after,integrated_regulation,5,2
R_2ANDY1UL9QHh0bt,after,integrated_regulation,6,4
R_2ANDY1UL9QHh0bt,after,identified_regulation,7,3
R_2ANDY1UL9QHh0bt,after,identified_regulation,8,3
R_2ANDY1UL9QHh0bt,after,identified_regulation,9,5
R_2ANDY1UL9QHh0bt,after,introjected_regulation,10,3
R_2ANDY1UL9QHh0bt,after,introjected_regulation,11,1
R_2ANDY1UL9QHh0bt,after,introjected_regulation,12,1
R_2ANDY1UL9QHh0bt,after,external_regulation,13,4
R_2ANDY1UL9QHh0bt,after,external_regulation,14,4
R_2ANDY1UL9QHh0bt,after,external_regulation,15,4
R_2ANDY1UL9QHh0bt,after,amotivation,16,1
R_2ANDY1UL9QHh0bt,after,amotivation,17,1
R_2ANDY1UL9QHh0bt,after,amotivation,18,1
R_3PNeMMqpSuzFgK6,before,instrinsic_motivation,1,6
R_3PNeMMqpSuzFgK6,before,instrinsic_motivation,2,4
R_3PNeMMqpSuzFgK6,before,instrinsic_motivation,3,3
R_3PNeMMqpSuzFgK6,before,integrated_regulation,4,2
R_3PNeMMqpSuzFgK6,before,integrated_regulation,5,3
R_3PNeMMqpSuzFgK6,before,integrated_regulation,6,2
R_3PNeMMqpSuzFgK6,before,identified_regulation,7,2
R_3PNeMMqpSuzFgK6,before,identified_regulation,8,2
R_3PNeMMqpSuzFgK6,before,identified_regulation,9,3
R_3PNeMMqpSuzFgK6,before,introjected_regulation,10,1
R_3PNeMMqpSuzFgK6,before,introjected_regulation,11,1
R_3PNeMMqpSuzFgK6,before,introjected_regulation,12,1
R_3PNeMMqpSuzFgK6,before,external_regulation,13,3
R_3PNeMMqpSuzFgK6,before,external_regulation,14,2
R_3PNeMMqpSuzFgK6,before,external_regulation,15,3
R_3PNeMMqpSuzFgK6,before,amotivation,16,1
R_3PNeMMqpSuzFgK6,before,amotivation,17,1
R_3PNeMMqpSuzFgK6,before,amotivation,18,1
R_3PNeMMqpSuzFgK6,after,instrinsic_motivation,1,4
R_3PNeMMqpSuzFgK6,after,instrinsic_motivation,2,2
R_3PNeMMqpSuzFgK6,after,instrinsic_motivation,3,4
R_3PNeMMqpSuzFgK6,after,integrated_regulation,4,3
R_3PNeMMqpSuzFgK6,after,integrated_regulation,5,3
R_3PNeMMqpSuzFgK6,after,integrated_regulation,6,3
R_3PNeMMqpSuzFgK6,after,identified_regulation,7,2
R_3PNeMMqpSuzFgK6,after,identified_regulation,8,2
R_3PNeMMqpSuzFgK6,after,identified_regulation,9,3
R_3PNeMMqpSuzFgK6,after,introjected_regulation,10,2
R_3PNeMMqpSuzFgK6,after,introjected_regulation,11,2
R_3PNeMMqpSuzFgK6,after,introjected_regulation,12,2
R_3PNeMMqpSuzFgK6,after,external_regulation,13,4
R_3PNeMMqpSuzFgK6,after,external_regulation,14,2
R_3PNeMMqpSuzFgK6,after,external_regulation,15,3
R_3PNeMMqpSuzFgK6,after,amotivation,16,1
R_3PNeMMqpSuzFgK6,after,amotivation,17,1
R_3PNeMMqpSuzFgK6,after,amotivation,18,1
R_2fjoBMWdN1ICH1c,before,instrinsic_motivation,1,NA
R_2fjoBMWdN1ICH1c,before,instrinsic_motivation,2,NA
R_2fjoBMWdN1ICH1c,before,instrinsic_motivation,3,NA
R_2fjoBMWdN1ICH1c,before,integrated_regulation,4,NA
R_2fjoBMWdN1ICH1c,before,integrated_regulation,5,NA
R_2fjoBMWdN1ICH1c,before,integrated_regulation,6,NA
R_2fjoBMWdN1ICH1c,before,identified_regulation,7,NA
R_2fjoBMWdN1ICH1c,before,identified_regulation,8,NA
R_2fjoBMWdN1ICH1c,before,identified_regulation,9,NA
R_2fjoBMWdN1ICH1c,before,introjected_regulation,10,NA
R_2fjoBMWdN1ICH1c,before,introjected_regulation,11,NA
R_2fjoBMWdN1ICH1c,before,introjected_regulation,12,NA
R_2fjoBMWdN1ICH1c,before,external_regulation,13,NA
R_2fjoBMWdN1ICH1c,before,external_regulation,14,NA
R_2fjoBMWdN1ICH1c,before,external_regulation,15,NA
R_2fjoBMWdN1ICH1c,before,amotivation,16,NA
R_2fjoBMWdN1ICH1c,before,amotivation,17,NA
R_2fjoBMWdN1ICH1c,before,amotivation,18,NA
R_2fjoBMWdN1ICH1c,after,instrinsic_motivation,1,NA
R_2fjoBMWdN1ICH1c,after,instrinsic_motivation,2,NA
R_2fjoBMWdN1ICH1c,after,instrinsic_motivation,3,NA
R_2fjoBMWdN1ICH1c,after,integrated_regulation,4,NA
R_2fjoBMWdN1ICH1c,after,integrated_regulation,5,NA
R_2fjoBMWdN1ICH1c,after,integrated_regulation,6,NA
R_2fjoBMWdN1ICH1c,after,identified_regulation,7,NA
R_2fjoBMWdN1ICH1c,after,identified_regulation,8,NA
R_2fjoBMWdN1ICH1c,after,identified_regulation,9,NA
R_2fjoBMWdN1ICH1c,after,introjected_regulation,10,NA
R_2fjoBMWdN1ICH1c,after,introjected_regulation,11,NA
R_2fjoBMWdN1ICH1c,after,introjected_regulation,12,NA
R_2fjoBMWdN1ICH1c,after,external_regulation,13,NA
R_2fjoBMWdN1ICH1c,after,external_regulation,14,NA
R_2fjoBMWdN1ICH1c,after,external_regulation,15,NA
R_2fjoBMWdN1ICH1c,after,amotivation,16,NA
R_2fjoBMWdN1ICH1c,after,amotivation,17,NA
R_2fjoBMWdN1ICH1c,after,amotivation,18,NA
R_p59dkfQNljmhosh,before,instrinsic_motivation,1,NA
R_p59dkfQNljmhosh,before,instrinsic_motivation,2,NA
R_p59dkfQNljmhosh,before,instrinsic_motivation,3,NA
R_p59dkfQNljmhosh,before,integrated_regulation,4,NA
R_p59dkfQNljmhosh,before,integrated_regulation,5,NA
R_p59dkfQNljmhosh,before,integrated_regulation,6,NA
R_p59dkfQNljmhosh,before,identified_regulation,7,NA
R_p59dkfQNljmhosh,before,identified_regulation,8,NA
R_p59dkfQNljmhosh,before,identified_regulation,9,NA
R_p59dkfQNljmhosh,before,introjected_regulation,10,NA
R_p59dkfQNljmhosh,before,introjected_regulation,11,NA
R_p59dkfQNljmhosh,before,introjected_regulation,12,NA
R_p59dkfQNljmhosh,before,external_regulation,13,NA
R_p59dkfQNljmhosh,before,external_regulation,14,NA
R_p59dkfQNljmhosh,before,external_regulation,15,NA
R_p59dkfQNljmhosh,before,amotivation,16,NA
R_p59dkfQNljmhosh,before,amotivation,17,NA
R_p59dkfQNljmhosh,before,amotivation,18,NA
R_p59dkfQNljmhosh,after,instrinsic_motivation,1,NA
R_p59dkfQNljmhosh,after,instrinsic_motivation,2,NA
R_p59dkfQNljmhosh,after,instrinsic_motivation,3,NA
R_p59dkfQNljmhosh,after,integrated_regulation,4,NA
R_p59dkfQNljmhosh,after,integrated_regulation,5,NA
R_p59dkfQNljmhosh,after,integrated_regulation,6,NA
R_p59dkfQNljmhosh,after,identified_regulation,7,NA
R_p59dkfQNljmhosh,after,identified_regulation,8,NA
R_p59dkfQNljmhosh,after,identified_regulation,9,NA
R_p59dkfQNljmhosh,after,introjected_regulation,10,NA
R_p59dkfQNljmhosh,after,introjected_regulation,11,NA
R_p59dkfQNljmhosh,after,introjected_regulation,12,NA
R_p59dkfQNljmhosh,after,external_regulation,13,NA
R_p59dkfQNljmhosh,after,external_regulation,14,NA
R_p59dkfQNljmhosh,after,external_regulation,15,NA
R_p59dkfQNljmhosh,after,amotivation,16,NA
R_p59dkfQNljmhosh,after,amotivation,17,NA
R_p59dkfQNljmhosh,after,amotivation,18,NA
R_6nxz0eKfNc1cdKF,before,instrinsic_motivation,1,4
R_6nxz0eKfNc1cdKF,before,instrinsic_motivation,2,1
R_6nxz0eKfNc1cdKF,before,instrinsic_motivation,3,2
R_6nxz0eKfNc1cdKF,before,integrated_regulation,4,3
R_6nxz0eKfNc1cdKF,before,integrated_regulation,5,2
R_6nxz0eKfNc1cdKF,before,integrated_regulation,6,2
R_6nxz0eKfNc1cdKF,before,identified_regulation,7,3
R_6nxz0eKfNc1cdKF,before,identified_regulation,8,3
R_6nxz0eKfNc1cdKF,before,identified_regulation,9,1
R_6nxz0eKfNc1cdKF,before,introjected_regulation,10,1
R_6nxz0eKfNc1cdKF,before,introjected_regulation,11,1
R_6nxz0eKfNc1cdKF,before,introjected_regulation,12,1
R_6nxz0eKfNc1cdKF,before,external_regulation,13,1
R_6nxz0eKfNc1cdKF,before,external_regulation,14,4
R_6nxz0eKfNc1cdKF,before,external_regulation,15,1
R_6nxz0eKfNc1cdKF,before,amotivation,16,4
R_6nxz0eKfNc1cdKF,before,amotivation,17,3
R_6nxz0eKfNc1cdKF,before,amotivation,18,3
R_6nxz0eKfNc1cdKF,after,instrinsic_motivation,1,6
R_6nxz0eKfNc1cdKF,after,instrinsic_motivation,2,5
R_6nxz0eKfNc1cdKF,after,instrinsic_motivation,3,5
R_6nxz0eKfNc1cdKF,after,integrated_regulation,4,4
R_6nxz0eKfNc1cdKF,after,integrated_regulation,5,2
R_6nxz0eKfNc1cdKF,after,integrated_regulation,6,3
R_6nxz0eKfNc1cdKF,after,identified_regulation,7,4
R_6nxz0eKfNc1cdKF,after,identified_regulation,8,4
R_6nxz0eKfNc1cdKF,after,identified_regulation,9,3
R_6nxz0eKfNc1cdKF,after,introjected_regulation,10,3
R_6nxz0eKfNc1cdKF,after,introjected_regulation,11,4
R_6nxz0eKfNc1cdKF,after,introjected_regulation,12,3
R_6nxz0eKfNc1cdKF,after,external_regulation,13,2
R_6nxz0eKfNc1cdKF,after,external_regulation,14,5
R_6nxz0eKfNc1cdKF,after,external_regulation,15,2
R_6nxz0eKfNc1cdKF,after,amotivation,16,3
R_6nxz0eKfNc1cdKF,after,amotivation,17,2
R_6nxz0eKfNc1cdKF,after,amotivation,18,2
R_1Ghi9cuDLyS5Fvj,before,instrinsic_motivation,1,4
R_1Ghi9cuDLyS5Fvj,before,instrinsic_motivation,2,2
R_1Ghi9cuDLyS5Fvj,before,instrinsic_motivation,3,2
R_1Ghi9cuDLyS5Fvj,before,integrated_regulation,4,2
R_1Ghi9cuDLyS5Fvj,before,integrated_regulation,5,2
R_1Ghi9cuDLyS5Fvj,before,integrated_regulation,6,1
R_1Ghi9cuDLyS5Fvj,before,identified_regulation,7,1
R_1Ghi9cuDLyS5Fvj,before,identified_regulation,8,1
R_1Ghi9cuDLyS5Fvj,before,identified_regulation,9,4
R_1Ghi9cuDLyS5Fvj,before,introjected_regulation,10,1
R_1Ghi9cuDLyS5Fvj,before,introjected_regulation,11,1
R_1Ghi9cuDLyS5Fvj,before,introjected_regulation,12,2
R_1Ghi9cuDLyS5Fvj,before,external_regulation,13,2
R_1Ghi9cuDLyS5Fvj,before,external_regulation,14,2
R_1Ghi9cuDLyS5Fvj,before,external_regulation,15,3
R_1Ghi9cuDLyS5Fvj,before,amotivation,16,5
R_1Ghi9cuDLyS5Fvj,before,amotivation,17,4
R_1Ghi9cuDLyS5Fvj,before,amotivation,18,4
R_1Ghi9cuDLyS5Fvj,after,instrinsic_motivation,1,4
R_1Ghi9cuDLyS5Fvj,after,instrinsic_motivation,2,2
R_1Ghi9cuDLyS5Fvj,after,instrinsic_motivation,3,2
R_1Ghi9cuDLyS5Fvj,after,integrated_regulation,4,2
R_1Ghi9cuDLyS5Fvj,after,integrated_regulation,5,2
R_1Ghi9cuDLyS5Fvj,after,integrated_regulation,6,2
R_1Ghi9cuDLyS5Fvj,after,identified_regulation,7,2
R_1Ghi9cuDLyS5Fvj,after,identified_regulation,8,2
R_1Ghi9cuDLyS5Fvj,after,identified_regulation,9,4
R_1Ghi9cuDLyS5Fvj,after,introjected_regulation,10,2
R_1Ghi9cuDLyS5Fvj,after,introjected_regulation,11,1
R_1Ghi9cuDLyS5Fvj,after,introjected_regulation,12,1
R_1Ghi9cuDLyS5Fvj,after,external_regulation,13,3
R_1Ghi9cuDLyS5Fvj,after,external_regulation,14,1
R_1Ghi9cuDLyS5Fvj,after,external_regulation,15,3
R_1Ghi9cuDLyS5Fvj,after,amotivation,16,3
R_1Ghi9cuDLyS5Fvj,after,amotivation,17,3
R_1Ghi9cuDLyS5Fvj,after,amotivation,18,3
R_2ri38po4P4fnJtK,before,instrinsic_motivation,1,6
R_2ri38po4P4fnJtK,before,instrinsic_motivation,2,6
R_2ri38po4P4fnJtK,before,instrinsic_motivation,3,6
R_2ri38po4P4fnJtK,before,integrated_regulation,4,1
R_2ri38po4P4fnJtK,before,integrated_regulation,5,1
R_2ri38po4P4fnJtK,before,integrated_regulation,6,1
R_2ri38po4P4fnJtK,before,identified_regulation,7,1
R_2ri38po4P4fnJtK,before,identified_regulation,8,3
R_2ri38po4P4fnJtK,before,identified_regulation,9,3
R_2ri38po4P4fnJtK,before,introjected_regulation,10,1
R_2ri38po4P4fnJtK,before,introjected_regulation,11,1
R_2ri38po4P4fnJtK,before,introjected_regulation,12,1
R_2ri38po4P4fnJtK,before,external_regulation,13,1
R_2ri38po4P4fnJtK,before,external_regulation,14,6
R_2ri38po4P4fnJtK,before,external_regulation,15,1
R_2ri38po4P4fnJtK,before,amotivation,16,1
R_2ri38po4P4fnJtK,before,amotivation,17,1
R_2ri38po4P4fnJtK,before,amotivation,18,6
R_2ri38po4P4fnJtK,after,instrinsic_motivation,1,1
R_2ri38po4P4fnJtK,after,instrinsic_motivation,2,1
R_2ri38po4P4fnJtK,after,instrinsic_motivation,3,1
R_2ri38po4P4fnJtK,after,integrated_regulation,4,1
R_2ri38po4P4fnJtK,after,integrated_regulation,5,1
R_2ri38po4P4fnJtK,after,integrated_regulation,6,1
R_2ri38po4P4fnJtK,after,identified_regulation,7,1
R_2ri38po4P4fnJtK,after,identified_regulation,8,1
R_2ri38po4P4fnJtK,after,identified_regulation,9,1
R_2ri38po4P4fnJtK,after,introjected_regulation,10,1
R_2ri38po4P4fnJtK,after,introjected_regulation,11,1
R_2ri38po4P4fnJtK,after,introjected_regulation,12,1
R_2ri38po4P4fnJtK,after,external_regulation,13,6
R_2ri38po4P4fnJtK,after,external_regulation,14,1
R_2ri38po4P4fnJtK,after,external_regulation,15,6
R_2ri38po4P4fnJtK,after,amotivation,16,4
R_2ri38po4P4fnJtK,after,amotivation,17,1
R_2ri38po4P4fnJtK,after,amotivation,18,6
R_zSuKsNMuq2O2oA9,before,instrinsic_motivation,1,6
R_zSuKsNMuq2O2oA9,before,instrinsic_motivation,2,4
R_zSuKsNMuq2O2oA9,before,instrinsic_motivation,3,4
R_zSuKsNMuq2O2oA9,before,integrated_regulation,4,4
R_zSuKsNMuq2O2oA9,before,integrated_regulation,5,4
R_zSuKsNMuq2O2oA9,before,integrated_regulation,6,4
R_zSuKsNMuq2O2oA9,before,identified_regulation,7,4
R_zSuKsNMuq2O2oA9,before,identified_regulation,8,3
R_zSuKsNMuq2O2oA9,before,identified_regulation,9,4
R_zSuKsNMuq2O2oA9,before,introjected_regulation,10,2
R_zSuKsNMuq2O2oA9,before,introjected_regulation,11,3
R_zSuKsNMuq2O2oA9,before,introjected_regulation,12,1
R_zSuKsNMuq2O2oA9,before,external_regulation,13,3
R_zSuKsNMuq2O2oA9,before,external_regulation,14,1
R_zSuKsNMuq2O2oA9,before,external_regulation,15,1
R_zSuKsNMuq2O2oA9,before,amotivation,16,1
R_zSuKsNMuq2O2oA9,before,amotivation,17,1
R_zSuKsNMuq2O2oA9,before,amotivation,18,1
R_zSuKsNMuq2O2oA9,after,instrinsic_motivation,1,6
R_zSuKsNMuq2O2oA9,after,instrinsic_motivation,2,4
R_zSuKsNMuq2O2oA9,after,instrinsic_motivation,3,4
R_zSuKsNMuq2O2oA9,after,integrated_regulation,4,3
R_zSuKsNMuq2O2oA9,after,integrated_regulation,5,3
R_zSuKsNMuq2O2oA9,after,integrated_regulation,6,3
R_zSuKsNMuq2O2oA9,after,identified_regulation,7,3
R_zSuKsNMuq2O2oA9,after,identified_regulation,8,3
R_zSuKsNMuq2O2oA9,after,identified_regulation,9,3
R_zSuKsNMuq2O2oA9,after,introjected_regulation,10,1
R_zSuKsNMuq2O2oA9,after,introjected_regulation,11,1
R_zSuKsNMuq2O2oA9,after,introjected_regulation,12,1
R_zSuKsNMuq2O2oA9,after,external_regulation,13,1
R_zSuKsNMuq2O2oA9,after,external_regulation,14,1
R_zSuKsNMuq2O2oA9,after,external_regulation,15,1
R_zSuKsNMuq2O2oA9,after,amotivation,16,1
R_zSuKsNMuq2O2oA9,after,amotivation,17,1
R_zSuKsNMuq2O2oA9,after,amotivation,18,1
R_2Y3vSpPmQtCUg27,before,instrinsic_motivation,1,6
R_2Y3vSpPmQtCUg27,before,instrinsic_motivation,2,6
R_2Y3vSpPmQtCUg27,before,instrinsic_motivation,3,6
R_2Y3vSpPmQtCUg27,before,integrated_regulation,4,6
R_2Y3vSpPmQtCUg27,before,integrated_regulation,5,6
R_2Y3vSpPmQtCUg27,before,integrated_regulation,6,1
R_2Y3vSpPmQtCUg27,before,identified_regulation,7,4
R_2Y3vSpPmQtCUg27,before,identified_regulation,8,4
R_2Y3vSpPmQtCUg27,before,identified_regulation,9,6
R_2Y3vSpPmQtCUg27,before,introjected_regulation,10,5
R_2Y3vSpPmQtCUg27,before,introjected_regulation,11,1
R_2Y3vSpPmQtCUg27,before,introjected_regulation,12,1
R_2Y3vSpPmQtCUg27,before,external_regulation,13,1
R_2Y3vSpPmQtCUg27,before,external_regulation,14,1
R_2Y3vSpPmQtCUg27,before,external_regulation,15,2
R_2Y3vSpPmQtCUg27,before,amotivation,16,1
R_2Y3vSpPmQtCUg27,before,amotivation,17,1
R_2Y3vSpPmQtCUg27,before,amotivation,18,1
R_2Y3vSpPmQtCUg27,after,instrinsic_motivation,1,6
R_2Y3vSpPmQtCUg27,after,instrinsic_motivation,2,6
R_2Y3vSpPmQtCUg27,after,instrinsic_motivation,3,6
R_2Y3vSpPmQtCUg27,after,integrated_regulation,4,6
R_2Y3vSpPmQtCUg27,after,integrated_regulation,5,6
R_2Y3vSpPmQtCUg27,after,integrated_regulation,6,1
R_2Y3vSpPmQtCUg27,after,identified_regulation,7,1
R_2Y3vSpPmQtCUg27,after,identified_regulation,8,1
R_2Y3vSpPmQtCUg27,after,identified_regulation,9,5
R_2Y3vSpPmQtCUg27,after,introjected_regulation,10,1
R_2Y3vSpPmQtCUg27,after,introjected_regulation,11,1
R_2Y3vSpPmQtCUg27,after,introjected_regulation,12,1
R_2Y3vSpPmQtCUg27,after,external_regulation,13,1
R_2Y3vSpPmQtCUg27,after,external_regulation,14,1
R_2Y3vSpPmQtCUg27,after,external_regulation,15,1
R_2Y3vSpPmQtCUg27,after,amotivation,16,1
R_2Y3vSpPmQtCUg27,after,amotivation,17,1
R_2Y3vSpPmQtCUg27,after,amotivation,18,1
R_cTMYr4InmqWqxyx,before,instrinsic_motivation,1,NA
R_cTMYr4InmqWqxyx,before,instrinsic_motivation,2,NA
R_cTMYr4InmqWqxyx,before,instrinsic_motivation,3,NA
R_cTMYr4InmqWqxyx,before,integrated_regulation,4,NA
R_cTMYr4InmqWqxyx,before,integrated_regulation,5,NA
R_cTMYr4InmqWqxyx,before,integrated_regulation,6,NA
R_cTMYr4InmqWqxyx,before,identified_regulation,7,NA
R_cTMYr4InmqWqxyx,before,identified_regulation,8,NA
R_cTMYr4InmqWqxyx,before,identified_regulation,9,NA
R_cTMYr4InmqWqxyx,before,introjected_regulation,10,NA
R_cTMYr4InmqWqxyx,before,introjected_regulation,11,NA
R_cTMYr4InmqWqxyx,before,introjected_regulation,12,NA
R_cTMYr4InmqWqxyx,before,external_regulation,13,NA
R_cTMYr4InmqWqxyx,before,external_regulation,14,NA
R_cTMYr4InmqWqxyx,before,external_regulation,15,NA
R_cTMYr4InmqWqxyx,before,amotivation,16,NA
R_cTMYr4InmqWqxyx,before,amotivation,17,NA
R_cTMYr4InmqWqxyx,before,amotivation,18,NA
R_cTMYr4InmqWqxyx,after,instrinsic_motivation,1,NA
R_cTMYr4InmqWqxyx,after,instrinsic_motivation,2,NA
R_cTMYr4InmqWqxyx,after,instrinsic_motivation,3,NA
R_cTMYr4InmqWqxyx,after,integrated_regulation,4,NA
R_cTMYr4InmqWqxyx,after,integrated_regulation,5,NA
R_cTMYr4InmqWqxyx,after,integrated_regulation,6,NA
R_cTMYr4InmqWqxyx,after,identified_regulation,7,NA
R_cTMYr4InmqWqxyx,after,identified_regulation,8,NA
R_cTMYr4InmqWqxyx,after,identified_regulation,9,NA
R_cTMYr4InmqWqxyx,after,introjected_regulation,10,NA
R_cTMYr4InmqWqxyx,after,introjected_regulation,11,NA
R_cTMYr4InmqWqxyx,after,introjected_regulation,12,NA
R_cTMYr4InmqWqxyx,after,external_regulation,13,NA
R_cTMYr4InmqWqxyx,after,external_regulation,14,NA
R_cTMYr4InmqWqxyx,after,external_regulation,15,NA
R_cTMYr4InmqWqxyx,after,amotivation,16,NA
R_cTMYr4InmqWqxyx,after,amotivation,17,NA
R_cTMYr4InmqWqxyx,after,amotivation,18,NA
R_Ub92pGLz1xv4fbr,before,instrinsic_motivation,1,5
R_Ub92pGLz1xv4fbr,before,instrinsic_motivation,2,6
R_Ub92pGLz1xv4fbr,before,instrinsic_motivation,3,3
R_Ub92pGLz1xv4fbr,before,integrated_regulation,4,4
R_Ub92pGLz1xv4fbr,before,integrated_regulation,5,4
R_Ub92pGLz1xv4fbr,before,integrated_regulation,6,4
R_Ub92pGLz1xv4fbr,before,identified_regulation,7,4
R_Ub92pGLz1xv4fbr,before,identified_regulation,8,4
R_Ub92pGLz1xv4fbr,before,identified_regulation,9,5
R_Ub92pGLz1xv4fbr,before,introjected_regulation,10,2
R_Ub92pGLz1xv4fbr,before,introjected_regulation,11,2
R_Ub92pGLz1xv4fbr,before,introjected_regulation,12,2
R_Ub92pGLz1xv4fbr,before,external_regulation,13,5
R_Ub92pGLz1xv4fbr,before,external_regulation,14,2
R_Ub92pGLz1xv4fbr,before,external_regulation,15,4
R_Ub92pGLz1xv4fbr,before,amotivation,16,2
R_Ub92pGLz1xv4fbr,before,amotivation,17,2
R_Ub92pGLz1xv4fbr,before,amotivation,18,1
R_Ub92pGLz1xv4fbr,after,instrinsic_motivation,1,6
R_Ub92pGLz1xv4fbr,after,instrinsic_motivation,2,6
R_Ub92pGLz1xv4fbr,after,instrinsic_motivation,3,4
R_Ub92pGLz1xv4fbr,after,integrated_regulation,4,4
R_Ub92pGLz1xv4fbr,after,integrated_regulation,5,4
R_Ub92pGLz1xv4fbr,after,integrated_regulation,6,4
R_Ub92pGLz1xv4fbr,after,identified_regulation,7,4
R_Ub92pGLz1xv4fbr,after,identified_regulation,8,3
R_Ub92pGLz1xv4fbr,after,identified_regulation,9,4
R_Ub92pGLz1xv4fbr,after,introjected_regulation,10,2
R_Ub92pGLz1xv4fbr,after,introjected_regulation,11,3
R_Ub92pGLz1xv4fbr,after,introjected_regulation,12,1
R_Ub92pGLz1xv4fbr,after,external_regulation,13,5
R_Ub92pGLz1xv4fbr,after,external_regulation,14,1
R_Ub92pGLz1xv4fbr,after,external_regulation,15,6
R_Ub92pGLz1xv4fbr,after,amotivation,16,1
R_Ub92pGLz1xv4fbr,after,amotivation,17,1
R_Ub92pGLz1xv4fbr,after,amotivation,18,1
R_2WUWSPXQGpkoYiQ,before,instrinsic_motivation,1,6
R_2WUWSPXQGpkoYiQ,before,instrinsic_motivation,2,6
R_2WUWSPXQGpkoYiQ,before,instrinsic_motivation,3,6
R_2WUWSPXQGpkoYiQ,before,integrated_regulation,4,5
R_2WUWSPXQGpkoYiQ,before,integrated_regulation,5,6
R_2WUWSPXQGpkoYiQ,before,integrated_regulation,6,1
R_2WUWSPXQGpkoYiQ,before,identified_regulation,7,1
R_2WUWSPXQGpkoYiQ,before,identified_regulation,8,2
R_2WUWSPXQGpkoYiQ,before,identified_regulation,9,1
R_2WUWSPXQGpkoYiQ,before,introjected_regulation,10,4
R_2WUWSPXQGpkoYiQ,before,introjected_regulation,11,6
R_2WUWSPXQGpkoYiQ,before,introjected_regulation,12,2
R_2WUWSPXQGpkoYiQ,before,external_regulation,13,6
R_2WUWSPXQGpkoYiQ,before,external_regulation,14,4
R_2WUWSPXQGpkoYiQ,before,external_regulation,15,6
R_2WUWSPXQGpkoYiQ,before,amotivation,16,3
R_2WUWSPXQGpkoYiQ,before,amotivation,17,1
R_2WUWSPXQGpkoYiQ,before,amotivation,18,1
R_2WUWSPXQGpkoYiQ,after,instrinsic_motivation,1,6
R_2WUWSPXQGpkoYiQ,after,instrinsic_motivation,2,6
R_2WUWSPXQGpkoYiQ,after,instrinsic_motivation,3,6
R_2WUWSPXQGpkoYiQ,after,integrated_regulation,4,4
R_2WUWSPXQGpkoYiQ,after,integrated_regulation,5,3
R_2WUWSPXQGpkoYiQ,after,integrated_regulation,6,3
R_2WUWSPXQGpkoYiQ,after,identified_regulation,7,3
R_2WUWSPXQGpkoYiQ,after,identified_regulation,8,2
R_2WUWSPXQGpkoYiQ,after,identified_regulation,9,4
R_2WUWSPXQGpkoYiQ,after,introjected_regulation,10,3
R_2WUWSPXQGpkoYiQ,after,introjected_regulation,11,4
R_2WUWSPXQGpkoYiQ,after,introjected_regulation,12,3
R_2WUWSPXQGpkoYiQ,after,external_regulation,13,6
R_2WUWSPXQGpkoYiQ,after,external_regulation,14,4
R_2WUWSPXQGpkoYiQ,after,external_regulation,15,6
R_2WUWSPXQGpkoYiQ,after,amotivation,16,1
R_2WUWSPXQGpkoYiQ,after,amotivation,17,1
R_2WUWSPXQGpkoYiQ,after,amotivation,18,1
R_1GTWJReePx9Mt0Y,before,instrinsic_motivation,1,4
R_1GTWJReePx9Mt0Y,before,instrinsic_motivation,2,1
R_1GTWJReePx9Mt0Y,before,instrinsic_motivation,3,3
R_1GTWJReePx9Mt0Y,before,integrated_regulation,4,4
R_1GTWJReePx9Mt0Y,before,integrated_regulation,5,4
R_1GTWJReePx9Mt0Y,before,integrated_regulation,6,2
R_1GTWJReePx9Mt0Y,before,identified_regulation,7,2
R_1GTWJReePx9Mt0Y,before,identified_regulation,8,2
R_1GTWJReePx9Mt0Y,before,identified_regulation,9,2
R_1GTWJReePx9Mt0Y,before,introjected_regulation,10,4
R_1GTWJReePx9Mt0Y,before,introjected_regulation,11,3
R_1GTWJReePx9Mt0Y,before,introjected_regulation,12,2
R_1GTWJReePx9Mt0Y,before,external_regulation,13,4
R_1GTWJReePx9Mt0Y,before,external_regulation,14,2
R_1GTWJReePx9Mt0Y,before,external_regulation,15,4
R_1GTWJReePx9Mt0Y,before,amotivation,16,3
R_1GTWJReePx9Mt0Y,before,amotivation,17,2
R_1GTWJReePx9Mt0Y,before,amotivation,18,4
R_1GTWJReePx9Mt0Y,after,instrinsic_motivation,1,3
R_1GTWJReePx9Mt0Y,after,instrinsic_motivation,2,1
R_1GTWJReePx9Mt0Y,after,instrinsic_motivation,3,3
R_1GTWJReePx9Mt0Y,after,integrated_regulation,4,3
R_1GTWJReePx9Mt0Y,after,integrated_regulation,5,3
R_1GTWJReePx9Mt0Y,after,integrated_regulation,6,1
R_1GTWJReePx9Mt0Y,after,identified_regulation,7,2
R_1GTWJReePx9Mt0Y,after,identified_regulation,8,2
R_1GTWJReePx9Mt0Y,after,identified_regulation,9,3
R_1GTWJReePx9Mt0Y,after,introjected_regulation,10,4
R_1GTWJReePx9Mt0Y,after,introjected_regulation,11,3
R_1GTWJReePx9Mt0Y,after,introjected_regulation,12,2
R_1GTWJReePx9Mt0Y,after,external_regulation,13,4
R_1GTWJReePx9Mt0Y,after,external_regulation,14,3
R_1GTWJReePx9Mt0Y,after,external_regulation,15,4
R_1GTWJReePx9Mt0Y,after,amotivation,16,3
R_1GTWJReePx9Mt0Y,after,amotivation,17,2
R_1GTWJReePx9Mt0Y,after,amotivation,18,3
R_3HIxxqBts6Z0OZO,before,instrinsic_motivation,1,6
R_3HIxxqBts6Z0OZO,before,instrinsic_motivation,2,5
R_3HIxxqBts6Z0OZO,before,instrinsic_motivation,3,5
R_3HIxxqBts6Z0OZO,before,integrated_regulation,4,2
R_3HIxxqBts6Z0OZO,before,integrated_regulation,5,3
R_3HIxxqBts6Z0OZO,before,integrated_regulation,6,2
R_3HIxxqBts6Z0OZO,before,identified_regulation,7,1
R_3HIxxqBts6Z0OZO,before,identified_regulation,8,1
R_3HIxxqBts6Z0OZO,before,identified_regulation,9,3
R_3HIxxqBts6Z0OZO,before,introjected_regulation,10,3
R_3HIxxqBts6Z0OZO,before,introjected_regulation,11,2
R_3HIxxqBts6Z0OZO,before,introjected_regulation,12,1
R_3HIxxqBts6Z0OZO,before,external_regulation,13,2
R_3HIxxqBts6Z0OZO,before,external_regulation,14,4
R_3HIxxqBts6Z0OZO,before,external_regulation,15,4
R_3HIxxqBts6Z0OZO,before,amotivation,16,2
R_3HIxxqBts6Z0OZO,before,amotivation,17,2
R_3HIxxqBts6Z0OZO,before,amotivation,18,1
R_3HIxxqBts6Z0OZO,after,instrinsic_motivation,1,6
R_3HIxxqBts6Z0OZO,after,instrinsic_motivation,2,4
R_3HIxxqBts6Z0OZO,after,instrinsic_motivation,3,5
R_3HIxxqBts6Z0OZO,after,integrated_regulation,4,2
R_3HIxxqBts6Z0OZO,after,integrated_regulation,5,1
R_3HIxxqBts6Z0OZO,after,integrated_regulation,6,1
R_3HIxxqBts6Z0OZO,after,identified_regulation,7,3
R_3HIxxqBts6Z0OZO,after,identified_regulation,8,2
R_3HIxxqBts6Z0OZO,after,identified_regulation,9,4
R_3HIxxqBts6Z0OZO,after,introjected_regulation,10,3
R_3HIxxqBts6Z0OZO,after,introjected_regulation,11,3
R_3HIxxqBts6Z0OZO,after,introjected_regulation,12,1
R_3HIxxqBts6Z0OZO,after,external_regulation,13,1
R_3HIxxqBts6Z0OZO,after,external_regulation,14,4
R_3HIxxqBts6Z0OZO,after,external_regulation,15,3
R_3HIxxqBts6Z0OZO,after,amotivation,16,2
R_3HIxxqBts6Z0OZO,after,amotivation,17,2
R_3HIxxqBts6Z0OZO,after,amotivation,18,1
R_2VsTI6YcrvQkU00,before,instrinsic_motivation,1,6
R_2VsTI6YcrvQkU00,before,instrinsic_motivation,2,4
R_2VsTI6YcrvQkU00,before,instrinsic_motivation,3,4
R_2VsTI6YcrvQkU00,before,integrated_regulation,4,4
R_2VsTI6YcrvQkU00,before,integrated_regulation,5,5
R_2VsTI6YcrvQkU00,before,integrated_regulation,6,5
R_2VsTI6YcrvQkU00,before,identified_regulation,7,2
R_2VsTI6YcrvQkU00,before,identified_regulation,8,2
R_2VsTI6YcrvQkU00,before,identified_regulation,9,6
R_2VsTI6YcrvQkU00,before,introjected_regulation,10,3
R_2VsTI6YcrvQkU00,before,introjected_regulation,11,4
R_2VsTI6YcrvQkU00,before,introjected_regulation,12,2
R_2VsTI6YcrvQkU00,before,external_regulation,13,2
R_2VsTI6YcrvQkU00,before,external_regulation,14,1
R_2VsTI6YcrvQkU00,before,external_regulation,15,5
R_2VsTI6YcrvQkU00,before,amotivation,16,2
R_2VsTI6YcrvQkU00,before,amotivation,17,2
R_2VsTI6YcrvQkU00,before,amotivation,18,1
R_2VsTI6YcrvQkU00,after,instrinsic_motivation,1,6
R_2VsTI6YcrvQkU00,after,instrinsic_motivation,2,3
R_2VsTI6YcrvQkU00,after,instrinsic_motivation,3,4
R_2VsTI6YcrvQkU00,after,integrated_regulation,4,2
R_2VsTI6YcrvQkU00,after,integrated_regulation,5,3
R_2VsTI6YcrvQkU00,after,integrated_regulation,6,3
R_2VsTI6YcrvQkU00,after,identified_regulation,7,2
R_2VsTI6YcrvQkU00,after,identified_regulation,8,2
R_2VsTI6YcrvQkU00,after,identified_regulation,9,5
R_2VsTI6YcrvQkU00,after,introjected_regulation,10,1
R_2VsTI6YcrvQkU00,after,introjected_regulation,11,5
R_2VsTI6YcrvQkU00,after,introjected_regulation,12,3
R_2VsTI6YcrvQkU00,after,external_regulation,13,2
R_2VsTI6YcrvQkU00,after,external_regulation,14,2
R_2VsTI6YcrvQkU00,after,external_regulation,15,5
R_2VsTI6YcrvQkU00,after,amotivation,16,1
R_2VsTI6YcrvQkU00,after,amotivation,17,2
R_2VsTI6YcrvQkU00,after,amotivation,18,1
R_bl5z1a8F19q4rol,before,instrinsic_motivation,1,3
R_bl5z1a8F19q4rol,before,instrinsic_motivation,2,4
R_bl5z1a8F19q4rol,before,instrinsic_motivation,3,4
R_bl5z1a8F19q4rol,before,integrated_regulation,4,5
R_bl5z1a8F19q4rol,before,integrated_regulation,5,6
R_bl5z1a8F19q4rol,before,integrated_regulation,6,4
R_bl5z1a8F19q4rol,before,identified_regulation,7,4
R_bl5z1a8F19q4rol,before,identified_regulation,8,4
R_bl5z1a8F19q4rol,before,identified_regulation,9,5
R_bl5z1a8F19q4rol,before,introjected_regulation,10,4
R_bl5z1a8F19q4rol,before,introjected_regulation,11,3
R_bl5z1a8F19q4rol,before,introjected_regulation,12,1
R_bl5z1a8F19q4rol,before,external_regulation,13,4
R_bl5z1a8F19q4rol,before,external_regulation,14,2
R_bl5z1a8F19q4rol,before,external_regulation,15,4
R_bl5z1a8F19q4rol,before,amotivation,16,1
R_bl5z1a8F19q4rol,before,amotivation,17,1
R_bl5z1a8F19q4rol,before,amotivation,18,1
R_bl5z1a8F19q4rol,after,instrinsic_motivation,1,4
R_bl5z1a8F19q4rol,after,instrinsic_motivation,2,3
R_bl5z1a8F19q4rol,after,instrinsic_motivation,3,5
R_bl5z1a8F19q4rol,after,integrated_regulation,4,4
R_bl5z1a8F19q4rol,after,integrated_regulation,5,5
R_bl5z1a8F19q4rol,after,integrated_regulation,6,4
R_bl5z1a8F19q4rol,after,identified_regulation,7,5
R_bl5z1a8F19q4rol,after,identified_regulation,8,4
R_bl5z1a8F19q4rol,after,identified_regulation,9,4
R_bl5z1a8F19q4rol,after,introjected_regulation,10,3
R_bl5z1a8F19q4rol,after,introjected_regulation,11,2
R_bl5z1a8F19q4rol,after,introjected_regulation,12,2
R_bl5z1a8F19q4rol,after,external_regulation,13,3
R_bl5z1a8F19q4rol,after,external_regulation,14,2
R_bl5z1a8F19q4rol,after,external_regulation,15,3
R_bl5z1a8F19q4rol,after,amotivation,16,1
R_bl5z1a8F19q4rol,after,amotivation,17,1
R_bl5z1a8F19q4rol,after,amotivation,18,1
R_2riPjmHJ1ujE2AI,before,instrinsic_motivation,1,3
R_2riPjmHJ1ujE2AI,before,instrinsic_motivation,2,3
R_2riPjmHJ1ujE2AI,before,instrinsic_motivation,3,3
R_2riPjmHJ1ujE2AI,before,integrated_regulation,4,2
R_2riPjmHJ1ujE2AI,before,integrated_regulation,5,2
R_2riPjmHJ1ujE2AI,before,integrated_regulation,6,2
R_2riPjmHJ1ujE2AI,before,identified_regulation,7,2
R_2riPjmHJ1ujE2AI,before,identified_regulation,8,3
R_2riPjmHJ1ujE2AI,before,identified_regulation,9,3
R_2riPjmHJ1ujE2AI,before,introjected_regulation,10,2
R_2riPjmHJ1ujE2AI,before,introjected_regulation,11,2
R_2riPjmHJ1ujE2AI,before,introjected_regulation,12,2
R_2riPjmHJ1ujE2AI,before,external_regulation,13,4
R_2riPjmHJ1ujE2AI,before,external_regulation,14,3
R_2riPjmHJ1ujE2AI,before,external_regulation,15,3
R_2riPjmHJ1ujE2AI,before,amotivation,16,3
R_2riPjmHJ1ujE2AI,before,amotivation,17,2
R_2riPjmHJ1ujE2AI,before,amotivation,18,3
R_2riPjmHJ1ujE2AI,after,instrinsic_motivation,1,NA
R_2riPjmHJ1ujE2AI,after,instrinsic_motivation,2,NA
R_2riPjmHJ1ujE2AI,after,instrinsic_motivation,3,NA
R_2riPjmHJ1ujE2AI,after,integrated_regulation,4,NA
R_2riPjmHJ1ujE2AI,after,integrated_regulation,5,NA
R_2riPjmHJ1ujE2AI,after,integrated_regulation,6,NA
R_2riPjmHJ1ujE2AI,after,identified_regulation,7,NA
R_2riPjmHJ1ujE2AI,after,identified_regulation,8,NA
R_2riPjmHJ1ujE2AI,after,identified_regulation,9,NA
R_2riPjmHJ1ujE2AI,after,introjected_regulation,10,NA
R_2riPjmHJ1ujE2AI,after,introjected_regulation,11,NA
R_2riPjmHJ1ujE2AI,after,introjected_regulation,12,NA
R_2riPjmHJ1ujE2AI,after,external_regulation,13,NA
R_2riPjmHJ1ujE2AI,after,external_regulation,14,NA
R_2riPjmHJ1ujE2AI,after,external_regulation,15,NA
R_2riPjmHJ1ujE2AI,after,amotivation,16,NA
R_2riPjmHJ1ujE2AI,after,amotivation,17,NA
R_2riPjmHJ1ujE2AI,after,amotivation,18,NA
R_237akAEwp1ZNQtX,before,instrinsic_motivation,1,6
R_237akAEwp1ZNQtX,before,instrinsic_motivation,2,6
R_237akAEwp1ZNQtX,before,instrinsic_motivation,3,6
R_237akAEwp1ZNQtX,before,integrated_regulation,4,1
R_237akAEwp1ZNQtX,before,integrated_regulation,5,1
R_237akAEwp1ZNQtX,before,integrated_regulation,6,1
R_237akAEwp1ZNQtX,before,identified_regulation,7,1
R_237akAEwp1ZNQtX,before,identified_regulation,8,5
R_237akAEwp1ZNQtX,before,identified_regulation,9,5
R_237akAEwp1ZNQtX,before,introjected_regulation,10,1
R_237akAEwp1ZNQtX,before,introjected_regulation,11,1
R_237akAEwp1ZNQtX,before,introjected_regulation,12,1
R_237akAEwp1ZNQtX,before,external_regulation,13,4
R_237akAEwp1ZNQtX,before,external_regulation,14,4
R_237akAEwp1ZNQtX,before,external_regulation,15,1
R_237akAEwp1ZNQtX,before,amotivation,16,1
R_237akAEwp1ZNQtX,before,amotivation,17,1
R_237akAEwp1ZNQtX,before,amotivation,18,1
R_237akAEwp1ZNQtX,after,instrinsic_motivation,1,6
R_237akAEwp1ZNQtX,after,instrinsic_motivation,2,6
R_237akAEwp1ZNQtX,after,instrinsic_motivation,3,1
R_237akAEwp1ZNQtX,after,integrated_regulation,4,1
R_237akAEwp1ZNQtX,after,integrated_regulation,5,1
R_237akAEwp1ZNQtX,after,integrated_regulation,6,1
R_237akAEwp1ZNQtX,after,identified_regulation,7,1
R_237akAEwp1ZNQtX,after,identified_regulation,8,5
R_237akAEwp1ZNQtX,after,identified_regulation,9,5
R_237akAEwp1ZNQtX,after,introjected_regulation,10,1
R_237akAEwp1ZNQtX,after,introjected_regulation,11,1
R_237akAEwp1ZNQtX,after,introjected_regulation,12,1
R_237akAEwp1ZNQtX,after,external_regulation,13,4
R_237akAEwp1ZNQtX,after,external_regulation,14,1
R_237akAEwp1ZNQtX,after,external_regulation,15,1
R_237akAEwp1ZNQtX,after,amotivation,16,1
R_237akAEwp1ZNQtX,after,amotivation,17,1
R_237akAEwp1ZNQtX,after,amotivation,18,1
R_28YlGk4KWcNC1Hz,before,instrinsic_motivation,1,5
R_28YlGk4KWcNC1Hz,before,instrinsic_motivation,2,3
R_28YlGk4KWcNC1Hz,before,instrinsic_motivation,3,3
R_28YlGk4KWcNC1Hz,before,integrated_regulation,4,4
R_28YlGk4KWcNC1Hz,before,integrated_regulation,5,5
R_28YlGk4KWcNC1Hz,before,integrated_regulation,6,5
R_28YlGk4KWcNC1Hz,before,identified_regulation,7,4
R_28YlGk4KWcNC1Hz,before,identified_regulation,8,4
R_28YlGk4KWcNC1Hz,before,identified_regulation,9,5
R_28YlGk4KWcNC1Hz,before,introjected_regulation,10,4
R_28YlGk4KWcNC1Hz,before,introjected_regulation,11,4
R_28YlGk4KWcNC1Hz,before,introjected_regulation,12,4
R_28YlGk4KWcNC1Hz,before,external_regulation,13,4
R_28YlGk4KWcNC1Hz,before,external_regulation,14,3
R_28YlGk4KWcNC1Hz,before,external_regulation,15,6
R_28YlGk4KWcNC1Hz,before,amotivation,16,4
R_28YlGk4KWcNC1Hz,before,amotivation,17,4
R_28YlGk4KWcNC1Hz,before,amotivation,18,2
R_28YlGk4KWcNC1Hz,after,instrinsic_motivation,1,4
R_28YlGk4KWcNC1Hz,after,instrinsic_motivation,2,3
R_28YlGk4KWcNC1Hz,after,instrinsic_motivation,3,4
R_28YlGk4KWcNC1Hz,after,integrated_regulation,4,3
R_28YlGk4KWcNC1Hz,after,integrated_regulation,5,5
R_28YlGk4KWcNC1Hz,after,integrated_regulation,6,5
R_28YlGk4KWcNC1Hz,after,identified_regulation,7,5
R_28YlGk4KWcNC1Hz,after,identified_regulation,8,4
R_28YlGk4KWcNC1Hz,after,identified_regulation,9,4
R_28YlGk4KWcNC1Hz,after,introjected_regulation,10,4
R_28YlGk4KWcNC1Hz,after,introjected_regulation,11,4
R_28YlGk4KWcNC1Hz,after,introjected_regulation,12,4
R_28YlGk4KWcNC1Hz,after,external_regulation,13,5
R_28YlGk4KWcNC1Hz,after,external_regulation,14,4
R_28YlGk4KWcNC1Hz,after,external_regulation,15,5
R_28YlGk4KWcNC1Hz,after,amotivation,16,4
R_28YlGk4KWcNC1Hz,after,amotivation,17,3
R_28YlGk4KWcNC1Hz,after,amotivation,18,4
R_1l3QaBdaMZAzDNc,before,instrinsic_motivation,1,5
R_1l3QaBdaMZAzDNc,before,instrinsic_motivation,2,5
R_1l3QaBdaMZAzDNc,before,instrinsic_motivation,3,5
R_1l3QaBdaMZAzDNc,before,integrated_regulation,4,2
R_1l3QaBdaMZAzDNc,before,integrated_regulation,5,2
R_1l3QaBdaMZAzDNc,before,integrated_regulation,6,2
R_1l3QaBdaMZAzDNc,before,identified_regulation,7,2
R_1l3QaBdaMZAzDNc,before,identified_regulation,8,2
R_1l3QaBdaMZAzDNc,before,identified_regulation,9,5
R_1l3QaBdaMZAzDNc,before,introjected_regulation,10,2
R_1l3QaBdaMZAzDNc,before,introjected_regulation,11,2
R_1l3QaBdaMZAzDNc,before,introjected_regulation,12,2
R_1l3QaBdaMZAzDNc,before,external_regulation,13,4
R_1l3QaBdaMZAzDNc,before,external_regulation,14,2
R_1l3QaBdaMZAzDNc,before,external_regulation,15,5
R_1l3QaBdaMZAzDNc,before,amotivation,16,2
R_1l3QaBdaMZAzDNc,before,amotivation,17,1
R_1l3QaBdaMZAzDNc,before,amotivation,18,2
R_1l3QaBdaMZAzDNc,after,instrinsic_motivation,1,5
R_1l3QaBdaMZAzDNc,after,instrinsic_motivation,2,4
R_1l3QaBdaMZAzDNc,after,instrinsic_motivation,3,5
R_1l3QaBdaMZAzDNc,after,integrated_regulation,4,1
R_1l3QaBdaMZAzDNc,after,integrated_regulation,5,1
R_1l3QaBdaMZAzDNc,after,integrated_regulation,6,4
R_1l3QaBdaMZAzDNc,after,identified_regulation,7,2
R_1l3QaBdaMZAzDNc,after,identified_regulation,8,2
R_1l3QaBdaMZAzDNc,after,identified_regulation,9,5
R_1l3QaBdaMZAzDNc,after,introjected_regulation,10,2
R_1l3QaBdaMZAzDNc,after,introjected_regulation,11,4
R_1l3QaBdaMZAzDNc,after,introjected_regulation,12,2
R_1l3QaBdaMZAzDNc,after,external_regulation,13,5
R_1l3QaBdaMZAzDNc,after,external_regulation,14,2
R_1l3QaBdaMZAzDNc,after,external_regulation,15,5
R_1l3QaBdaMZAzDNc,after,amotivation,16,3
R_1l3QaBdaMZAzDNc,after,amotivation,17,1
R_1l3QaBdaMZAzDNc,after,amotivation,18,2
R_WkD2Xf1StVlY1k5,before,instrinsic_motivation,1,5
R_WkD2Xf1StVlY1k5,before,instrinsic_motivation,2,5
R_WkD2Xf1StVlY1k5,before,instrinsic_motivation,3,5
R_WkD2Xf1StVlY1k5,before,integrated_regulation,4,2
R_WkD2Xf1StVlY1k5,before,integrated_regulation,5,3
R_WkD2Xf1StVlY1k5,before,integrated_regulation,6,2
R_WkD2Xf1StVlY1k5,before,identified_regulation,7,1
R_WkD2Xf1StVlY1k5,before,identified_regulation,8,4
R_WkD2Xf1StVlY1k5,before,identified_regulation,9,1
R_WkD2Xf1StVlY1k5,before,introjected_regulation,10,1
R_WkD2Xf1StVlY1k5,before,introjected_regulation,11,1
R_WkD2Xf1StVlY1k5,before,introjected_regulation,12,1
R_WkD2Xf1StVlY1k5,before,external_regulation,13,4
R_WkD2Xf1StVlY1k5,before,external_regulation,14,1
R_WkD2Xf1StVlY1k5,before,external_regulation,15,5
R_WkD2Xf1StVlY1k5,before,amotivation,16,4
R_WkD2Xf1StVlY1k5,before,amotivation,17,1
R_WkD2Xf1StVlY1k5,before,amotivation,18,3
R_WkD2Xf1StVlY1k5,after,instrinsic_motivation,1,5
R_WkD2Xf1StVlY1k5,after,instrinsic_motivation,2,4
R_WkD2Xf1StVlY1k5,after,instrinsic_motivation,3,2
R_WkD2Xf1StVlY1k5,after,integrated_regulation,4,1
R_WkD2Xf1StVlY1k5,after,integrated_regulation,5,1
R_WkD2Xf1StVlY1k5,after,integrated_regulation,6,1
R_WkD2Xf1StVlY1k5,after,identified_regulation,7,1
R_WkD2Xf1StVlY1k5,after,identified_regulation,8,2
R_WkD2Xf1StVlY1k5,after,identified_regulation,9,1
R_WkD2Xf1StVlY1k5,after,introjected_regulation,10,1
R_WkD2Xf1StVlY1k5,after,introjected_regulation,11,1
R_WkD2Xf1StVlY1k5,after,introjected_regulation,12,1
R_WkD2Xf1StVlY1k5,after,external_regulation,13,5
R_WkD2Xf1StVlY1k5,after,external_regulation,14,3
R_WkD2Xf1StVlY1k5,after,external_regulation,15,4
R_WkD2Xf1StVlY1k5,after,amotivation,16,1
R_WkD2Xf1StVlY1k5,after,amotivation,17,1
R_WkD2Xf1StVlY1k5,after,amotivation,18,1
R_3e2GBC1tsXm5UH9,before,instrinsic_motivation,1,6
R_3e2GBC1tsXm5UH9,before,instrinsic_motivation,2,4
R_3e2GBC1tsXm5UH9,before,instrinsic_motivation,3,4
R_3e2GBC1tsXm5UH9,before,integrated_regulation,4,1
R_3e2GBC1tsXm5UH9,before,integrated_regulation,5,3
R_3e2GBC1tsXm5UH9,before,integrated_regulation,6,1
R_3e2GBC1tsXm5UH9,before,identified_regulation,7,3
R_3e2GBC1tsXm5UH9,before,identified_regulation,8,3
R_3e2GBC1tsXm5UH9,before,identified_regulation,9,3
R_3e2GBC1tsXm5UH9,before,introjected_regulation,10,4
R_3e2GBC1tsXm5UH9,before,introjected_regulation,11,4
R_3e2GBC1tsXm5UH9,before,introjected_regulation,12,1
R_3e2GBC1tsXm5UH9,before,external_regulation,13,4
R_3e2GBC1tsXm5UH9,before,external_regulation,14,5
R_3e2GBC1tsXm5UH9,before,external_regulation,15,4
R_3e2GBC1tsXm5UH9,before,amotivation,16,1
R_3e2GBC1tsXm5UH9,before,amotivation,17,1
R_3e2GBC1tsXm5UH9,before,amotivation,18,4
R_3e2GBC1tsXm5UH9,after,instrinsic_motivation,1,4
R_3e2GBC1tsXm5UH9,after,instrinsic_motivation,2,5
R_3e2GBC1tsXm5UH9,after,instrinsic_motivation,3,4
R_3e2GBC1tsXm5UH9,after,integrated_regulation,4,4
R_3e2GBC1tsXm5UH9,after,integrated_regulation,5,3
R_3e2GBC1tsXm5UH9,after,integrated_regulation,6,2
R_3e2GBC1tsXm5UH9,after,identified_regulation,7,2
R_3e2GBC1tsXm5UH9,after,identified_regulation,8,3
R_3e2GBC1tsXm5UH9,after,identified_regulation,9,3
R_3e2GBC1tsXm5UH9,after,introjected_regulation,10,2
R_3e2GBC1tsXm5UH9,after,introjected_regulation,11,3
R_3e2GBC1tsXm5UH9,after,introjected_regulation,12,1
R_3e2GBC1tsXm5UH9,after,external_regulation,13,4
R_3e2GBC1tsXm5UH9,after,external_regulation,14,4
R_3e2GBC1tsXm5UH9,after,external_regulation,15,4
R_3e2GBC1tsXm5UH9,after,amotivation,16,1
R_3e2GBC1tsXm5UH9,after,amotivation,17,1
R_3e2GBC1tsXm5UH9,after,amotivation,18,3
R_5A6WR2APgRZFueJ,before,instrinsic_motivation,1,5
R_5A6WR2APgRZFueJ,before,instrinsic_motivation,2,5
R_5A6WR2APgRZFueJ,before,instrinsic_motivation,3,6
R_5A6WR2APgRZFueJ,before,integrated_regulation,4,6
R_5A6WR2APgRZFueJ,before,integrated_regulation,5,6
R_5A6WR2APgRZFueJ,before,integrated_regulation,6,6
R_5A6WR2APgRZFueJ,before,identified_regulation,7,4
R_5A6WR2APgRZFueJ,before,identified_regulation,8,1
R_5A6WR2APgRZFueJ,before,identified_regulation,9,6
R_5A6WR2APgRZFueJ,before,introjected_regulation,10,5
R_5A6WR2APgRZFueJ,before,introjected_regulation,11,4
R_5A6WR2APgRZFueJ,before,introjected_regulation,12,1
R_5A6WR2APgRZFueJ,before,external_regulation,13,5
R_5A6WR2APgRZFueJ,before,external_regulation,14,3
R_5A6WR2APgRZFueJ,before,external_regulation,15,4
R_5A6WR2APgRZFueJ,before,amotivation,16,1
R_5A6WR2APgRZFueJ,before,amotivation,17,1
R_5A6WR2APgRZFueJ,before,amotivation,18,1
R_5A6WR2APgRZFueJ,after,instrinsic_motivation,1,4
R_5A6WR2APgRZFueJ,after,instrinsic_motivation,2,4
R_5A6WR2APgRZFueJ,after,instrinsic_motivation,3,6
R_5A6WR2APgRZFueJ,after,integrated_regulation,4,6
R_5A6WR2APgRZFueJ,after,integrated_regulation,5,6
R_5A6WR2APgRZFueJ,after,integrated_regulation,6,5
R_5A6WR2APgRZFueJ,after,identified_regulation,7,4
R_5A6WR2APgRZFueJ,after,identified_regulation,8,1
R_5A6WR2APgRZFueJ,after,identified_regulation,9,6
R_5A6WR2APgRZFueJ,after,introjected_regulation,10,5
R_5A6WR2APgRZFueJ,after,introjected_regulation,11,4
R_5A6WR2APgRZFueJ,after,introjected_regulation,12,2
R_5A6WR2APgRZFueJ,after,external_regulation,13,4
R_5A6WR2APgRZFueJ,after,external_regulation,14,1
R_5A6WR2APgRZFueJ,after,external_regulation,15,4
R_5A6WR2APgRZFueJ,after,amotivation,16,2
R_5A6WR2APgRZFueJ,after,amotivation,17,3
R_5A6WR2APgRZFueJ,after,amotivation,18,2
R_1OGOApUcrgQ9PDV,before,instrinsic_motivation,1,NA
R_1OGOApUcrgQ9PDV,before,instrinsic_motivation,2,NA
R_1OGOApUcrgQ9PDV,before,instrinsic_motivation,3,NA
R_1OGOApUcrgQ9PDV,before,integrated_regulation,4,NA
R_1OGOApUcrgQ9PDV,before,integrated_regulation,5,NA
R_1OGOApUcrgQ9PDV,before,integrated_regulation,6,NA
R_1OGOApUcrgQ9PDV,before,identified_regulation,7,NA
R_1OGOApUcrgQ9PDV,before,identified_regulation,8,NA
R_1OGOApUcrgQ9PDV,before,identified_regulation,9,NA
R_1OGOApUcrgQ9PDV,before,introjected_regulation,10,NA
R_1OGOApUcrgQ9PDV,before,introjected_regulation,11,NA
R_1OGOApUcrgQ9PDV,before,introjected_regulation,12,NA
R_1OGOApUcrgQ9PDV,before,external_regulation,13,NA
R_1OGOApUcrgQ9PDV,before,external_regulation,14,NA
R_1OGOApUcrgQ9PDV,before,external_regulation,15,NA
R_1OGOApUcrgQ9PDV,before,amotivation,16,NA
R_1OGOApUcrgQ9PDV,before,amotivation,17,NA
R_1OGOApUcrgQ9PDV,before,amotivation,18,NA
R_1OGOApUcrgQ9PDV,after,instrinsic_motivation,1,5
R_1OGOApUcrgQ9PDV,after,instrinsic_motivation,2,3
R_1OGOApUcrgQ9PDV,after,instrinsic_motivation,3,4
R_1OGOApUcrgQ9PDV,after,integrated_regulation,4,1
R_1OGOApUcrgQ9PDV,after,integrated_regulation,5,1
R_1OGOApUcrgQ9PDV,after,integrated_regulation,6,1
R_1OGOApUcrgQ9PDV,after,identified_regulation,7,2
R_1OGOApUcrgQ9PDV,after,identified_regulation,8,3
R_1OGOApUcrgQ9PDV,after,identified_regulation,9,1
R_1OGOApUcrgQ9PDV,after,introjected_regulation,10,1
R_1OGOApUcrgQ9PDV,after,introjected_regulation,11,1
R_1OGOApUcrgQ9PDV,after,introjected_regulation,12,1
R_1OGOApUcrgQ9PDV,after,external_regulation,13,1
R_1OGOApUcrgQ9PDV,after,external_regulation,14,1
R_1OGOApUcrgQ9PDV,after,external_regulation,15,1
R_1OGOApUcrgQ9PDV,after,amotivation,16,4
R_1OGOApUcrgQ9PDV,after,amotivation,17,1
R_1OGOApUcrgQ9PDV,after,amotivation,18,6
R_AFO5tTqn4Q8XmqB,before,instrinsic_motivation,1,6
R_AFO5tTqn4Q8XmqB,before,instrinsic_motivation,2,5
R_AFO5tTqn4Q8XmqB,before,instrinsic_motivation,3,4
R_AFO5tTqn4Q8XmqB,before,integrated_regulation,4,3
R_AFO5tTqn4Q8XmqB,before,integrated_regulation,5,2
R_AFO5tTqn4Q8XmqB,before,integrated_regulation,6,2
R_AFO5tTqn4Q8XmqB,before,identified_regulation,7,2
R_AFO5tTqn4Q8XmqB,before,identified_regulation,8,2
R_AFO5tTqn4Q8XmqB,before,identified_regulation,9,5
R_AFO5tTqn4Q8XmqB,before,introjected_regulation,10,5
R_AFO5tTqn4Q8XmqB,before,introjected_regulation,11,5
R_AFO5tTqn4Q8XmqB,before,introjected_regulation,12,5
R_AFO5tTqn4Q8XmqB,before,external_regulation,13,6
R_AFO5tTqn4Q8XmqB,before,external_regulation,14,6
R_AFO5tTqn4Q8XmqB,before,external_regulation,15,6
R_AFO5tTqn4Q8XmqB,before,amotivation,16,1
R_AFO5tTqn4Q8XmqB,before,amotivation,17,1
R_AFO5tTqn4Q8XmqB,before,amotivation,18,2
R_AFO5tTqn4Q8XmqB,after,instrinsic_motivation,1,6
R_AFO5tTqn4Q8XmqB,after,instrinsic_motivation,2,6
R_AFO5tTqn4Q8XmqB,after,instrinsic_motivation,3,6
R_AFO5tTqn4Q8XmqB,after,integrated_regulation,4,3
R_AFO5tTqn4Q8XmqB,after,integrated_regulation,5,2
R_AFO5tTqn4Q8XmqB,after,integrated_regulation,6,1
R_AFO5tTqn4Q8XmqB,after,identified_regulation,7,2
R_AFO5tTqn4Q8XmqB,after,identified_regulation,8,2
R_AFO5tTqn4Q8XmqB,after,identified_regulation,9,6
R_AFO5tTqn4Q8XmqB,after,introjected_regulation,10,2
R_AFO5tTqn4Q8XmqB,after,introjected_regulation,11,5
R_AFO5tTqn4Q8XmqB,after,introjected_regulation,12,4
R_AFO5tTqn4Q8XmqB,after,external_regulation,13,6
R_AFO5tTqn4Q8XmqB,after,external_regulation,14,6
R_AFO5tTqn4Q8XmqB,after,external_regulation,15,6
R_AFO5tTqn4Q8XmqB,after,amotivation,16,2
R_AFO5tTqn4Q8XmqB,after,amotivation,17,3
R_AFO5tTqn4Q8XmqB,after,amotivation,18,3
R_3fiMnltHW0VY7HP,before,instrinsic_motivation,1,6
R_3fiMnltHW0VY7HP,before,instrinsic_motivation,2,5
R_3fiMnltHW0VY7HP,before,instrinsic_motivation,3,5
R_3fiMnltHW0VY7HP,before,integrated_regulation,4,4
R_3fiMnltHW0VY7HP,before,integrated_regulation,5,3
R_3fiMnltHW0VY7HP,before,integrated_regulation,6,3
R_3fiMnltHW0VY7HP,before,identified_regulation,7,4
R_3fiMnltHW0VY7HP,before,identified_regulation,8,4
R_3fiMnltHW0VY7HP,before,identified_regulation,9,4
R_3fiMnltHW0VY7HP,before,introjected_regulation,10,3
R_3fiMnltHW0VY7HP,before,introjected_regulation,11,3
R_3fiMnltHW0VY7HP,before,introjected_regulation,12,3
R_3fiMnltHW0VY7HP,before,external_regulation,13,5
R_3fiMnltHW0VY7HP,before,external_regulation,14,6
R_3fiMnltHW0VY7HP,before,external_regulation,15,2
R_3fiMnltHW0VY7HP,before,amotivation,16,2
R_3fiMnltHW0VY7HP,before,amotivation,17,2
R_3fiMnltHW0VY7HP,before,amotivation,18,4
R_3fiMnltHW0VY7HP,after,instrinsic_motivation,1,6
R_3fiMnltHW0VY7HP,after,instrinsic_motivation,2,5
R_3fiMnltHW0VY7HP,after,instrinsic_motivation,3,4
R_3fiMnltHW0VY7HP,after,integrated_regulation,4,3
R_3fiMnltHW0VY7HP,after,integrated_regulation,5,3
R_3fiMnltHW0VY7HP,after,integrated_regulation,6,2
R_3fiMnltHW0VY7HP,after,identified_regulation,7,3
R_3fiMnltHW0VY7HP,after,identified_regulation,8,3
R_3fiMnltHW0VY7HP,after,identified_regulation,9,2
R_3fiMnltHW0VY7HP,after,introjected_regulation,10,2
R_3fiMnltHW0VY7HP,after,introjected_regulation,11,1
R_3fiMnltHW0VY7HP,after,introjected_regulation,12,2
R_3fiMnltHW0VY7HP,after,external_regulation,13,5
R_3fiMnltHW0VY7HP,after,external_regulation,14,5
R_3fiMnltHW0VY7HP,after,external_regulation,15,5
R_3fiMnltHW0VY7HP,after,amotivation,16,3
R_3fiMnltHW0VY7HP,after,amotivation,17,3
R_3fiMnltHW0VY7HP,after,amotivation,18,3
R_2qpx286lR9fjVMC,before,instrinsic_motivation,1,5
R_2qpx286lR9fjVMC,before,instrinsic_motivation,2,4
R_2qpx286lR9fjVMC,before,instrinsic_motivation,3,5
R_2qpx286lR9fjVMC,before,integrated_regulation,4,3
R_2qpx286lR9fjVMC,before,integrated_regulation,5,3
R_2qpx286lR9fjVMC,before,integrated_regulation,6,2
R_2qpx286lR9fjVMC,before,identified_regulation,7,3
R_2qpx286lR9fjVMC,before,identified_regulation,8,2
R_2qpx286lR9fjVMC,before,identified_regulation,9,4
R_2qpx286lR9fjVMC,before,introjected_regulation,10,4
R_2qpx286lR9fjVMC,before,introjected_regulation,11,2
R_2qpx286lR9fjVMC,before,introjected_regulation,12,2
R_2qpx286lR9fjVMC,before,external_regulation,13,4
R_2qpx286lR9fjVMC,before,external_regulation,14,4
R_2qpx286lR9fjVMC,before,external_regulation,15,4
R_2qpx286lR9fjVMC,before,amotivation,16,6
R_2qpx286lR9fjVMC,before,amotivation,17,5
R_2qpx286lR9fjVMC,before,amotivation,18,4
R_2qpx286lR9fjVMC,after,instrinsic_motivation,1,4
R_2qpx286lR9fjVMC,after,instrinsic_motivation,2,4
R_2qpx286lR9fjVMC,after,instrinsic_motivation,3,3
R_2qpx286lR9fjVMC,after,integrated_regulation,4,3
R_2qpx286lR9fjVMC,after,integrated_regulation,5,3
R_2qpx286lR9fjVMC,after,integrated_regulation,6,2
R_2qpx286lR9fjVMC,after,identified_regulation,7,2
R_2qpx286lR9fjVMC,after,identified_regulation,8,3
R_2qpx286lR9fjVMC,after,identified_regulation,9,4
R_2qpx286lR9fjVMC,after,introjected_regulation,10,3
R_2qpx286lR9fjVMC,after,introjected_regulation,11,3
R_2qpx286lR9fjVMC,after,introjected_regulation,12,3
R_2qpx286lR9fjVMC,after,external_regulation,13,4
R_2qpx286lR9fjVMC,after,external_regulation,14,4
R_2qpx286lR9fjVMC,after,external_regulation,15,4
R_2qpx286lR9fjVMC,after,amotivation,16,4
R_2qpx286lR9fjVMC,after,amotivation,17,4
R_2qpx286lR9fjVMC,after,amotivation,18,4
R_2fy7OLb5SO3rVpk,before,instrinsic_motivation,1,3
R_2fy7OLb5SO3rVpk,before,instrinsic_motivation,2,1
R_2fy7OLb5SO3rVpk,before,instrinsic_motivation,3,1
R_2fy7OLb5SO3rVpk,before,integrated_regulation,4,2
R_2fy7OLb5SO3rVpk,before,integrated_regulation,5,2
R_2fy7OLb5SO3rVpk,before,integrated_regulation,6,3
R_2fy7OLb5SO3rVpk,before,identified_regulation,7,1
R_2fy7OLb5SO3rVpk,before,identified_regulation,8,1
R_2fy7OLb5SO3rVpk,before,identified_regulation,9,1
R_2fy7OLb5SO3rVpk,before,introjected_regulation,10,1
R_2fy7OLb5SO3rVpk,before,introjected_regulation,11,2
R_2fy7OLb5SO3rVpk,before,introjected_regulation,12,3
R_2fy7OLb5SO3rVpk,before,external_regulation,13,1
R_2fy7OLb5SO3rVpk,before,external_regulation,14,1
R_2fy7OLb5SO3rVpk,before,external_regulation,15,1
R_2fy7OLb5SO3rVpk,before,amotivation,16,4
R_2fy7OLb5SO3rVpk,before,amotivation,17,4
R_2fy7OLb5SO3rVpk,before,amotivation,18,4
R_2fy7OLb5SO3rVpk,after,instrinsic_motivation,1,1
R_2fy7OLb5SO3rVpk,after,instrinsic_motivation,2,1
R_2fy7OLb5SO3rVpk,after,instrinsic_motivation,3,1
R_2fy7OLb5SO3rVpk,after,integrated_regulation,4,2
R_2fy7OLb5SO3rVpk,after,integrated_regulation,5,1
R_2fy7OLb5SO3rVpk,after,integrated_regulation,6,1
R_2fy7OLb5SO3rVpk,after,identified_regulation,7,1
R_2fy7OLb5SO3rVpk,after,identified_regulation,8,1
R_2fy7OLb5SO3rVpk,after,identified_regulation,9,1
R_2fy7OLb5SO3rVpk,after,introjected_regulation,10,1
R_2fy7OLb5SO3rVpk,after,introjected_regulation,11,4
R_2fy7OLb5SO3rVpk,after,introjected_regulation,12,4
R_2fy7OLb5SO3rVpk,after,external_regulation,13,1
R_2fy7OLb5SO3rVpk,after,external_regulation,14,1
R_2fy7OLb5SO3rVpk,after,external_regulation,15,1
R_2fy7OLb5SO3rVpk,after,amotivation,16,6
R_2fy7OLb5SO3rVpk,after,amotivation,17,6
R_2fy7OLb5SO3rVpk,after,amotivation,18,6
R_31RjR49IX1YOJ7y,before,instrinsic_motivation,1,NA
R_31RjR49IX1YOJ7y,before,instrinsic_motivation,2,NA
R_31RjR49IX1YOJ7y,before,instrinsic_motivation,3,NA
R_31RjR49IX1YOJ7y,before,integrated_regulation,4,NA
R_31RjR49IX1YOJ7y,before,integrated_regulation,5,NA
R_31RjR49IX1YOJ7y,before,integrated_regulation,6,NA
R_31RjR49IX1YOJ7y,before,identified_regulation,7,NA
R_31RjR49IX1YOJ7y,before,identified_regulation,8,NA
R_31RjR49IX1YOJ7y,before,identified_regulation,9,NA
R_31RjR49IX1YOJ7y,before,introjected_regulation,10,NA
R_31RjR49IX1YOJ7y,before,introjected_regulation,11,NA
R_31RjR49IX1YOJ7y,before,introjected_regulation,12,NA
R_31RjR49IX1YOJ7y,before,external_regulation,13,NA
R_31RjR49IX1YOJ7y,before,external_regulation,14,NA
R_31RjR49IX1YOJ7y,before,external_regulation,15,NA
R_31RjR49IX1YOJ7y,before,amotivation,16,NA
R_31RjR49IX1YOJ7y,before,amotivation,17,NA
R_31RjR49IX1YOJ7y,before,amotivation,18,NA
R_31RjR49IX1YOJ7y,after,instrinsic_motivation,1,6
R_31RjR49IX1YOJ7y,after,instrinsic_motivation,2,6
R_31RjR49IX1YOJ7y,after,instrinsic_motivation,3,6
R_31RjR49IX1YOJ7y,after,integrated_regulation,4,2
R_31RjR49IX1YOJ7y,after,integrated_regulation,5,3
R_31RjR49IX1YOJ7y,after,integrated_regulation,6,4
R_31RjR49IX1YOJ7y,after,identified_regulation,7,1
R_31RjR49IX1YOJ7y,after,identified_regulation,8,2
R_31RjR49IX1YOJ7y,after,identified_regulation,9,5
R_31RjR49IX1YOJ7y,after,introjected_regulation,10,2
R_31RjR49IX1YOJ7y,after,introjected_regulation,11,3
R_31RjR49IX1YOJ7y,after,introjected_regulation,12,2
R_31RjR49IX1YOJ7y,after,external_regulation,13,6
R_31RjR49IX1YOJ7y,after,external_regulation,14,6
R_31RjR49IX1YOJ7y,after,external_regulation,15,4
R_31RjR49IX1YOJ7y,after,amotivation,16,1
R_31RjR49IX1YOJ7y,after,amotivation,17,1
R_31RjR49IX1YOJ7y,after,amotivation,18,1
R_yl0OHDoTCu63b7b,before,instrinsic_motivation,1,5
R_yl0OHDoTCu63b7b,before,instrinsic_motivation,2,4
R_yl0OHDoTCu63b7b,before,instrinsic_motivation,3,6
R_yl0OHDoTCu63b7b,before,integrated_regulation,4,6
R_yl0OHDoTCu63b7b,before,integrated_regulation,5,5
R_yl0OHDoTCu63b7b,before,integrated_regulation,6,5
R_yl0OHDoTCu63b7b,before,identified_regulation,7,3
R_yl0OHDoTCu63b7b,before,identified_regulation,8,3
R_yl0OHDoTCu63b7b,before,identified_regulation,9,4
R_yl0OHDoTCu63b7b,before,introjected_regulation,10,1
R_yl0OHDoTCu63b7b,before,introjected_regulation,11,2
R_yl0OHDoTCu63b7b,before,introjected_regulation,12,3
R_yl0OHDoTCu63b7b,before,external_regulation,13,3
R_yl0OHDoTCu63b7b,before,external_regulation,14,3
R_yl0OHDoTCu63b7b,before,external_regulation,15,3
R_yl0OHDoTCu63b7b,before,amotivation,16,4
R_yl0OHDoTCu63b7b,before,amotivation,17,4
R_yl0OHDoTCu63b7b,before,amotivation,18,4
R_yl0OHDoTCu63b7b,after,instrinsic_motivation,1,5
R_yl0OHDoTCu63b7b,after,instrinsic_motivation,2,4
R_yl0OHDoTCu63b7b,after,instrinsic_motivation,3,5
R_yl0OHDoTCu63b7b,after,integrated_regulation,4,4
R_yl0OHDoTCu63b7b,after,integrated_regulation,5,4
R_yl0OHDoTCu63b7b,after,integrated_regulation,6,4
R_yl0OHDoTCu63b7b,after,identified_regulation,7,3
R_yl0OHDoTCu63b7b,after,identified_regulation,8,3
R_yl0OHDoTCu63b7b,after,identified_regulation,9,5
R_yl0OHDoTCu63b7b,after,introjected_regulation,10,3
R_yl0OHDoTCu63b7b,after,introjected_regulation,11,4
R_yl0OHDoTCu63b7b,after,introjected_regulation,12,5
R_yl0OHDoTCu63b7b,after,external_regulation,13,4
R_yl0OHDoTCu63b7b,after,external_regulation,14,4
R_yl0OHDoTCu63b7b,after,external_regulation,15,3
R_yl0OHDoTCu63b7b,after,amotivation,16,4
R_yl0OHDoTCu63b7b,after,amotivation,17,4
R_yl0OHDoTCu63b7b,after,amotivation,18,4
R_8vUJrorD6qPhNCh,before,instrinsic_motivation,1,6
R_8vUJrorD6qPhNCh,before,instrinsic_motivation,2,5
R_8vUJrorD6qPhNCh,before,instrinsic_motivation,3,5
R_8vUJrorD6qPhNCh,before,integrated_regulation,4,1
R_8vUJrorD6qPhNCh,before,integrated_regulation,5,1
R_8vUJrorD6qPhNCh,before,integrated_regulation,6,3
R_8vUJrorD6qPhNCh,before,identified_regulation,7,1
R_8vUJrorD6qPhNCh,before,identified_regulation,8,1
R_8vUJrorD6qPhNCh,before,identified_regulation,9,4
R_8vUJrorD6qPhNCh,before,introjected_regulation,10,1
R_8vUJrorD6qPhNCh,before,introjected_regulation,11,2
R_8vUJrorD6qPhNCh,before,introjected_regulation,12,1
R_8vUJrorD6qPhNCh,before,external_regulation,13,3
R_8vUJrorD6qPhNCh,before,external_regulation,14,1
R_8vUJrorD6qPhNCh,before,external_regulation,15,1
R_8vUJrorD6qPhNCh,before,amotivation,16,1
R_8vUJrorD6qPhNCh,before,amotivation,17,3
R_8vUJrorD6qPhNCh,before,amotivation,18,1
R_8vUJrorD6qPhNCh,after,instrinsic_motivation,1,6
R_8vUJrorD6qPhNCh,after,instrinsic_motivation,2,4
R_8vUJrorD6qPhNCh,after,instrinsic_motivation,3,3
R_8vUJrorD6qPhNCh,after,integrated_regulation,4,1
R_8vUJrorD6qPhNCh,after,integrated_regulation,5,1
R_8vUJrorD6qPhNCh,after,integrated_regulation,6,1
R_8vUJrorD6qPhNCh,after,identified_regulation,7,1
R_8vUJrorD6qPhNCh,after,identified_regulation,8,1
R_8vUJrorD6qPhNCh,after,identified_regulation,9,4
R_8vUJrorD6qPhNCh,after,introjected_regulation,10,1
R_8vUJrorD6qPhNCh,after,introjected_regulation,11,3
R_8vUJrorD6qPhNCh,after,introjected_regulation,12,1
R_8vUJrorD6qPhNCh,after,external_regulation,13,1
R_8vUJrorD6qPhNCh,after,external_regulation,14,1
R_8vUJrorD6qPhNCh,after,external_regulation,15,3
R_8vUJrorD6qPhNCh,after,amotivation,16,1
R_8vUJrorD6qPhNCh,after,amotivation,17,1
R_8vUJrorD6qPhNCh,after,amotivation,18,1
R_Wrr9h9YwjeBoNpf,before,instrinsic_motivation,1,4
R_Wrr9h9YwjeBoNpf,before,instrinsic_motivation,2,5
R_Wrr9h9YwjeBoNpf,before,instrinsic_motivation,3,5
R_Wrr9h9YwjeBoNpf,before,integrated_regulation,4,4
R_Wrr9h9YwjeBoNpf,before,integrated_regulation,5,5
R_Wrr9h9YwjeBoNpf,before,integrated_regulation,6,4
R_Wrr9h9YwjeBoNpf,before,identified_regulation,7,5
R_Wrr9h9YwjeBoNpf,before,identified_regulation,8,4
R_Wrr9h9YwjeBoNpf,before,identified_regulation,9,5
R_Wrr9h9YwjeBoNpf,before,introjected_regulation,10,1
R_Wrr9h9YwjeBoNpf,before,introjected_regulation,11,1
R_Wrr9h9YwjeBoNpf,before,introjected_regulation,12,1
R_Wrr9h9YwjeBoNpf,before,external_regulation,13,4
R_Wrr9h9YwjeBoNpf,before,external_regulation,14,4
R_Wrr9h9YwjeBoNpf,before,external_regulation,15,3
R_Wrr9h9YwjeBoNpf,before,amotivation,16,1
R_Wrr9h9YwjeBoNpf,before,amotivation,17,1
R_Wrr9h9YwjeBoNpf,before,amotivation,18,1
R_Wrr9h9YwjeBoNpf,after,instrinsic_motivation,1,4
R_Wrr9h9YwjeBoNpf,after,instrinsic_motivation,2,5
R_Wrr9h9YwjeBoNpf,after,instrinsic_motivation,3,4
R_Wrr9h9YwjeBoNpf,after,integrated_regulation,4,4
R_Wrr9h9YwjeBoNpf,after,integrated_regulation,5,4
R_Wrr9h9YwjeBoNpf,after,integrated_regulation,6,3
R_Wrr9h9YwjeBoNpf,after,identified_regulation,7,4
R_Wrr9h9YwjeBoNpf,after,identified_regulation,8,3
R_Wrr9h9YwjeBoNpf,after,identified_regulation,9,4
R_Wrr9h9YwjeBoNpf,after,introjected_regulation,10,1
R_Wrr9h9YwjeBoNpf,after,introjected_regulation,11,1
R_Wrr9h9YwjeBoNpf,after,introjected_regulation,12,1
R_Wrr9h9YwjeBoNpf,after,external_regulation,13,3
R_Wrr9h9YwjeBoNpf,after,external_regulation,14,4
R_Wrr9h9YwjeBoNpf,after,external_regulation,15,3
R_Wrr9h9YwjeBoNpf,after,amotivation,16,1
R_Wrr9h9YwjeBoNpf,after,amotivation,17,1
R_Wrr9h9YwjeBoNpf,after,amotivation,18,1
R_SDnvXDdPlMdrs9r,before,instrinsic_motivation,1,6
R_SDnvXDdPlMdrs9r,before,instrinsic_motivation,2,6
R_SDnvXDdPlMdrs9r,before,instrinsic_motivation,3,6
R_SDnvXDdPlMdrs9r,before,integrated_regulation,4,1
R_SDnvXDdPlMdrs9r,before,integrated_regulation,5,4
R_SDnvXDdPlMdrs9r,before,integrated_regulation,6,6
R_SDnvXDdPlMdrs9r,before,identified_regulation,7,6
R_SDnvXDdPlMdrs9r,before,identified_regulation,8,6
R_SDnvXDdPlMdrs9r,before,identified_regulation,9,6
R_SDnvXDdPlMdrs9r,before,introjected_regulation,10,4
R_SDnvXDdPlMdrs9r,before,introjected_regulation,11,1
R_SDnvXDdPlMdrs9r,before,introjected_regulation,12,1
R_SDnvXDdPlMdrs9r,before,external_regulation,13,1
R_SDnvXDdPlMdrs9r,before,external_regulation,14,1
R_SDnvXDdPlMdrs9r,before,external_regulation,15,1
R_SDnvXDdPlMdrs9r,before,amotivation,16,1
R_SDnvXDdPlMdrs9r,before,amotivation,17,1
R_SDnvXDdPlMdrs9r,before,amotivation,18,1
R_SDnvXDdPlMdrs9r,after,instrinsic_motivation,1,6
R_SDnvXDdPlMdrs9r,after,instrinsic_motivation,2,6
R_SDnvXDdPlMdrs9r,after,instrinsic_motivation,3,6
R_SDnvXDdPlMdrs9r,after,integrated_regulation,4,5
R_SDnvXDdPlMdrs9r,after,integrated_regulation,5,4
R_SDnvXDdPlMdrs9r,after,integrated_regulation,6,4
R_SDnvXDdPlMdrs9r,after,identified_regulation,7,6
R_SDnvXDdPlMdrs9r,after,identified_regulation,8,6
R_SDnvXDdPlMdrs9r,after,identified_regulation,9,5
R_SDnvXDdPlMdrs9r,after,introjected_regulation,10,2
R_SDnvXDdPlMdrs9r,after,introjected_regulation,11,2
R_SDnvXDdPlMdrs9r,after,introjected_regulation,12,2
R_SDnvXDdPlMdrs9r,after,external_regulation,13,1
R_SDnvXDdPlMdrs9r,after,external_regulation,14,1
R_SDnvXDdPlMdrs9r,after,external_regulation,15,1
R_SDnvXDdPlMdrs9r,after,amotivation,16,1
R_SDnvXDdPlMdrs9r,after,amotivation,17,1
R_SDnvXDdPlMdrs9r,after,amotivation,18,1
