response_id,lockdown_period,subscale,item,score,loneliness_subscale
R_w7AV8G1eEuySSVr,before,loneliness_extended,1,1,social_loneliness
R_w7AV8G1eEuySSVr,before,loneliness_extended,2,1,emotional_loneliness
R_w7AV8G1eEuySSVr,before,loneliness_extended,3,1,emotional_loneliness
R_w7AV8G1eEuySSVr,before,loneliness_extended,4,0,social_loneliness
R_w7AV8G1eEuySSVr,before,loneliness_extended,5,1,emotional_loneliness
R_w7AV8G1eEuySSVr,before,loneliness_extended,6,0,emotional_loneliness
R_w7AV8G1eEuySSVr,before,loneliness_extended,7,0,social_loneliness
R_w7AV8G1eEuySSVr,before,loneliness_extended,8,0,social_loneliness
R_w7AV8G1eEuySSVr,before,loneliness_extended,9,1,emotional_loneliness
R_w7AV8G1eEuySSVr,before,loneliness_extended,10,1,emotional_loneliness
R_w7AV8G1eEuySSVr,before,loneliness_extended,11,0,social_loneliness
R_w7AV8G1eEuySSVr,during,loneliness_extended,1,1,social_loneliness
R_w7AV8G1eEuySSVr,during,loneliness_extended,2,1,emotional_loneliness
R_w7AV8G1eEuySSVr,during,loneliness_extended,3,1,emotional_loneliness
R_w7AV8G1eEuySSVr,during,loneliness_extended,4,0,social_loneliness
R_w7AV8G1eEuySSVr,during,loneliness_extended,5,1,emotional_loneliness
R_w7AV8G1eEuySSVr,during,loneliness_extended,6,0,emotional_loneliness
R_w7AV8G1eEuySSVr,during,loneliness_extended,7,0,social_loneliness
R_w7AV8G1eEuySSVr,during,loneliness_extended,8,0,social_loneliness
R_w7AV8G1eEuySSVr,during,loneliness_extended,9,1,emotional_loneliness
R_w7AV8G1eEuySSVr,during,loneliness_extended,10,1,emotional_loneliness
R_w7AV8G1eEuySSVr,during,loneliness_extended,11,0,social_loneliness
R_3g11OuFlZDreUWH,before,loneliness_extended,1,1,social_loneliness
R_3g11OuFlZDreUWH,before,loneliness_extended,2,1,emotional_loneliness
R_3g11OuFlZDreUWH,before,loneliness_extended,3,1,emotional_loneliness
R_3g11OuFlZDreUWH,before,loneliness_extended,4,1,social_loneliness
R_3g11OuFlZDreUWH,before,loneliness_extended,5,1,emotional_loneliness
R_3g11OuFlZDreUWH,before,loneliness_extended,6,1,emotional_loneliness
R_3g11OuFlZDreUWH,before,loneliness_extended,7,1,social_loneliness
R_3g11OuFlZDreUWH,before,loneliness_extended,8,1,social_loneliness
R_3g11OuFlZDreUWH,before,loneliness_extended,9,1,emotional_loneliness
R_3g11OuFlZDreUWH,before,loneliness_extended,10,1,emotional_loneliness
R_3g11OuFlZDreUWH,before,loneliness_extended,11,1,social_loneliness
R_3g11OuFlZDreUWH,during,loneliness_extended,1,1,social_loneliness
R_3g11OuFlZDreUWH,during,loneliness_extended,2,1,emotional_loneliness
R_3g11OuFlZDreUWH,during,loneliness_extended,3,1,emotional_loneliness
R_3g11OuFlZDreUWH,during,loneliness_extended,4,1,social_loneliness
R_3g11OuFlZDreUWH,during,loneliness_extended,5,1,emotional_loneliness
R_3g11OuFlZDreUWH,during,loneliness_extended,6,0,emotional_loneliness
R_3g11OuFlZDreUWH,during,loneliness_extended,7,1,social_loneliness
R_3g11OuFlZDreUWH,during,loneliness_extended,8,1,social_loneliness
R_3g11OuFlZDreUWH,during,loneliness_extended,9,1,emotional_loneliness
R_3g11OuFlZDreUWH,during,loneliness_extended,10,1,emotional_loneliness
R_3g11OuFlZDreUWH,during,loneliness_extended,11,1,social_loneliness
R_ZIyPy9Dq6G7mGIx,before,loneliness_extended,1,1,social_loneliness
R_ZIyPy9Dq6G7mGIx,before,loneliness_extended,2,0,emotional_loneliness
R_ZIyPy9Dq6G7mGIx,before,loneliness_extended,3,1,emotional_loneliness
R_ZIyPy9Dq6G7mGIx,before,loneliness_extended,4,0,social_loneliness
R_ZIyPy9Dq6G7mGIx,before,loneliness_extended,5,1,emotional_loneliness
R_ZIyPy9Dq6G7mGIx,before,loneliness_extended,6,0,emotional_loneliness
R_ZIyPy9Dq6G7mGIx,before,loneliness_extended,7,1,social_loneliness
R_ZIyPy9Dq6G7mGIx,before,loneliness_extended,8,1,social_loneliness
R_ZIyPy9Dq6G7mGIx,before,loneliness_extended,9,1,emotional_loneliness
R_ZIyPy9Dq6G7mGIx,before,loneliness_extended,10,1,emotional_loneliness
R_ZIyPy9Dq6G7mGIx,before,loneliness_extended,11,1,social_loneliness
R_ZIyPy9Dq6G7mGIx,during,loneliness_extended,1,1,social_loneliness
R_ZIyPy9Dq6G7mGIx,during,loneliness_extended,2,0,emotional_loneliness
R_ZIyPy9Dq6G7mGIx,during,loneliness_extended,3,1,emotional_loneliness
R_ZIyPy9Dq6G7mGIx,during,loneliness_extended,4,1,social_loneliness
R_ZIyPy9Dq6G7mGIx,during,loneliness_extended,5,1,emotional_loneliness
R_ZIyPy9Dq6G7mGIx,during,loneliness_extended,6,0,emotional_loneliness
R_ZIyPy9Dq6G7mGIx,during,loneliness_extended,7,1,social_loneliness
R_ZIyPy9Dq6G7mGIx,during,loneliness_extended,8,0,social_loneliness
R_ZIyPy9Dq6G7mGIx,during,loneliness_extended,9,1,emotional_loneliness
R_ZIyPy9Dq6G7mGIx,during,loneliness_extended,10,0,emotional_loneliness
R_ZIyPy9Dq6G7mGIx,during,loneliness_extended,11,0,social_loneliness
R_Rfb8RkRh6RRJLTr,before,loneliness_extended,1,1,social_loneliness
R_Rfb8RkRh6RRJLTr,before,loneliness_extended,2,1,emotional_loneliness
R_Rfb8RkRh6RRJLTr,before,loneliness_extended,3,0,emotional_loneliness
R_Rfb8RkRh6RRJLTr,before,loneliness_extended,4,1,social_loneliness
R_Rfb8RkRh6RRJLTr,before,loneliness_extended,5,1,emotional_loneliness
R_Rfb8RkRh6RRJLTr,before,loneliness_extended,6,0,emotional_loneliness
R_Rfb8RkRh6RRJLTr,before,loneliness_extended,7,1,social_loneliness
R_Rfb8RkRh6RRJLTr,before,loneliness_extended,8,1,social_loneliness
R_Rfb8RkRh6RRJLTr,before,loneliness_extended,9,1,emotional_loneliness
R_Rfb8RkRh6RRJLTr,before,loneliness_extended,10,0,emotional_loneliness
R_Rfb8RkRh6RRJLTr,before,loneliness_extended,11,1,social_loneliness
R_Rfb8RkRh6RRJLTr,during,loneliness_extended,1,1,social_loneliness
R_Rfb8RkRh6RRJLTr,during,loneliness_extended,2,1,emotional_loneliness
R_Rfb8RkRh6RRJLTr,during,loneliness_extended,3,1,emotional_loneliness
R_Rfb8RkRh6RRJLTr,during,loneliness_extended,4,1,social_loneliness
R_Rfb8RkRh6RRJLTr,during,loneliness_extended,5,1,emotional_loneliness
R_Rfb8RkRh6RRJLTr,during,loneliness_extended,6,1,emotional_loneliness
R_Rfb8RkRh6RRJLTr,during,loneliness_extended,7,1,social_loneliness
R_Rfb8RkRh6RRJLTr,during,loneliness_extended,8,1,social_loneliness
R_Rfb8RkRh6RRJLTr,during,loneliness_extended,9,1,emotional_loneliness
R_Rfb8RkRh6RRJLTr,during,loneliness_extended,10,1,emotional_loneliness
R_Rfb8RkRh6RRJLTr,during,loneliness_extended,11,0,social_loneliness
R_3EbuYRY1KfEPCX3,before,loneliness_extended,1,0,social_loneliness
R_3EbuYRY1KfEPCX3,before,loneliness_extended,2,1,emotional_loneliness
R_3EbuYRY1KfEPCX3,before,loneliness_extended,3,1,emotional_loneliness
R_3EbuYRY1KfEPCX3,before,loneliness_extended,4,0,social_loneliness
R_3EbuYRY1KfEPCX3,before,loneliness_extended,5,1,emotional_loneliness
R_3EbuYRY1KfEPCX3,before,loneliness_extended,6,0,emotional_loneliness
R_3EbuYRY1KfEPCX3,before,loneliness_extended,7,0,social_loneliness
R_3EbuYRY1KfEPCX3,before,loneliness_extended,8,0,social_loneliness
R_3EbuYRY1KfEPCX3,before,loneliness_extended,9,1,emotional_loneliness
R_3EbuYRY1KfEPCX3,before,loneliness_extended,10,0,emotional_loneliness
R_3EbuYRY1KfEPCX3,before,loneliness_extended,11,0,social_loneliness
R_3EbuYRY1KfEPCX3,during,loneliness_extended,1,0,social_loneliness
R_3EbuYRY1KfEPCX3,during,loneliness_extended,2,1,emotional_loneliness
R_3EbuYRY1KfEPCX3,during,loneliness_extended,3,1,emotional_loneliness
R_3EbuYRY1KfEPCX3,during,loneliness_extended,4,0,social_loneliness
R_3EbuYRY1KfEPCX3,during,loneliness_extended,5,1,emotional_loneliness
R_3EbuYRY1KfEPCX3,during,loneliness_extended,6,0,emotional_loneliness
R_3EbuYRY1KfEPCX3,during,loneliness_extended,7,0,social_loneliness
R_3EbuYRY1KfEPCX3,during,loneliness_extended,8,0,social_loneliness
R_3EbuYRY1KfEPCX3,during,loneliness_extended,9,1,emotional_loneliness
R_3EbuYRY1KfEPCX3,during,loneliness_extended,10,0,emotional_loneliness
R_3EbuYRY1KfEPCX3,during,loneliness_extended,11,0,social_loneliness
R_3fW7nwlGuhwYbo5,before,loneliness_extended,1,1,social_loneliness
R_3fW7nwlGuhwYbo5,before,loneliness_extended,2,1,emotional_loneliness
R_3fW7nwlGuhwYbo5,before,loneliness_extended,3,1,emotional_loneliness
R_3fW7nwlGuhwYbo5,before,loneliness_extended,4,0,social_loneliness
R_3fW7nwlGuhwYbo5,before,loneliness_extended,5,1,emotional_loneliness
R_3fW7nwlGuhwYbo5,before,loneliness_extended,6,1,emotional_loneliness
R_3fW7nwlGuhwYbo5,before,loneliness_extended,7,0,social_loneliness
R_3fW7nwlGuhwYbo5,before,loneliness_extended,8,0,social_loneliness
R_3fW7nwlGuhwYbo5,before,loneliness_extended,9,1,emotional_loneliness
R_3fW7nwlGuhwYbo5,before,loneliness_extended,10,0,emotional_loneliness
R_3fW7nwlGuhwYbo5,before,loneliness_extended,11,0,social_loneliness
R_3fW7nwlGuhwYbo5,during,loneliness_extended,1,1,social_loneliness
R_3fW7nwlGuhwYbo5,during,loneliness_extended,2,1,emotional_loneliness
R_3fW7nwlGuhwYbo5,during,loneliness_extended,3,1,emotional_loneliness
R_3fW7nwlGuhwYbo5,during,loneliness_extended,4,1,social_loneliness
R_3fW7nwlGuhwYbo5,during,loneliness_extended,5,1,emotional_loneliness
R_3fW7nwlGuhwYbo5,during,loneliness_extended,6,1,emotional_loneliness
R_3fW7nwlGuhwYbo5,during,loneliness_extended,7,0,social_loneliness
R_3fW7nwlGuhwYbo5,during,loneliness_extended,8,1,social_loneliness
R_3fW7nwlGuhwYbo5,during,loneliness_extended,9,1,emotional_loneliness
R_3fW7nwlGuhwYbo5,during,loneliness_extended,10,0,emotional_loneliness
R_3fW7nwlGuhwYbo5,during,loneliness_extended,11,1,social_loneliness
R_vlag3f3fIWmaxeV,before,loneliness_extended,1,0,social_loneliness
R_vlag3f3fIWmaxeV,before,loneliness_extended,2,1,emotional_loneliness
R_vlag3f3fIWmaxeV,before,loneliness_extended,3,0,emotional_loneliness
R_vlag3f3fIWmaxeV,before,loneliness_extended,4,0,social_loneliness
R_vlag3f3fIWmaxeV,before,loneliness_extended,5,1,emotional_loneliness
R_vlag3f3fIWmaxeV,before,loneliness_extended,6,1,emotional_loneliness
R_vlag3f3fIWmaxeV,before,loneliness_extended,7,0,social_loneliness
R_vlag3f3fIWmaxeV,before,loneliness_extended,8,0,social_loneliness
R_vlag3f3fIWmaxeV,before,loneliness_extended,9,1,emotional_loneliness
R_vlag3f3fIWmaxeV,before,loneliness_extended,10,1,emotional_loneliness
R_vlag3f3fIWmaxeV,before,loneliness_extended,11,0,social_loneliness
R_vlag3f3fIWmaxeV,during,loneliness_extended,1,0,social_loneliness
R_vlag3f3fIWmaxeV,during,loneliness_extended,2,1,emotional_loneliness
R_vlag3f3fIWmaxeV,during,loneliness_extended,3,1,emotional_loneliness
R_vlag3f3fIWmaxeV,during,loneliness_extended,4,1,social_loneliness
R_vlag3f3fIWmaxeV,during,loneliness_extended,5,1,emotional_loneliness
R_vlag3f3fIWmaxeV,during,loneliness_extended,6,1,emotional_loneliness
R_vlag3f3fIWmaxeV,during,loneliness_extended,7,0,social_loneliness
R_vlag3f3fIWmaxeV,during,loneliness_extended,8,1,social_loneliness
R_vlag3f3fIWmaxeV,during,loneliness_extended,9,1,emotional_loneliness
R_vlag3f3fIWmaxeV,during,loneliness_extended,10,0,emotional_loneliness
R_vlag3f3fIWmaxeV,during,loneliness_extended,11,0,social_loneliness
R_9Y4ZP3qLoi3t7fH,before,loneliness_extended,1,1,social_loneliness
R_9Y4ZP3qLoi3t7fH,before,loneliness_extended,2,1,emotional_loneliness
R_9Y4ZP3qLoi3t7fH,before,loneliness_extended,3,1,emotional_loneliness
R_9Y4ZP3qLoi3t7fH,before,loneliness_extended,4,1,social_loneliness
R_9Y4ZP3qLoi3t7fH,before,loneliness_extended,5,1,emotional_loneliness
R_9Y4ZP3qLoi3t7fH,before,loneliness_extended,6,1,emotional_loneliness
R_9Y4ZP3qLoi3t7fH,before,loneliness_extended,7,1,social_loneliness
R_9Y4ZP3qLoi3t7fH,before,loneliness_extended,8,1,social_loneliness
R_9Y4ZP3qLoi3t7fH,before,loneliness_extended,9,1,emotional_loneliness
R_9Y4ZP3qLoi3t7fH,before,loneliness_extended,10,0,emotional_loneliness
R_9Y4ZP3qLoi3t7fH,before,loneliness_extended,11,1,social_loneliness
R_9Y4ZP3qLoi3t7fH,during,loneliness_extended,1,1,social_loneliness
R_9Y4ZP3qLoi3t7fH,during,loneliness_extended,2,1,emotional_loneliness
R_9Y4ZP3qLoi3t7fH,during,loneliness_extended,3,1,emotional_loneliness
R_9Y4ZP3qLoi3t7fH,during,loneliness_extended,4,1,social_loneliness
R_9Y4ZP3qLoi3t7fH,during,loneliness_extended,5,1,emotional_loneliness
R_9Y4ZP3qLoi3t7fH,during,loneliness_extended,6,1,emotional_loneliness
R_9Y4ZP3qLoi3t7fH,during,loneliness_extended,7,1,social_loneliness
R_9Y4ZP3qLoi3t7fH,during,loneliness_extended,8,1,social_loneliness
R_9Y4ZP3qLoi3t7fH,during,loneliness_extended,9,1,emotional_loneliness
R_9Y4ZP3qLoi3t7fH,during,loneliness_extended,10,0,emotional_loneliness
R_9Y4ZP3qLoi3t7fH,during,loneliness_extended,11,1,social_loneliness
R_5AVWI45K9Om73Gh,before,loneliness_extended,1,0,social_loneliness
R_5AVWI45K9Om73Gh,before,loneliness_extended,2,1,emotional_loneliness
R_5AVWI45K9Om73Gh,before,loneliness_extended,3,1,emotional_loneliness
R_5AVWI45K9Om73Gh,before,loneliness_extended,4,0,social_loneliness
R_5AVWI45K9Om73Gh,before,loneliness_extended,5,1,emotional_loneliness
R_5AVWI45K9Om73Gh,before,loneliness_extended,6,0,emotional_loneliness
R_5AVWI45K9Om73Gh,before,loneliness_extended,7,1,social_loneliness
R_5AVWI45K9Om73Gh,before,loneliness_extended,8,1,social_loneliness
R_5AVWI45K9Om73Gh,before,loneliness_extended,9,1,emotional_loneliness
R_5AVWI45K9Om73Gh,before,loneliness_extended,10,0,emotional_loneliness
R_5AVWI45K9Om73Gh,before,loneliness_extended,11,0,social_loneliness
R_5AVWI45K9Om73Gh,during,loneliness_extended,1,0,social_loneliness
R_5AVWI45K9Om73Gh,during,loneliness_extended,2,1,emotional_loneliness
R_5AVWI45K9Om73Gh,during,loneliness_extended,3,1,emotional_loneliness
R_5AVWI45K9Om73Gh,during,loneliness_extended,4,0,social_loneliness
R_5AVWI45K9Om73Gh,during,loneliness_extended,5,1,emotional_loneliness
R_5AVWI45K9Om73Gh,during,loneliness_extended,6,0,emotional_loneliness
R_5AVWI45K9Om73Gh,during,loneliness_extended,7,1,social_loneliness
R_5AVWI45K9Om73Gh,during,loneliness_extended,8,0,social_loneliness
R_5AVWI45K9Om73Gh,during,loneliness_extended,9,1,emotional_loneliness
R_5AVWI45K9Om73Gh,during,loneliness_extended,10,0,emotional_loneliness
R_5AVWI45K9Om73Gh,during,loneliness_extended,11,0,social_loneliness
R_0xNlcN3NDWsWFsl,before,loneliness_extended,1,0,social_loneliness
R_0xNlcN3NDWsWFsl,before,loneliness_extended,2,1,emotional_loneliness
R_0xNlcN3NDWsWFsl,before,loneliness_extended,3,0,emotional_loneliness
R_0xNlcN3NDWsWFsl,before,loneliness_extended,4,0,social_loneliness
R_0xNlcN3NDWsWFsl,before,loneliness_extended,5,1,emotional_loneliness
R_0xNlcN3NDWsWFsl,before,loneliness_extended,6,1,emotional_loneliness
R_0xNlcN3NDWsWFsl,before,loneliness_extended,7,0,social_loneliness
R_0xNlcN3NDWsWFsl,before,loneliness_extended,8,1,social_loneliness
R_0xNlcN3NDWsWFsl,before,loneliness_extended,9,1,emotional_loneliness
R_0xNlcN3NDWsWFsl,before,loneliness_extended,10,0,emotional_loneliness
R_0xNlcN3NDWsWFsl,before,loneliness_extended,11,0,social_loneliness
R_0xNlcN3NDWsWFsl,during,loneliness_extended,1,0,social_loneliness
R_0xNlcN3NDWsWFsl,during,loneliness_extended,2,1,emotional_loneliness
R_0xNlcN3NDWsWFsl,during,loneliness_extended,3,0,emotional_loneliness
R_0xNlcN3NDWsWFsl,during,loneliness_extended,4,0,social_loneliness
R_0xNlcN3NDWsWFsl,during,loneliness_extended,5,1,emotional_loneliness
R_0xNlcN3NDWsWFsl,during,loneliness_extended,6,1,emotional_loneliness
R_0xNlcN3NDWsWFsl,during,loneliness_extended,7,0,social_loneliness
R_0xNlcN3NDWsWFsl,during,loneliness_extended,8,1,social_loneliness
R_0xNlcN3NDWsWFsl,during,loneliness_extended,9,1,emotional_loneliness
R_0xNlcN3NDWsWFsl,during,loneliness_extended,10,0,emotional_loneliness
R_0xNlcN3NDWsWFsl,during,loneliness_extended,11,0,social_loneliness
R_2ZNqbe16jkaSqDs,before,loneliness_extended,1,0,social_loneliness
R_2ZNqbe16jkaSqDs,before,loneliness_extended,2,0,emotional_loneliness
R_2ZNqbe16jkaSqDs,before,loneliness_extended,3,0,emotional_loneliness
R_2ZNqbe16jkaSqDs,before,loneliness_extended,4,0,social_loneliness
R_2ZNqbe16jkaSqDs,before,loneliness_extended,5,0,emotional_loneliness
R_2ZNqbe16jkaSqDs,before,loneliness_extended,6,0,emotional_loneliness
R_2ZNqbe16jkaSqDs,before,loneliness_extended,7,0,social_loneliness
R_2ZNqbe16jkaSqDs,before,loneliness_extended,8,0,social_loneliness
R_2ZNqbe16jkaSqDs,before,loneliness_extended,9,0,emotional_loneliness
R_2ZNqbe16jkaSqDs,before,loneliness_extended,10,0,emotional_loneliness
R_2ZNqbe16jkaSqDs,before,loneliness_extended,11,0,social_loneliness
R_2ZNqbe16jkaSqDs,during,loneliness_extended,1,0,social_loneliness
R_2ZNqbe16jkaSqDs,during,loneliness_extended,2,0,emotional_loneliness
R_2ZNqbe16jkaSqDs,during,loneliness_extended,3,0,emotional_loneliness
R_2ZNqbe16jkaSqDs,during,loneliness_extended,4,0,social_loneliness
R_2ZNqbe16jkaSqDs,during,loneliness_extended,5,0,emotional_loneliness
R_2ZNqbe16jkaSqDs,during,loneliness_extended,6,0,emotional_loneliness
R_2ZNqbe16jkaSqDs,during,loneliness_extended,7,0,social_loneliness
R_2ZNqbe16jkaSqDs,during,loneliness_extended,8,0,social_loneliness
R_2ZNqbe16jkaSqDs,during,loneliness_extended,9,0,emotional_loneliness
R_2ZNqbe16jkaSqDs,during,loneliness_extended,10,0,emotional_loneliness
R_2ZNqbe16jkaSqDs,during,loneliness_extended,11,0,social_loneliness
R_1jwyyqW3BkMXKqC,before,loneliness_extended,1,1,social_loneliness
R_1jwyyqW3BkMXKqC,before,loneliness_extended,2,1,emotional_loneliness
R_1jwyyqW3BkMXKqC,before,loneliness_extended,3,1,emotional_loneliness
R_1jwyyqW3BkMXKqC,before,loneliness_extended,4,1,social_loneliness
R_1jwyyqW3BkMXKqC,before,loneliness_extended,5,1,emotional_loneliness
R_1jwyyqW3BkMXKqC,before,loneliness_extended,6,1,emotional_loneliness
R_1jwyyqW3BkMXKqC,before,loneliness_extended,7,1,social_loneliness
R_1jwyyqW3BkMXKqC,before,loneliness_extended,8,1,social_loneliness
R_1jwyyqW3BkMXKqC,before,loneliness_extended,9,1,emotional_loneliness
R_1jwyyqW3BkMXKqC,before,loneliness_extended,10,0,emotional_loneliness
R_1jwyyqW3BkMXKqC,before,loneliness_extended,11,0,social_loneliness
R_1jwyyqW3BkMXKqC,during,loneliness_extended,1,1,social_loneliness
R_1jwyyqW3BkMXKqC,during,loneliness_extended,2,1,emotional_loneliness
R_1jwyyqW3BkMXKqC,during,loneliness_extended,3,1,emotional_loneliness
R_1jwyyqW3BkMXKqC,during,loneliness_extended,4,1,social_loneliness
R_1jwyyqW3BkMXKqC,during,loneliness_extended,5,1,emotional_loneliness
R_1jwyyqW3BkMXKqC,during,loneliness_extended,6,1,emotional_loneliness
R_1jwyyqW3BkMXKqC,during,loneliness_extended,7,1,social_loneliness
R_1jwyyqW3BkMXKqC,during,loneliness_extended,8,1,social_loneliness
R_1jwyyqW3BkMXKqC,during,loneliness_extended,9,1,emotional_loneliness
R_1jwyyqW3BkMXKqC,during,loneliness_extended,10,0,emotional_loneliness
R_1jwyyqW3BkMXKqC,during,loneliness_extended,11,1,social_loneliness
R_3Dhl5RDE5WPkhjZ,before,loneliness_extended,1,1,social_loneliness
R_3Dhl5RDE5WPkhjZ,before,loneliness_extended,2,0,emotional_loneliness
R_3Dhl5RDE5WPkhjZ,before,loneliness_extended,3,0,emotional_loneliness
R_3Dhl5RDE5WPkhjZ,before,loneliness_extended,4,0,social_loneliness
R_3Dhl5RDE5WPkhjZ,before,loneliness_extended,5,0,emotional_loneliness
R_3Dhl5RDE5WPkhjZ,before,loneliness_extended,6,0,emotional_loneliness
R_3Dhl5RDE5WPkhjZ,before,loneliness_extended,7,1,social_loneliness
R_3Dhl5RDE5WPkhjZ,before,loneliness_extended,8,0,social_loneliness
R_3Dhl5RDE5WPkhjZ,before,loneliness_extended,9,0,emotional_loneliness
R_3Dhl5RDE5WPkhjZ,before,loneliness_extended,10,0,emotional_loneliness
R_3Dhl5RDE5WPkhjZ,before,loneliness_extended,11,0,social_loneliness
R_3Dhl5RDE5WPkhjZ,during,loneliness_extended,1,0,social_loneliness
R_3Dhl5RDE5WPkhjZ,during,loneliness_extended,2,0,emotional_loneliness
R_3Dhl5RDE5WPkhjZ,during,loneliness_extended,3,0,emotional_loneliness
R_3Dhl5RDE5WPkhjZ,during,loneliness_extended,4,0,social_loneliness
R_3Dhl5RDE5WPkhjZ,during,loneliness_extended,5,0,emotional_loneliness
R_3Dhl5RDE5WPkhjZ,during,loneliness_extended,6,0,emotional_loneliness
R_3Dhl5RDE5WPkhjZ,during,loneliness_extended,7,1,social_loneliness
R_3Dhl5RDE5WPkhjZ,during,loneliness_extended,8,0,social_loneliness
R_3Dhl5RDE5WPkhjZ,during,loneliness_extended,9,0,emotional_loneliness
R_3Dhl5RDE5WPkhjZ,during,loneliness_extended,10,0,emotional_loneliness
R_3Dhl5RDE5WPkhjZ,during,loneliness_extended,11,0,social_loneliness
R_82Cae0gGCtZlvZD,before,loneliness_extended,1,1,social_loneliness
R_82Cae0gGCtZlvZD,before,loneliness_extended,2,1,emotional_loneliness
R_82Cae0gGCtZlvZD,before,loneliness_extended,3,0,emotional_loneliness
R_82Cae0gGCtZlvZD,before,loneliness_extended,4,1,social_loneliness
R_82Cae0gGCtZlvZD,before,loneliness_extended,5,1,emotional_loneliness
R_82Cae0gGCtZlvZD,before,loneliness_extended,6,0,emotional_loneliness
R_82Cae0gGCtZlvZD,before,loneliness_extended,7,1,social_loneliness
R_82Cae0gGCtZlvZD,before,loneliness_extended,8,1,social_loneliness
R_82Cae0gGCtZlvZD,before,loneliness_extended,9,1,emotional_loneliness
R_82Cae0gGCtZlvZD,before,loneliness_extended,10,0,emotional_loneliness
R_82Cae0gGCtZlvZD,before,loneliness_extended,11,0,social_loneliness
R_82Cae0gGCtZlvZD,during,loneliness_extended,1,1,social_loneliness
R_82Cae0gGCtZlvZD,during,loneliness_extended,2,1,emotional_loneliness
R_82Cae0gGCtZlvZD,during,loneliness_extended,3,1,emotional_loneliness
R_82Cae0gGCtZlvZD,during,loneliness_extended,4,0,social_loneliness
R_82Cae0gGCtZlvZD,during,loneliness_extended,5,1,emotional_loneliness
R_82Cae0gGCtZlvZD,during,loneliness_extended,6,1,emotional_loneliness
R_82Cae0gGCtZlvZD,during,loneliness_extended,7,1,social_loneliness
R_82Cae0gGCtZlvZD,during,loneliness_extended,8,1,social_loneliness
R_82Cae0gGCtZlvZD,during,loneliness_extended,9,1,emotional_loneliness
R_82Cae0gGCtZlvZD,during,loneliness_extended,10,1,emotional_loneliness
R_82Cae0gGCtZlvZD,during,loneliness_extended,11,0,social_loneliness
R_0Iq1QihJbkIZGG5,before,loneliness_extended,1,0,social_loneliness
R_0Iq1QihJbkIZGG5,before,loneliness_extended,2,1,emotional_loneliness
R_0Iq1QihJbkIZGG5,before,loneliness_extended,3,1,emotional_loneliness
R_0Iq1QihJbkIZGG5,before,loneliness_extended,4,0,social_loneliness
R_0Iq1QihJbkIZGG5,before,loneliness_extended,5,1,emotional_loneliness
R_0Iq1QihJbkIZGG5,before,loneliness_extended,6,0,emotional_loneliness
R_0Iq1QihJbkIZGG5,before,loneliness_extended,7,0,social_loneliness
R_0Iq1QihJbkIZGG5,before,loneliness_extended,8,1,social_loneliness
R_0Iq1QihJbkIZGG5,before,loneliness_extended,9,1,emotional_loneliness
R_0Iq1QihJbkIZGG5,before,loneliness_extended,10,1,emotional_loneliness
R_0Iq1QihJbkIZGG5,before,loneliness_extended,11,0,social_loneliness
R_0Iq1QihJbkIZGG5,during,loneliness_extended,1,0,social_loneliness
R_0Iq1QihJbkIZGG5,during,loneliness_extended,2,1,emotional_loneliness
R_0Iq1QihJbkIZGG5,during,loneliness_extended,3,1,emotional_loneliness
R_0Iq1QihJbkIZGG5,during,loneliness_extended,4,0,social_loneliness
R_0Iq1QihJbkIZGG5,during,loneliness_extended,5,1,emotional_loneliness
R_0Iq1QihJbkIZGG5,during,loneliness_extended,6,0,emotional_loneliness
R_0Iq1QihJbkIZGG5,during,loneliness_extended,7,0,social_loneliness
R_0Iq1QihJbkIZGG5,during,loneliness_extended,8,0,social_loneliness
R_0Iq1QihJbkIZGG5,during,loneliness_extended,9,1,emotional_loneliness
R_0Iq1QihJbkIZGG5,during,loneliness_extended,10,0,emotional_loneliness
R_0Iq1QihJbkIZGG5,during,loneliness_extended,11,0,social_loneliness
R_XYYWZaTga3BEXdL,before,loneliness_extended,1,1,social_loneliness
R_XYYWZaTga3BEXdL,before,loneliness_extended,2,0,emotional_loneliness
R_XYYWZaTga3BEXdL,before,loneliness_extended,3,0,emotional_loneliness
R_XYYWZaTga3BEXdL,before,loneliness_extended,4,1,social_loneliness
R_XYYWZaTga3BEXdL,before,loneliness_extended,5,1,emotional_loneliness
R_XYYWZaTga3BEXdL,before,loneliness_extended,6,0,emotional_loneliness
R_XYYWZaTga3BEXdL,before,loneliness_extended,7,0,social_loneliness
R_XYYWZaTga3BEXdL,before,loneliness_extended,8,1,social_loneliness
R_XYYWZaTga3BEXdL,before,loneliness_extended,9,1,emotional_loneliness
R_XYYWZaTga3BEXdL,before,loneliness_extended,10,0,emotional_loneliness
R_XYYWZaTga3BEXdL,before,loneliness_extended,11,1,social_loneliness
R_XYYWZaTga3BEXdL,during,loneliness_extended,1,1,social_loneliness
R_XYYWZaTga3BEXdL,during,loneliness_extended,2,0,emotional_loneliness
R_XYYWZaTga3BEXdL,during,loneliness_extended,3,0,emotional_loneliness
R_XYYWZaTga3BEXdL,during,loneliness_extended,4,1,social_loneliness
R_XYYWZaTga3BEXdL,during,loneliness_extended,5,1,emotional_loneliness
R_XYYWZaTga3BEXdL,during,loneliness_extended,6,0,emotional_loneliness
R_XYYWZaTga3BEXdL,during,loneliness_extended,7,0,social_loneliness
R_XYYWZaTga3BEXdL,during,loneliness_extended,8,0,social_loneliness
R_XYYWZaTga3BEXdL,during,loneliness_extended,9,1,emotional_loneliness
R_XYYWZaTga3BEXdL,during,loneliness_extended,10,0,emotional_loneliness
R_XYYWZaTga3BEXdL,during,loneliness_extended,11,1,social_loneliness
R_31BhgcJAtt4udIx,before,loneliness_extended,1,1,social_loneliness
R_31BhgcJAtt4udIx,before,loneliness_extended,2,1,emotional_loneliness
R_31BhgcJAtt4udIx,before,loneliness_extended,3,1,emotional_loneliness
R_31BhgcJAtt4udIx,before,loneliness_extended,4,1,social_loneliness
R_31BhgcJAtt4udIx,before,loneliness_extended,5,1,emotional_loneliness
R_31BhgcJAtt4udIx,before,loneliness_extended,6,1,emotional_loneliness
R_31BhgcJAtt4udIx,before,loneliness_extended,7,1,social_loneliness
R_31BhgcJAtt4udIx,before,loneliness_extended,8,1,social_loneliness
R_31BhgcJAtt4udIx,before,loneliness_extended,9,1,emotional_loneliness
R_31BhgcJAtt4udIx,before,loneliness_extended,10,1,emotional_loneliness
R_31BhgcJAtt4udIx,before,loneliness_extended,11,0,social_loneliness
R_31BhgcJAtt4udIx,during,loneliness_extended,1,0,social_loneliness
R_31BhgcJAtt4udIx,during,loneliness_extended,2,1,emotional_loneliness
R_31BhgcJAtt4udIx,during,loneliness_extended,3,1,emotional_loneliness
R_31BhgcJAtt4udIx,during,loneliness_extended,4,0,social_loneliness
R_31BhgcJAtt4udIx,during,loneliness_extended,5,1,emotional_loneliness
R_31BhgcJAtt4udIx,during,loneliness_extended,6,1,emotional_loneliness
R_31BhgcJAtt4udIx,during,loneliness_extended,7,1,social_loneliness
R_31BhgcJAtt4udIx,during,loneliness_extended,8,1,social_loneliness
R_31BhgcJAtt4udIx,during,loneliness_extended,9,1,emotional_loneliness
R_31BhgcJAtt4udIx,during,loneliness_extended,10,1,emotional_loneliness
R_31BhgcJAtt4udIx,during,loneliness_extended,11,0,social_loneliness
R_O22BvtbesSiM9H3,before,loneliness_extended,1,0,social_loneliness
R_O22BvtbesSiM9H3,before,loneliness_extended,2,1,emotional_loneliness
R_O22BvtbesSiM9H3,before,loneliness_extended,3,1,emotional_loneliness
R_O22BvtbesSiM9H3,before,loneliness_extended,4,1,social_loneliness
R_O22BvtbesSiM9H3,before,loneliness_extended,5,1,emotional_loneliness
R_O22BvtbesSiM9H3,before,loneliness_extended,6,1,emotional_loneliness
R_O22BvtbesSiM9H3,before,loneliness_extended,7,1,social_loneliness
R_O22BvtbesSiM9H3,before,loneliness_extended,8,1,social_loneliness
R_O22BvtbesSiM9H3,before,loneliness_extended,9,1,emotional_loneliness
R_O22BvtbesSiM9H3,before,loneliness_extended,10,1,emotional_loneliness
R_O22BvtbesSiM9H3,before,loneliness_extended,11,1,social_loneliness
R_O22BvtbesSiM9H3,during,loneliness_extended,1,0,social_loneliness
R_O22BvtbesSiM9H3,during,loneliness_extended,2,1,emotional_loneliness
R_O22BvtbesSiM9H3,during,loneliness_extended,3,1,emotional_loneliness
R_O22BvtbesSiM9H3,during,loneliness_extended,4,1,social_loneliness
R_O22BvtbesSiM9H3,during,loneliness_extended,5,1,emotional_loneliness
R_O22BvtbesSiM9H3,during,loneliness_extended,6,1,emotional_loneliness
R_O22BvtbesSiM9H3,during,loneliness_extended,7,1,social_loneliness
R_O22BvtbesSiM9H3,during,loneliness_extended,8,1,social_loneliness
R_O22BvtbesSiM9H3,during,loneliness_extended,9,1,emotional_loneliness
R_O22BvtbesSiM9H3,during,loneliness_extended,10,1,emotional_loneliness
R_O22BvtbesSiM9H3,during,loneliness_extended,11,1,social_loneliness
R_22Q9Iw4NYMriVYz,before,loneliness_extended,1,0,social_loneliness
R_22Q9Iw4NYMriVYz,before,loneliness_extended,2,1,emotional_loneliness
R_22Q9Iw4NYMriVYz,before,loneliness_extended,3,0,emotional_loneliness
R_22Q9Iw4NYMriVYz,before,loneliness_extended,4,0,social_loneliness
R_22Q9Iw4NYMriVYz,before,loneliness_extended,5,1,emotional_loneliness
R_22Q9Iw4NYMriVYz,before,loneliness_extended,6,1,emotional_loneliness
R_22Q9Iw4NYMriVYz,before,loneliness_extended,7,0,social_loneliness
R_22Q9Iw4NYMriVYz,before,loneliness_extended,8,0,social_loneliness
R_22Q9Iw4NYMriVYz,before,loneliness_extended,9,1,emotional_loneliness
R_22Q9Iw4NYMriVYz,before,loneliness_extended,10,0,emotional_loneliness
R_22Q9Iw4NYMriVYz,before,loneliness_extended,11,0,social_loneliness
R_22Q9Iw4NYMriVYz,during,loneliness_extended,1,0,social_loneliness
R_22Q9Iw4NYMriVYz,during,loneliness_extended,2,0,emotional_loneliness
R_22Q9Iw4NYMriVYz,during,loneliness_extended,3,0,emotional_loneliness
R_22Q9Iw4NYMriVYz,during,loneliness_extended,4,0,social_loneliness
R_22Q9Iw4NYMriVYz,during,loneliness_extended,5,1,emotional_loneliness
R_22Q9Iw4NYMriVYz,during,loneliness_extended,6,1,emotional_loneliness
R_22Q9Iw4NYMriVYz,during,loneliness_extended,7,0,social_loneliness
R_22Q9Iw4NYMriVYz,during,loneliness_extended,8,0,social_loneliness
R_22Q9Iw4NYMriVYz,during,loneliness_extended,9,1,emotional_loneliness
R_22Q9Iw4NYMriVYz,during,loneliness_extended,10,0,emotional_loneliness
R_22Q9Iw4NYMriVYz,during,loneliness_extended,11,0,social_loneliness
R_V213xJcCci8mpHj,before,loneliness_extended,1,1,social_loneliness
R_V213xJcCci8mpHj,before,loneliness_extended,2,1,emotional_loneliness
R_V213xJcCci8mpHj,before,loneliness_extended,3,1,emotional_loneliness
R_V213xJcCci8mpHj,before,loneliness_extended,4,0,social_loneliness
R_V213xJcCci8mpHj,before,loneliness_extended,5,1,emotional_loneliness
R_V213xJcCci8mpHj,before,loneliness_extended,6,0,emotional_loneliness
R_V213xJcCci8mpHj,before,loneliness_extended,7,0,social_loneliness
R_V213xJcCci8mpHj,before,loneliness_extended,8,0,social_loneliness
R_V213xJcCci8mpHj,before,loneliness_extended,9,1,emotional_loneliness
R_V213xJcCci8mpHj,before,loneliness_extended,10,1,emotional_loneliness
R_V213xJcCci8mpHj,before,loneliness_extended,11,0,social_loneliness
R_V213xJcCci8mpHj,during,loneliness_extended,1,1,social_loneliness
R_V213xJcCci8mpHj,during,loneliness_extended,2,1,emotional_loneliness
R_V213xJcCci8mpHj,during,loneliness_extended,3,1,emotional_loneliness
R_V213xJcCci8mpHj,during,loneliness_extended,4,0,social_loneliness
R_V213xJcCci8mpHj,during,loneliness_extended,5,1,emotional_loneliness
R_V213xJcCci8mpHj,during,loneliness_extended,6,0,emotional_loneliness
R_V213xJcCci8mpHj,during,loneliness_extended,7,0,social_loneliness
R_V213xJcCci8mpHj,during,loneliness_extended,8,0,social_loneliness
R_V213xJcCci8mpHj,during,loneliness_extended,9,1,emotional_loneliness
R_V213xJcCci8mpHj,during,loneliness_extended,10,1,emotional_loneliness
R_V213xJcCci8mpHj,during,loneliness_extended,11,0,social_loneliness
R_3QM1yoXPn1WIPIp,before,loneliness_extended,1,0,social_loneliness
R_3QM1yoXPn1WIPIp,before,loneliness_extended,2,1,emotional_loneliness
R_3QM1yoXPn1WIPIp,before,loneliness_extended,3,1,emotional_loneliness
R_3QM1yoXPn1WIPIp,before,loneliness_extended,4,1,social_loneliness
R_3QM1yoXPn1WIPIp,before,loneliness_extended,5,1,emotional_loneliness
R_3QM1yoXPn1WIPIp,before,loneliness_extended,6,1,emotional_loneliness
R_3QM1yoXPn1WIPIp,before,loneliness_extended,7,1,social_loneliness
R_3QM1yoXPn1WIPIp,before,loneliness_extended,8,1,social_loneliness
R_3QM1yoXPn1WIPIp,before,loneliness_extended,9,1,emotional_loneliness
R_3QM1yoXPn1WIPIp,before,loneliness_extended,10,1,emotional_loneliness
R_3QM1yoXPn1WIPIp,before,loneliness_extended,11,1,social_loneliness
R_3QM1yoXPn1WIPIp,during,loneliness_extended,1,1,social_loneliness
R_3QM1yoXPn1WIPIp,during,loneliness_extended,2,1,emotional_loneliness
R_3QM1yoXPn1WIPIp,during,loneliness_extended,3,1,emotional_loneliness
R_3QM1yoXPn1WIPIp,during,loneliness_extended,4,1,social_loneliness
R_3QM1yoXPn1WIPIp,during,loneliness_extended,5,1,emotional_loneliness
R_3QM1yoXPn1WIPIp,during,loneliness_extended,6,1,emotional_loneliness
R_3QM1yoXPn1WIPIp,during,loneliness_extended,7,1,social_loneliness
R_3QM1yoXPn1WIPIp,during,loneliness_extended,8,1,social_loneliness
R_3QM1yoXPn1WIPIp,during,loneliness_extended,9,1,emotional_loneliness
R_3QM1yoXPn1WIPIp,during,loneliness_extended,10,1,emotional_loneliness
R_3QM1yoXPn1WIPIp,during,loneliness_extended,11,1,social_loneliness
R_O9VAqYUDUshWv73,before,loneliness_extended,1,0,social_loneliness
R_O9VAqYUDUshWv73,before,loneliness_extended,2,1,emotional_loneliness
R_O9VAqYUDUshWv73,before,loneliness_extended,3,1,emotional_loneliness
R_O9VAqYUDUshWv73,before,loneliness_extended,4,0,social_loneliness
R_O9VAqYUDUshWv73,before,loneliness_extended,5,1,emotional_loneliness
R_O9VAqYUDUshWv73,before,loneliness_extended,6,1,emotional_loneliness
R_O9VAqYUDUshWv73,before,loneliness_extended,7,1,social_loneliness
R_O9VAqYUDUshWv73,before,loneliness_extended,8,0,social_loneliness
R_O9VAqYUDUshWv73,before,loneliness_extended,9,1,emotional_loneliness
R_O9VAqYUDUshWv73,before,loneliness_extended,10,0,emotional_loneliness
R_O9VAqYUDUshWv73,before,loneliness_extended,11,0,social_loneliness
R_O9VAqYUDUshWv73,during,loneliness_extended,1,0,social_loneliness
R_O9VAqYUDUshWv73,during,loneliness_extended,2,1,emotional_loneliness
R_O9VAqYUDUshWv73,during,loneliness_extended,3,0,emotional_loneliness
R_O9VAqYUDUshWv73,during,loneliness_extended,4,0,social_loneliness
R_O9VAqYUDUshWv73,during,loneliness_extended,5,1,emotional_loneliness
R_O9VAqYUDUshWv73,during,loneliness_extended,6,1,emotional_loneliness
R_O9VAqYUDUshWv73,during,loneliness_extended,7,0,social_loneliness
R_O9VAqYUDUshWv73,during,loneliness_extended,8,0,social_loneliness
R_O9VAqYUDUshWv73,during,loneliness_extended,9,1,emotional_loneliness
R_O9VAqYUDUshWv73,during,loneliness_extended,10,0,emotional_loneliness
R_O9VAqYUDUshWv73,during,loneliness_extended,11,0,social_loneliness
R_2ANDY1UL9QHh0bt,before,loneliness_extended,1,0,social_loneliness
R_2ANDY1UL9QHh0bt,before,loneliness_extended,2,1,emotional_loneliness
R_2ANDY1UL9QHh0bt,before,loneliness_extended,3,0,emotional_loneliness
R_2ANDY1UL9QHh0bt,before,loneliness_extended,4,0,social_loneliness
R_2ANDY1UL9QHh0bt,before,loneliness_extended,5,1,emotional_loneliness
R_2ANDY1UL9QHh0bt,before,loneliness_extended,6,1,emotional_loneliness
R_2ANDY1UL9QHh0bt,before,loneliness_extended,7,1,social_loneliness
R_2ANDY1UL9QHh0bt,before,loneliness_extended,8,0,social_loneliness
R_2ANDY1UL9QHh0bt,before,loneliness_extended,9,1,emotional_loneliness
R_2ANDY1UL9QHh0bt,before,loneliness_extended,10,0,emotional_loneliness
R_2ANDY1UL9QHh0bt,before,loneliness_extended,11,1,social_loneliness
R_2ANDY1UL9QHh0bt,during,loneliness_extended,1,0,social_loneliness
R_2ANDY1UL9QHh0bt,during,loneliness_extended,2,1,emotional_loneliness
R_2ANDY1UL9QHh0bt,during,loneliness_extended,3,0,emotional_loneliness
R_2ANDY1UL9QHh0bt,during,loneliness_extended,4,1,social_loneliness
R_2ANDY1UL9QHh0bt,during,loneliness_extended,5,1,emotional_loneliness
R_2ANDY1UL9QHh0bt,during,loneliness_extended,6,1,emotional_loneliness
R_2ANDY1UL9QHh0bt,during,loneliness_extended,7,1,social_loneliness
R_2ANDY1UL9QHh0bt,during,loneliness_extended,8,0,social_loneliness
R_2ANDY1UL9QHh0bt,during,loneliness_extended,9,1,emotional_loneliness
R_2ANDY1UL9QHh0bt,during,loneliness_extended,10,1,emotional_loneliness
R_2ANDY1UL9QHh0bt,during,loneliness_extended,11,1,social_loneliness
R_3PNeMMqpSuzFgK6,before,loneliness_extended,1,0,social_loneliness
R_3PNeMMqpSuzFgK6,before,loneliness_extended,2,0,emotional_loneliness
R_3PNeMMqpSuzFgK6,before,loneliness_extended,3,0,emotional_loneliness
R_3PNeMMqpSuzFgK6,before,loneliness_extended,4,0,social_loneliness
R_3PNeMMqpSuzFgK6,before,loneliness_extended,5,1,emotional_loneliness
R_3PNeMMqpSuzFgK6,before,loneliness_extended,6,1,emotional_loneliness
R_3PNeMMqpSuzFgK6,before,loneliness_extended,7,1,social_loneliness
R_3PNeMMqpSuzFgK6,before,loneliness_extended,8,0,social_loneliness
R_3PNeMMqpSuzFgK6,before,loneliness_extended,9,1,emotional_loneliness
R_3PNeMMqpSuzFgK6,before,loneliness_extended,10,0,emotional_loneliness
R_3PNeMMqpSuzFgK6,before,loneliness_extended,11,1,social_loneliness
R_3PNeMMqpSuzFgK6,during,loneliness_extended,1,0,social_loneliness
R_3PNeMMqpSuzFgK6,during,loneliness_extended,2,1,emotional_loneliness
R_3PNeMMqpSuzFgK6,during,loneliness_extended,3,0,emotional_loneliness
R_3PNeMMqpSuzFgK6,during,loneliness_extended,4,0,social_loneliness
R_3PNeMMqpSuzFgK6,during,loneliness_extended,5,1,emotional_loneliness
R_3PNeMMqpSuzFgK6,during,loneliness_extended,6,1,emotional_loneliness
R_3PNeMMqpSuzFgK6,during,loneliness_extended,7,1,social_loneliness
R_3PNeMMqpSuzFgK6,during,loneliness_extended,8,0,social_loneliness
R_3PNeMMqpSuzFgK6,during,loneliness_extended,9,1,emotional_loneliness
R_3PNeMMqpSuzFgK6,during,loneliness_extended,10,0,emotional_loneliness
R_3PNeMMqpSuzFgK6,during,loneliness_extended,11,1,social_loneliness
R_2fjoBMWdN1ICH1c,before,loneliness_extended,1,0,social_loneliness
R_2fjoBMWdN1ICH1c,before,loneliness_extended,2,1,emotional_loneliness
R_2fjoBMWdN1ICH1c,before,loneliness_extended,3,1,emotional_loneliness
R_2fjoBMWdN1ICH1c,before,loneliness_extended,4,0,social_loneliness
R_2fjoBMWdN1ICH1c,before,loneliness_extended,5,1,emotional_loneliness
R_2fjoBMWdN1ICH1c,before,loneliness_extended,6,1,emotional_loneliness
R_2fjoBMWdN1ICH1c,before,loneliness_extended,7,1,social_loneliness
R_2fjoBMWdN1ICH1c,before,loneliness_extended,8,0,social_loneliness
R_2fjoBMWdN1ICH1c,before,loneliness_extended,9,1,emotional_loneliness
R_2fjoBMWdN1ICH1c,before,loneliness_extended,10,0,emotional_loneliness
R_2fjoBMWdN1ICH1c,before,loneliness_extended,11,0,social_loneliness
R_2fjoBMWdN1ICH1c,during,loneliness_extended,1,0,social_loneliness
R_2fjoBMWdN1ICH1c,during,loneliness_extended,2,1,emotional_loneliness
R_2fjoBMWdN1ICH1c,during,loneliness_extended,3,1,emotional_loneliness
R_2fjoBMWdN1ICH1c,during,loneliness_extended,4,0,social_loneliness
R_2fjoBMWdN1ICH1c,during,loneliness_extended,5,1,emotional_loneliness
R_2fjoBMWdN1ICH1c,during,loneliness_extended,6,1,emotional_loneliness
R_2fjoBMWdN1ICH1c,during,loneliness_extended,7,1,social_loneliness
R_2fjoBMWdN1ICH1c,during,loneliness_extended,8,0,social_loneliness
R_2fjoBMWdN1ICH1c,during,loneliness_extended,9,1,emotional_loneliness
R_2fjoBMWdN1ICH1c,during,loneliness_extended,10,0,emotional_loneliness
R_2fjoBMWdN1ICH1c,during,loneliness_extended,11,0,social_loneliness
R_p59dkfQNljmhosh,before,loneliness_extended,1,0,social_loneliness
R_p59dkfQNljmhosh,before,loneliness_extended,2,1,emotional_loneliness
R_p59dkfQNljmhosh,before,loneliness_extended,3,1,emotional_loneliness
R_p59dkfQNljmhosh,before,loneliness_extended,4,1,social_loneliness
R_p59dkfQNljmhosh,before,loneliness_extended,5,1,emotional_loneliness
R_p59dkfQNljmhosh,before,loneliness_extended,6,1,emotional_loneliness
R_p59dkfQNljmhosh,before,loneliness_extended,7,1,social_loneliness
R_p59dkfQNljmhosh,before,loneliness_extended,8,1,social_loneliness
R_p59dkfQNljmhosh,before,loneliness_extended,9,1,emotional_loneliness
R_p59dkfQNljmhosh,before,loneliness_extended,10,1,emotional_loneliness
R_p59dkfQNljmhosh,before,loneliness_extended,11,1,social_loneliness
R_p59dkfQNljmhosh,during,loneliness_extended,1,1,social_loneliness
R_p59dkfQNljmhosh,during,loneliness_extended,2,1,emotional_loneliness
R_p59dkfQNljmhosh,during,loneliness_extended,3,1,emotional_loneliness
R_p59dkfQNljmhosh,during,loneliness_extended,4,1,social_loneliness
R_p59dkfQNljmhosh,during,loneliness_extended,5,1,emotional_loneliness
R_p59dkfQNljmhosh,during,loneliness_extended,6,1,emotional_loneliness
R_p59dkfQNljmhosh,during,loneliness_extended,7,1,social_loneliness
R_p59dkfQNljmhosh,during,loneliness_extended,8,1,social_loneliness
R_p59dkfQNljmhosh,during,loneliness_extended,9,1,emotional_loneliness
R_p59dkfQNljmhosh,during,loneliness_extended,10,1,emotional_loneliness
R_p59dkfQNljmhosh,during,loneliness_extended,11,1,social_loneliness
R_6nxz0eKfNc1cdKF,before,loneliness_extended,1,1,social_loneliness
R_6nxz0eKfNc1cdKF,before,loneliness_extended,2,0,emotional_loneliness
R_6nxz0eKfNc1cdKF,before,loneliness_extended,3,1,emotional_loneliness
R_6nxz0eKfNc1cdKF,before,loneliness_extended,4,1,social_loneliness
R_6nxz0eKfNc1cdKF,before,loneliness_extended,5,1,emotional_loneliness
R_6nxz0eKfNc1cdKF,before,loneliness_extended,6,1,emotional_loneliness
R_6nxz0eKfNc1cdKF,before,loneliness_extended,7,1,social_loneliness
R_6nxz0eKfNc1cdKF,before,loneliness_extended,8,1,social_loneliness
R_6nxz0eKfNc1cdKF,before,loneliness_extended,9,1,emotional_loneliness
R_6nxz0eKfNc1cdKF,before,loneliness_extended,10,0,emotional_loneliness
R_6nxz0eKfNc1cdKF,before,loneliness_extended,11,1,social_loneliness
R_6nxz0eKfNc1cdKF,during,loneliness_extended,1,1,social_loneliness
R_6nxz0eKfNc1cdKF,during,loneliness_extended,2,1,emotional_loneliness
R_6nxz0eKfNc1cdKF,during,loneliness_extended,3,1,emotional_loneliness
R_6nxz0eKfNc1cdKF,during,loneliness_extended,4,1,social_loneliness
R_6nxz0eKfNc1cdKF,during,loneliness_extended,5,1,emotional_loneliness
R_6nxz0eKfNc1cdKF,during,loneliness_extended,6,1,emotional_loneliness
R_6nxz0eKfNc1cdKF,during,loneliness_extended,7,1,social_loneliness
R_6nxz0eKfNc1cdKF,during,loneliness_extended,8,1,social_loneliness
R_6nxz0eKfNc1cdKF,during,loneliness_extended,9,1,emotional_loneliness
R_6nxz0eKfNc1cdKF,during,loneliness_extended,10,1,emotional_loneliness
R_6nxz0eKfNc1cdKF,during,loneliness_extended,11,1,social_loneliness
R_1Ghi9cuDLyS5Fvj,before,loneliness_extended,1,1,social_loneliness
R_1Ghi9cuDLyS5Fvj,before,loneliness_extended,2,1,emotional_loneliness
R_1Ghi9cuDLyS5Fvj,before,loneliness_extended,3,1,emotional_loneliness
R_1Ghi9cuDLyS5Fvj,before,loneliness_extended,4,1,social_loneliness
R_1Ghi9cuDLyS5Fvj,before,loneliness_extended,5,1,emotional_loneliness
R_1Ghi9cuDLyS5Fvj,before,loneliness_extended,6,1,emotional_loneliness
R_1Ghi9cuDLyS5Fvj,before,loneliness_extended,7,1,social_loneliness
R_1Ghi9cuDLyS5Fvj,before,loneliness_extended,8,1,social_loneliness
R_1Ghi9cuDLyS5Fvj,before,loneliness_extended,9,1,emotional_loneliness
R_1Ghi9cuDLyS5Fvj,before,loneliness_extended,10,0,emotional_loneliness
R_1Ghi9cuDLyS5Fvj,before,loneliness_extended,11,1,social_loneliness
R_1Ghi9cuDLyS5Fvj,during,loneliness_extended,1,1,social_loneliness
R_1Ghi9cuDLyS5Fvj,during,loneliness_extended,2,1,emotional_loneliness
R_1Ghi9cuDLyS5Fvj,during,loneliness_extended,3,1,emotional_loneliness
R_1Ghi9cuDLyS5Fvj,during,loneliness_extended,4,1,social_loneliness
R_1Ghi9cuDLyS5Fvj,during,loneliness_extended,5,1,emotional_loneliness
R_1Ghi9cuDLyS5Fvj,during,loneliness_extended,6,1,emotional_loneliness
R_1Ghi9cuDLyS5Fvj,during,loneliness_extended,7,1,social_loneliness
R_1Ghi9cuDLyS5Fvj,during,loneliness_extended,8,1,social_loneliness
R_1Ghi9cuDLyS5Fvj,during,loneliness_extended,9,1,emotional_loneliness
R_1Ghi9cuDLyS5Fvj,during,loneliness_extended,10,1,emotional_loneliness
R_1Ghi9cuDLyS5Fvj,during,loneliness_extended,11,1,social_loneliness
R_2ri38po4P4fnJtK,before,loneliness_extended,1,0,social_loneliness
R_2ri38po4P4fnJtK,before,loneliness_extended,2,1,emotional_loneliness
R_2ri38po4P4fnJtK,before,loneliness_extended,3,1,emotional_loneliness
R_2ri38po4P4fnJtK,before,loneliness_extended,4,0,social_loneliness
R_2ri38po4P4fnJtK,before,loneliness_extended,5,1,emotional_loneliness
R_2ri38po4P4fnJtK,before,loneliness_extended,6,1,emotional_loneliness
R_2ri38po4P4fnJtK,before,loneliness_extended,7,0,social_loneliness
R_2ri38po4P4fnJtK,before,loneliness_extended,8,1,social_loneliness
R_2ri38po4P4fnJtK,before,loneliness_extended,9,1,emotional_loneliness
R_2ri38po4P4fnJtK,before,loneliness_extended,10,0,emotional_loneliness
R_2ri38po4P4fnJtK,before,loneliness_extended,11,0,social_loneliness
R_2ri38po4P4fnJtK,during,loneliness_extended,1,0,social_loneliness
R_2ri38po4P4fnJtK,during,loneliness_extended,2,1,emotional_loneliness
R_2ri38po4P4fnJtK,during,loneliness_extended,3,1,emotional_loneliness
R_2ri38po4P4fnJtK,during,loneliness_extended,4,0,social_loneliness
R_2ri38po4P4fnJtK,during,loneliness_extended,5,1,emotional_loneliness
R_2ri38po4P4fnJtK,during,loneliness_extended,6,1,emotional_loneliness
R_2ri38po4P4fnJtK,during,loneliness_extended,7,0,social_loneliness
R_2ri38po4P4fnJtK,during,loneliness_extended,8,0,social_loneliness
R_2ri38po4P4fnJtK,during,loneliness_extended,9,1,emotional_loneliness
R_2ri38po4P4fnJtK,during,loneliness_extended,10,0,emotional_loneliness
R_2ri38po4P4fnJtK,during,loneliness_extended,11,0,social_loneliness
R_zSuKsNMuq2O2oA9,before,loneliness_extended,1,0,social_loneliness
R_zSuKsNMuq2O2oA9,before,loneliness_extended,2,0,emotional_loneliness
R_zSuKsNMuq2O2oA9,before,loneliness_extended,3,0,emotional_loneliness
R_zSuKsNMuq2O2oA9,before,loneliness_extended,4,0,social_loneliness
R_zSuKsNMuq2O2oA9,before,loneliness_extended,5,1,emotional_loneliness
R_zSuKsNMuq2O2oA9,before,loneliness_extended,6,1,emotional_loneliness
R_zSuKsNMuq2O2oA9,before,loneliness_extended,7,1,social_loneliness
R_zSuKsNMuq2O2oA9,before,loneliness_extended,8,0,social_loneliness
R_zSuKsNMuq2O2oA9,before,loneliness_extended,9,1,emotional_loneliness
R_zSuKsNMuq2O2oA9,before,loneliness_extended,10,0,emotional_loneliness
R_zSuKsNMuq2O2oA9,before,loneliness_extended,11,1,social_loneliness
R_zSuKsNMuq2O2oA9,during,loneliness_extended,1,0,social_loneliness
R_zSuKsNMuq2O2oA9,during,loneliness_extended,2,1,emotional_loneliness
R_zSuKsNMuq2O2oA9,during,loneliness_extended,3,0,emotional_loneliness
R_zSuKsNMuq2O2oA9,during,loneliness_extended,4,1,social_loneliness
R_zSuKsNMuq2O2oA9,during,loneliness_extended,5,1,emotional_loneliness
R_zSuKsNMuq2O2oA9,during,loneliness_extended,6,1,emotional_loneliness
R_zSuKsNMuq2O2oA9,during,loneliness_extended,7,1,social_loneliness
R_zSuKsNMuq2O2oA9,during,loneliness_extended,8,1,social_loneliness
R_zSuKsNMuq2O2oA9,during,loneliness_extended,9,1,emotional_loneliness
R_zSuKsNMuq2O2oA9,during,loneliness_extended,10,0,emotional_loneliness
R_zSuKsNMuq2O2oA9,during,loneliness_extended,11,1,social_loneliness
R_2Y3vSpPmQtCUg27,before,loneliness_extended,1,1,social_loneliness
R_2Y3vSpPmQtCUg27,before,loneliness_extended,2,1,emotional_loneliness
R_2Y3vSpPmQtCUg27,before,loneliness_extended,3,0,emotional_loneliness
R_2Y3vSpPmQtCUg27,before,loneliness_extended,4,1,social_loneliness
R_2Y3vSpPmQtCUg27,before,loneliness_extended,5,1,emotional_loneliness
R_2Y3vSpPmQtCUg27,before,loneliness_extended,6,1,emotional_loneliness
R_2Y3vSpPmQtCUg27,before,loneliness_extended,7,1,social_loneliness
R_2Y3vSpPmQtCUg27,before,loneliness_extended,8,1,social_loneliness
R_2Y3vSpPmQtCUg27,before,loneliness_extended,9,1,emotional_loneliness
R_2Y3vSpPmQtCUg27,before,loneliness_extended,10,1,emotional_loneliness
R_2Y3vSpPmQtCUg27,before,loneliness_extended,11,1,social_loneliness
R_2Y3vSpPmQtCUg27,during,loneliness_extended,1,1,social_loneliness
R_2Y3vSpPmQtCUg27,during,loneliness_extended,2,1,emotional_loneliness
R_2Y3vSpPmQtCUg27,during,loneliness_extended,3,0,emotional_loneliness
R_2Y3vSpPmQtCUg27,during,loneliness_extended,4,1,social_loneliness
R_2Y3vSpPmQtCUg27,during,loneliness_extended,5,1,emotional_loneliness
R_2Y3vSpPmQtCUg27,during,loneliness_extended,6,0,emotional_loneliness
R_2Y3vSpPmQtCUg27,during,loneliness_extended,7,1,social_loneliness
R_2Y3vSpPmQtCUg27,during,loneliness_extended,8,1,social_loneliness
R_2Y3vSpPmQtCUg27,during,loneliness_extended,9,1,emotional_loneliness
R_2Y3vSpPmQtCUg27,during,loneliness_extended,10,0,emotional_loneliness
R_2Y3vSpPmQtCUg27,during,loneliness_extended,11,1,social_loneliness
R_cTMYr4InmqWqxyx,before,loneliness_extended,1,0,social_loneliness
R_cTMYr4InmqWqxyx,before,loneliness_extended,2,0,emotional_loneliness
R_cTMYr4InmqWqxyx,before,loneliness_extended,3,0,emotional_loneliness
R_cTMYr4InmqWqxyx,before,loneliness_extended,4,0,social_loneliness
R_cTMYr4InmqWqxyx,before,loneliness_extended,5,1,emotional_loneliness
R_cTMYr4InmqWqxyx,before,loneliness_extended,6,1,emotional_loneliness
R_cTMYr4InmqWqxyx,before,loneliness_extended,7,0,social_loneliness
R_cTMYr4InmqWqxyx,before,loneliness_extended,8,0,social_loneliness
R_cTMYr4InmqWqxyx,before,loneliness_extended,9,1,emotional_loneliness
R_cTMYr4InmqWqxyx,before,loneliness_extended,10,0,emotional_loneliness
R_cTMYr4InmqWqxyx,before,loneliness_extended,11,0,social_loneliness
R_cTMYr4InmqWqxyx,during,loneliness_extended,1,0,social_loneliness
R_cTMYr4InmqWqxyx,during,loneliness_extended,2,1,emotional_loneliness
R_cTMYr4InmqWqxyx,during,loneliness_extended,3,1,emotional_loneliness
R_cTMYr4InmqWqxyx,during,loneliness_extended,4,0,social_loneliness
R_cTMYr4InmqWqxyx,during,loneliness_extended,5,1,emotional_loneliness
R_cTMYr4InmqWqxyx,during,loneliness_extended,6,0,emotional_loneliness
R_cTMYr4InmqWqxyx,during,loneliness_extended,7,0,social_loneliness
R_cTMYr4InmqWqxyx,during,loneliness_extended,8,0,social_loneliness
R_cTMYr4InmqWqxyx,during,loneliness_extended,9,1,emotional_loneliness
R_cTMYr4InmqWqxyx,during,loneliness_extended,10,0,emotional_loneliness
R_cTMYr4InmqWqxyx,during,loneliness_extended,11,0,social_loneliness
R_Ub92pGLz1xv4fbr,before,loneliness_extended,1,0,social_loneliness
R_Ub92pGLz1xv4fbr,before,loneliness_extended,2,1,emotional_loneliness
R_Ub92pGLz1xv4fbr,before,loneliness_extended,3,0,emotional_loneliness
R_Ub92pGLz1xv4fbr,before,loneliness_extended,4,0,social_loneliness
R_Ub92pGLz1xv4fbr,before,loneliness_extended,5,1,emotional_loneliness
R_Ub92pGLz1xv4fbr,before,loneliness_extended,6,0,emotional_loneliness
R_Ub92pGLz1xv4fbr,before,loneliness_extended,7,1,social_loneliness
R_Ub92pGLz1xv4fbr,before,loneliness_extended,8,0,social_loneliness
R_Ub92pGLz1xv4fbr,before,loneliness_extended,9,1,emotional_loneliness
R_Ub92pGLz1xv4fbr,before,loneliness_extended,10,0,emotional_loneliness
R_Ub92pGLz1xv4fbr,before,loneliness_extended,11,0,social_loneliness
R_Ub92pGLz1xv4fbr,during,loneliness_extended,1,0,social_loneliness
R_Ub92pGLz1xv4fbr,during,loneliness_extended,2,1,emotional_loneliness
R_Ub92pGLz1xv4fbr,during,loneliness_extended,3,1,emotional_loneliness
R_Ub92pGLz1xv4fbr,during,loneliness_extended,4,0,social_loneliness
R_Ub92pGLz1xv4fbr,during,loneliness_extended,5,1,emotional_loneliness
R_Ub92pGLz1xv4fbr,during,loneliness_extended,6,0,emotional_loneliness
R_Ub92pGLz1xv4fbr,during,loneliness_extended,7,0,social_loneliness
R_Ub92pGLz1xv4fbr,during,loneliness_extended,8,0,social_loneliness
R_Ub92pGLz1xv4fbr,during,loneliness_extended,9,1,emotional_loneliness
R_Ub92pGLz1xv4fbr,during,loneliness_extended,10,0,emotional_loneliness
R_Ub92pGLz1xv4fbr,during,loneliness_extended,11,1,social_loneliness
R_2WUWSPXQGpkoYiQ,before,loneliness_extended,1,1,social_loneliness
R_2WUWSPXQGpkoYiQ,before,loneliness_extended,2,1,emotional_loneliness
R_2WUWSPXQGpkoYiQ,before,loneliness_extended,3,1,emotional_loneliness
R_2WUWSPXQGpkoYiQ,before,loneliness_extended,4,1,social_loneliness
R_2WUWSPXQGpkoYiQ,before,loneliness_extended,5,1,emotional_loneliness
R_2WUWSPXQGpkoYiQ,before,loneliness_extended,6,1,emotional_loneliness
R_2WUWSPXQGpkoYiQ,before,loneliness_extended,7,1,social_loneliness
R_2WUWSPXQGpkoYiQ,before,loneliness_extended,8,1,social_loneliness
R_2WUWSPXQGpkoYiQ,before,loneliness_extended,9,1,emotional_loneliness
R_2WUWSPXQGpkoYiQ,before,loneliness_extended,10,0,emotional_loneliness
R_2WUWSPXQGpkoYiQ,before,loneliness_extended,11,1,social_loneliness
R_2WUWSPXQGpkoYiQ,during,loneliness_extended,1,1,social_loneliness
R_2WUWSPXQGpkoYiQ,during,loneliness_extended,2,1,emotional_loneliness
R_2WUWSPXQGpkoYiQ,during,loneliness_extended,3,1,emotional_loneliness
R_2WUWSPXQGpkoYiQ,during,loneliness_extended,4,1,social_loneliness
R_2WUWSPXQGpkoYiQ,during,loneliness_extended,5,1,emotional_loneliness
R_2WUWSPXQGpkoYiQ,during,loneliness_extended,6,0,emotional_loneliness
R_2WUWSPXQGpkoYiQ,during,loneliness_extended,7,1,social_loneliness
R_2WUWSPXQGpkoYiQ,during,loneliness_extended,8,1,social_loneliness
R_2WUWSPXQGpkoYiQ,during,loneliness_extended,9,1,emotional_loneliness
R_2WUWSPXQGpkoYiQ,during,loneliness_extended,10,0,emotional_loneliness
R_2WUWSPXQGpkoYiQ,during,loneliness_extended,11,1,social_loneliness
R_1GTWJReePx9Mt0Y,before,loneliness_extended,1,1,social_loneliness
R_1GTWJReePx9Mt0Y,before,loneliness_extended,2,1,emotional_loneliness
R_1GTWJReePx9Mt0Y,before,loneliness_extended,3,1,emotional_loneliness
R_1GTWJReePx9Mt0Y,before,loneliness_extended,4,1,social_loneliness
R_1GTWJReePx9Mt0Y,before,loneliness_extended,5,1,emotional_loneliness
R_1GTWJReePx9Mt0Y,before,loneliness_extended,6,0,emotional_loneliness
R_1GTWJReePx9Mt0Y,before,loneliness_extended,7,1,social_loneliness
R_1GTWJReePx9Mt0Y,before,loneliness_extended,8,1,social_loneliness
R_1GTWJReePx9Mt0Y,before,loneliness_extended,9,1,emotional_loneliness
R_1GTWJReePx9Mt0Y,before,loneliness_extended,10,0,emotional_loneliness
R_1GTWJReePx9Mt0Y,before,loneliness_extended,11,1,social_loneliness
R_1GTWJReePx9Mt0Y,during,loneliness_extended,1,1,social_loneliness
R_1GTWJReePx9Mt0Y,during,loneliness_extended,2,1,emotional_loneliness
R_1GTWJReePx9Mt0Y,during,loneliness_extended,3,0,emotional_loneliness
R_1GTWJReePx9Mt0Y,during,loneliness_extended,4,1,social_loneliness
R_1GTWJReePx9Mt0Y,during,loneliness_extended,5,1,emotional_loneliness
R_1GTWJReePx9Mt0Y,during,loneliness_extended,6,0,emotional_loneliness
R_1GTWJReePx9Mt0Y,during,loneliness_extended,7,1,social_loneliness
R_1GTWJReePx9Mt0Y,during,loneliness_extended,8,1,social_loneliness
R_1GTWJReePx9Mt0Y,during,loneliness_extended,9,0,emotional_loneliness
R_1GTWJReePx9Mt0Y,during,loneliness_extended,10,0,emotional_loneliness
R_1GTWJReePx9Mt0Y,during,loneliness_extended,11,1,social_loneliness
R_3HIxxqBts6Z0OZO,before,loneliness_extended,1,0,social_loneliness
R_3HIxxqBts6Z0OZO,before,loneliness_extended,2,1,emotional_loneliness
R_3HIxxqBts6Z0OZO,before,loneliness_extended,3,1,emotional_loneliness
R_3HIxxqBts6Z0OZO,before,loneliness_extended,4,1,social_loneliness
R_3HIxxqBts6Z0OZO,before,loneliness_extended,5,1,emotional_loneliness
R_3HIxxqBts6Z0OZO,before,loneliness_extended,6,1,emotional_loneliness
R_3HIxxqBts6Z0OZO,before,loneliness_extended,7,1,social_loneliness
R_3HIxxqBts6Z0OZO,before,loneliness_extended,8,1,social_loneliness
R_3HIxxqBts6Z0OZO,before,loneliness_extended,9,1,emotional_loneliness
R_3HIxxqBts6Z0OZO,before,loneliness_extended,10,0,emotional_loneliness
R_3HIxxqBts6Z0OZO,before,loneliness_extended,11,1,social_loneliness
R_3HIxxqBts6Z0OZO,during,loneliness_extended,1,0,social_loneliness
R_3HIxxqBts6Z0OZO,during,loneliness_extended,2,1,emotional_loneliness
R_3HIxxqBts6Z0OZO,during,loneliness_extended,3,0,emotional_loneliness
R_3HIxxqBts6Z0OZO,during,loneliness_extended,4,1,social_loneliness
R_3HIxxqBts6Z0OZO,during,loneliness_extended,5,1,emotional_loneliness
R_3HIxxqBts6Z0OZO,during,loneliness_extended,6,1,emotional_loneliness
R_3HIxxqBts6Z0OZO,during,loneliness_extended,7,0,social_loneliness
R_3HIxxqBts6Z0OZO,during,loneliness_extended,8,1,social_loneliness
R_3HIxxqBts6Z0OZO,during,loneliness_extended,9,1,emotional_loneliness
R_3HIxxqBts6Z0OZO,during,loneliness_extended,10,0,emotional_loneliness
R_3HIxxqBts6Z0OZO,during,loneliness_extended,11,1,social_loneliness
R_2VsTI6YcrvQkU00,before,loneliness_extended,1,1,social_loneliness
R_2VsTI6YcrvQkU00,before,loneliness_extended,2,1,emotional_loneliness
R_2VsTI6YcrvQkU00,before,loneliness_extended,3,0,emotional_loneliness
R_2VsTI6YcrvQkU00,before,loneliness_extended,4,1,social_loneliness
R_2VsTI6YcrvQkU00,before,loneliness_extended,5,1,emotional_loneliness
R_2VsTI6YcrvQkU00,before,loneliness_extended,6,1,emotional_loneliness
R_2VsTI6YcrvQkU00,before,loneliness_extended,7,0,social_loneliness
R_2VsTI6YcrvQkU00,before,loneliness_extended,8,1,social_loneliness
R_2VsTI6YcrvQkU00,before,loneliness_extended,9,1,emotional_loneliness
R_2VsTI6YcrvQkU00,before,loneliness_extended,10,0,emotional_loneliness
R_2VsTI6YcrvQkU00,before,loneliness_extended,11,1,social_loneliness
R_2VsTI6YcrvQkU00,during,loneliness_extended,1,1,social_loneliness
R_2VsTI6YcrvQkU00,during,loneliness_extended,2,1,emotional_loneliness
R_2VsTI6YcrvQkU00,during,loneliness_extended,3,1,emotional_loneliness
R_2VsTI6YcrvQkU00,during,loneliness_extended,4,1,social_loneliness
R_2VsTI6YcrvQkU00,during,loneliness_extended,5,1,emotional_loneliness
R_2VsTI6YcrvQkU00,during,loneliness_extended,6,1,emotional_loneliness
R_2VsTI6YcrvQkU00,during,loneliness_extended,7,1,social_loneliness
R_2VsTI6YcrvQkU00,during,loneliness_extended,8,1,social_loneliness
R_2VsTI6YcrvQkU00,during,loneliness_extended,9,1,emotional_loneliness
R_2VsTI6YcrvQkU00,during,loneliness_extended,10,0,emotional_loneliness
R_2VsTI6YcrvQkU00,during,loneliness_extended,11,1,social_loneliness
R_bl5z1a8F19q4rol,before,loneliness_extended,1,0,social_loneliness
R_bl5z1a8F19q4rol,before,loneliness_extended,2,0,emotional_loneliness
R_bl5z1a8F19q4rol,before,loneliness_extended,3,0,emotional_loneliness
R_bl5z1a8F19q4rol,before,loneliness_extended,4,1,social_loneliness
R_bl5z1a8F19q4rol,before,loneliness_extended,5,0,emotional_loneliness
R_bl5z1a8F19q4rol,before,loneliness_extended,6,0,emotional_loneliness
R_bl5z1a8F19q4rol,before,loneliness_extended,7,1,social_loneliness
R_bl5z1a8F19q4rol,before,loneliness_extended,8,0,social_loneliness
R_bl5z1a8F19q4rol,before,loneliness_extended,9,0,emotional_loneliness
R_bl5z1a8F19q4rol,before,loneliness_extended,10,0,emotional_loneliness
R_bl5z1a8F19q4rol,before,loneliness_extended,11,1,social_loneliness
R_bl5z1a8F19q4rol,during,loneliness_extended,1,0,social_loneliness
R_bl5z1a8F19q4rol,during,loneliness_extended,2,0,emotional_loneliness
R_bl5z1a8F19q4rol,during,loneliness_extended,3,0,emotional_loneliness
R_bl5z1a8F19q4rol,during,loneliness_extended,4,1,social_loneliness
R_bl5z1a8F19q4rol,during,loneliness_extended,5,0,emotional_loneliness
R_bl5z1a8F19q4rol,during,loneliness_extended,6,0,emotional_loneliness
R_bl5z1a8F19q4rol,during,loneliness_extended,7,1,social_loneliness
R_bl5z1a8F19q4rol,during,loneliness_extended,8,0,social_loneliness
R_bl5z1a8F19q4rol,during,loneliness_extended,9,0,emotional_loneliness
R_bl5z1a8F19q4rol,during,loneliness_extended,10,0,emotional_loneliness
R_bl5z1a8F19q4rol,during,loneliness_extended,11,1,social_loneliness
R_2riPjmHJ1ujE2AI,before,loneliness_extended,1,1,social_loneliness
R_2riPjmHJ1ujE2AI,before,loneliness_extended,2,1,emotional_loneliness
R_2riPjmHJ1ujE2AI,before,loneliness_extended,3,1,emotional_loneliness
R_2riPjmHJ1ujE2AI,before,loneliness_extended,4,1,social_loneliness
R_2riPjmHJ1ujE2AI,before,loneliness_extended,5,1,emotional_loneliness
R_2riPjmHJ1ujE2AI,before,loneliness_extended,6,1,emotional_loneliness
R_2riPjmHJ1ujE2AI,before,loneliness_extended,7,1,social_loneliness
R_2riPjmHJ1ujE2AI,before,loneliness_extended,8,1,social_loneliness
R_2riPjmHJ1ujE2AI,before,loneliness_extended,9,1,emotional_loneliness
R_2riPjmHJ1ujE2AI,before,loneliness_extended,10,1,emotional_loneliness
R_2riPjmHJ1ujE2AI,before,loneliness_extended,11,1,social_loneliness
R_2riPjmHJ1ujE2AI,during,loneliness_extended,1,1,social_loneliness
R_2riPjmHJ1ujE2AI,during,loneliness_extended,2,1,emotional_loneliness
R_2riPjmHJ1ujE2AI,during,loneliness_extended,3,1,emotional_loneliness
R_2riPjmHJ1ujE2AI,during,loneliness_extended,4,1,social_loneliness
R_2riPjmHJ1ujE2AI,during,loneliness_extended,5,1,emotional_loneliness
R_2riPjmHJ1ujE2AI,during,loneliness_extended,6,1,emotional_loneliness
R_2riPjmHJ1ujE2AI,during,loneliness_extended,7,1,social_loneliness
R_2riPjmHJ1ujE2AI,during,loneliness_extended,8,1,social_loneliness
R_2riPjmHJ1ujE2AI,during,loneliness_extended,9,1,emotional_loneliness
R_2riPjmHJ1ujE2AI,during,loneliness_extended,10,1,emotional_loneliness
R_2riPjmHJ1ujE2AI,during,loneliness_extended,11,1,social_loneliness
R_237akAEwp1ZNQtX,before,loneliness_extended,1,0,social_loneliness
R_237akAEwp1ZNQtX,before,loneliness_extended,2,1,emotional_loneliness
R_237akAEwp1ZNQtX,before,loneliness_extended,3,0,emotional_loneliness
R_237akAEwp1ZNQtX,before,loneliness_extended,4,0,social_loneliness
R_237akAEwp1ZNQtX,before,loneliness_extended,5,1,emotional_loneliness
R_237akAEwp1ZNQtX,before,loneliness_extended,6,0,emotional_loneliness
R_237akAEwp1ZNQtX,before,loneliness_extended,7,0,social_loneliness
R_237akAEwp1ZNQtX,before,loneliness_extended,8,0,social_loneliness
R_237akAEwp1ZNQtX,before,loneliness_extended,9,1,emotional_loneliness
R_237akAEwp1ZNQtX,before,loneliness_extended,10,0,emotional_loneliness
R_237akAEwp1ZNQtX,before,loneliness_extended,11,1,social_loneliness
R_237akAEwp1ZNQtX,during,loneliness_extended,1,0,social_loneliness
R_237akAEwp1ZNQtX,during,loneliness_extended,2,0,emotional_loneliness
R_237akAEwp1ZNQtX,during,loneliness_extended,3,0,emotional_loneliness
R_237akAEwp1ZNQtX,during,loneliness_extended,4,1,social_loneliness
R_237akAEwp1ZNQtX,during,loneliness_extended,5,1,emotional_loneliness
R_237akAEwp1ZNQtX,during,loneliness_extended,6,0,emotional_loneliness
R_237akAEwp1ZNQtX,during,loneliness_extended,7,0,social_loneliness
R_237akAEwp1ZNQtX,during,loneliness_extended,8,0,social_loneliness
R_237akAEwp1ZNQtX,during,loneliness_extended,9,1,emotional_loneliness
R_237akAEwp1ZNQtX,during,loneliness_extended,10,0,emotional_loneliness
R_237akAEwp1ZNQtX,during,loneliness_extended,11,1,social_loneliness
R_28YlGk4KWcNC1Hz,before,loneliness_extended,1,1,social_loneliness
R_28YlGk4KWcNC1Hz,before,loneliness_extended,2,1,emotional_loneliness
R_28YlGk4KWcNC1Hz,before,loneliness_extended,3,1,emotional_loneliness
R_28YlGk4KWcNC1Hz,before,loneliness_extended,4,0,social_loneliness
R_28YlGk4KWcNC1Hz,before,loneliness_extended,5,1,emotional_loneliness
R_28YlGk4KWcNC1Hz,before,loneliness_extended,6,1,emotional_loneliness
R_28YlGk4KWcNC1Hz,before,loneliness_extended,7,1,social_loneliness
R_28YlGk4KWcNC1Hz,before,loneliness_extended,8,1,social_loneliness
R_28YlGk4KWcNC1Hz,before,loneliness_extended,9,1,emotional_loneliness
R_28YlGk4KWcNC1Hz,before,loneliness_extended,10,1,emotional_loneliness
R_28YlGk4KWcNC1Hz,before,loneliness_extended,11,0,social_loneliness
R_28YlGk4KWcNC1Hz,during,loneliness_extended,1,1,social_loneliness
R_28YlGk4KWcNC1Hz,during,loneliness_extended,2,1,emotional_loneliness
R_28YlGk4KWcNC1Hz,during,loneliness_extended,3,1,emotional_loneliness
R_28YlGk4KWcNC1Hz,during,loneliness_extended,4,0,social_loneliness
R_28YlGk4KWcNC1Hz,during,loneliness_extended,5,1,emotional_loneliness
R_28YlGk4KWcNC1Hz,during,loneliness_extended,6,1,emotional_loneliness
R_28YlGk4KWcNC1Hz,during,loneliness_extended,7,0,social_loneliness
R_28YlGk4KWcNC1Hz,during,loneliness_extended,8,0,social_loneliness
R_28YlGk4KWcNC1Hz,during,loneliness_extended,9,1,emotional_loneliness
R_28YlGk4KWcNC1Hz,during,loneliness_extended,10,1,emotional_loneliness
R_28YlGk4KWcNC1Hz,during,loneliness_extended,11,0,social_loneliness
R_1l3QaBdaMZAzDNc,before,loneliness_extended,1,0,social_loneliness
R_1l3QaBdaMZAzDNc,before,loneliness_extended,2,0,emotional_loneliness
R_1l3QaBdaMZAzDNc,before,loneliness_extended,3,1,emotional_loneliness
R_1l3QaBdaMZAzDNc,before,loneliness_extended,4,0,social_loneliness
R_1l3QaBdaMZAzDNc,before,loneliness_extended,5,1,emotional_loneliness
R_1l3QaBdaMZAzDNc,before,loneliness_extended,6,0,emotional_loneliness
R_1l3QaBdaMZAzDNc,before,loneliness_extended,7,1,social_loneliness
R_1l3QaBdaMZAzDNc,before,loneliness_extended,8,1,social_loneliness
R_1l3QaBdaMZAzDNc,before,loneliness_extended,9,1,emotional_loneliness
R_1l3QaBdaMZAzDNc,before,loneliness_extended,10,0,emotional_loneliness
R_1l3QaBdaMZAzDNc,before,loneliness_extended,11,1,social_loneliness
R_1l3QaBdaMZAzDNc,during,loneliness_extended,1,0,social_loneliness
R_1l3QaBdaMZAzDNc,during,loneliness_extended,2,1,emotional_loneliness
R_1l3QaBdaMZAzDNc,during,loneliness_extended,3,0,emotional_loneliness
R_1l3QaBdaMZAzDNc,during,loneliness_extended,4,0,social_loneliness
R_1l3QaBdaMZAzDNc,during,loneliness_extended,5,1,emotional_loneliness
R_1l3QaBdaMZAzDNc,during,loneliness_extended,6,0,emotional_loneliness
R_1l3QaBdaMZAzDNc,during,loneliness_extended,7,1,social_loneliness
R_1l3QaBdaMZAzDNc,during,loneliness_extended,8,1,social_loneliness
R_1l3QaBdaMZAzDNc,during,loneliness_extended,9,1,emotional_loneliness
R_1l3QaBdaMZAzDNc,during,loneliness_extended,10,0,emotional_loneliness
R_1l3QaBdaMZAzDNc,during,loneliness_extended,11,1,social_loneliness
R_WkD2Xf1StVlY1k5,before,loneliness_extended,1,1,social_loneliness
R_WkD2Xf1StVlY1k5,before,loneliness_extended,2,1,emotional_loneliness
R_WkD2Xf1StVlY1k5,before,loneliness_extended,3,1,emotional_loneliness
R_WkD2Xf1StVlY1k5,before,loneliness_extended,4,1,social_loneliness
R_WkD2Xf1StVlY1k5,before,loneliness_extended,5,1,emotional_loneliness
R_WkD2Xf1StVlY1k5,before,loneliness_extended,6,1,emotional_loneliness
R_WkD2Xf1StVlY1k5,before,loneliness_extended,7,1,social_loneliness
R_WkD2Xf1StVlY1k5,before,loneliness_extended,8,1,social_loneliness
R_WkD2Xf1StVlY1k5,before,loneliness_extended,9,1,emotional_loneliness
R_WkD2Xf1StVlY1k5,before,loneliness_extended,10,1,emotional_loneliness
R_WkD2Xf1StVlY1k5,before,loneliness_extended,11,1,social_loneliness
R_WkD2Xf1StVlY1k5,during,loneliness_extended,1,0,social_loneliness
R_WkD2Xf1StVlY1k5,during,loneliness_extended,2,1,emotional_loneliness
R_WkD2Xf1StVlY1k5,during,loneliness_extended,3,1,emotional_loneliness
R_WkD2Xf1StVlY1k5,during,loneliness_extended,4,1,social_loneliness
R_WkD2Xf1StVlY1k5,during,loneliness_extended,5,1,emotional_loneliness
R_WkD2Xf1StVlY1k5,during,loneliness_extended,6,1,emotional_loneliness
R_WkD2Xf1StVlY1k5,during,loneliness_extended,7,1,social_loneliness
R_WkD2Xf1StVlY1k5,during,loneliness_extended,8,1,social_loneliness
R_WkD2Xf1StVlY1k5,during,loneliness_extended,9,1,emotional_loneliness
R_WkD2Xf1StVlY1k5,during,loneliness_extended,10,1,emotional_loneliness
R_WkD2Xf1StVlY1k5,during,loneliness_extended,11,1,social_loneliness
R_3e2GBC1tsXm5UH9,before,loneliness_extended,1,0,social_loneliness
R_3e2GBC1tsXm5UH9,before,loneliness_extended,2,1,emotional_loneliness
R_3e2GBC1tsXm5UH9,before,loneliness_extended,3,0,emotional_loneliness
R_3e2GBC1tsXm5UH9,before,loneliness_extended,4,0,social_loneliness
R_3e2GBC1tsXm5UH9,before,loneliness_extended,5,1,emotional_loneliness
R_3e2GBC1tsXm5UH9,before,loneliness_extended,6,1,emotional_loneliness
R_3e2GBC1tsXm5UH9,before,loneliness_extended,7,1,social_loneliness
R_3e2GBC1tsXm5UH9,before,loneliness_extended,8,1,social_loneliness
R_3e2GBC1tsXm5UH9,before,loneliness_extended,9,1,emotional_loneliness
R_3e2GBC1tsXm5UH9,before,loneliness_extended,10,1,emotional_loneliness
R_3e2GBC1tsXm5UH9,before,loneliness_extended,11,0,social_loneliness
R_3e2GBC1tsXm5UH9,during,loneliness_extended,1,0,social_loneliness
R_3e2GBC1tsXm5UH9,during,loneliness_extended,2,1,emotional_loneliness
R_3e2GBC1tsXm5UH9,during,loneliness_extended,3,1,emotional_loneliness
R_3e2GBC1tsXm5UH9,during,loneliness_extended,4,1,social_loneliness
R_3e2GBC1tsXm5UH9,during,loneliness_extended,5,1,emotional_loneliness
R_3e2GBC1tsXm5UH9,during,loneliness_extended,6,1,emotional_loneliness
R_3e2GBC1tsXm5UH9,during,loneliness_extended,7,1,social_loneliness
R_3e2GBC1tsXm5UH9,during,loneliness_extended,8,1,social_loneliness
R_3e2GBC1tsXm5UH9,during,loneliness_extended,9,1,emotional_loneliness
R_3e2GBC1tsXm5UH9,during,loneliness_extended,10,0,emotional_loneliness
R_3e2GBC1tsXm5UH9,during,loneliness_extended,11,1,social_loneliness
R_5A6WR2APgRZFueJ,before,loneliness_extended,1,1,social_loneliness
R_5A6WR2APgRZFueJ,before,loneliness_extended,2,1,emotional_loneliness
R_5A6WR2APgRZFueJ,before,loneliness_extended,3,1,emotional_loneliness
R_5A6WR2APgRZFueJ,before,loneliness_extended,4,1,social_loneliness
R_5A6WR2APgRZFueJ,before,loneliness_extended,5,1,emotional_loneliness
R_5A6WR2APgRZFueJ,before,loneliness_extended,6,1,emotional_loneliness
R_5A6WR2APgRZFueJ,before,loneliness_extended,7,1,social_loneliness
R_5A6WR2APgRZFueJ,before,loneliness_extended,8,1,social_loneliness
R_5A6WR2APgRZFueJ,before,loneliness_extended,9,1,emotional_loneliness
R_5A6WR2APgRZFueJ,before,loneliness_extended,10,1,emotional_loneliness
R_5A6WR2APgRZFueJ,before,loneliness_extended,11,1,social_loneliness
R_5A6WR2APgRZFueJ,during,loneliness_extended,1,1,social_loneliness
R_5A6WR2APgRZFueJ,during,loneliness_extended,2,1,emotional_loneliness
R_5A6WR2APgRZFueJ,during,loneliness_extended,3,1,emotional_loneliness
R_5A6WR2APgRZFueJ,during,loneliness_extended,4,1,social_loneliness
R_5A6WR2APgRZFueJ,during,loneliness_extended,5,1,emotional_loneliness
R_5A6WR2APgRZFueJ,during,loneliness_extended,6,1,emotional_loneliness
R_5A6WR2APgRZFueJ,during,loneliness_extended,7,1,social_loneliness
R_5A6WR2APgRZFueJ,during,loneliness_extended,8,1,social_loneliness
R_5A6WR2APgRZFueJ,during,loneliness_extended,9,1,emotional_loneliness
R_5A6WR2APgRZFueJ,during,loneliness_extended,10,1,emotional_loneliness
R_5A6WR2APgRZFueJ,during,loneliness_extended,11,1,social_loneliness
R_1OGOApUcrgQ9PDV,before,loneliness_extended,1,0,social_loneliness
R_1OGOApUcrgQ9PDV,before,loneliness_extended,2,0,emotional_loneliness
R_1OGOApUcrgQ9PDV,before,loneliness_extended,3,1,emotional_loneliness
R_1OGOApUcrgQ9PDV,before,loneliness_extended,4,0,social_loneliness
R_1OGOApUcrgQ9PDV,before,loneliness_extended,5,1,emotional_loneliness
R_1OGOApUcrgQ9PDV,before,loneliness_extended,6,1,emotional_loneliness
R_1OGOApUcrgQ9PDV,before,loneliness_extended,7,1,social_loneliness
R_1OGOApUcrgQ9PDV,before,loneliness_extended,8,0,social_loneliness
R_1OGOApUcrgQ9PDV,before,loneliness_extended,9,1,emotional_loneliness
R_1OGOApUcrgQ9PDV,before,loneliness_extended,10,0,emotional_loneliness
R_1OGOApUcrgQ9PDV,before,loneliness_extended,11,1,social_loneliness
R_1OGOApUcrgQ9PDV,during,loneliness_extended,1,0,social_loneliness
R_1OGOApUcrgQ9PDV,during,loneliness_extended,2,0,emotional_loneliness
R_1OGOApUcrgQ9PDV,during,loneliness_extended,3,1,emotional_loneliness
R_1OGOApUcrgQ9PDV,during,loneliness_extended,4,0,social_loneliness
R_1OGOApUcrgQ9PDV,during,loneliness_extended,5,1,emotional_loneliness
R_1OGOApUcrgQ9PDV,during,loneliness_extended,6,1,emotional_loneliness
R_1OGOApUcrgQ9PDV,during,loneliness_extended,7,1,social_loneliness
R_1OGOApUcrgQ9PDV,during,loneliness_extended,8,1,social_loneliness
R_1OGOApUcrgQ9PDV,during,loneliness_extended,9,1,emotional_loneliness
R_1OGOApUcrgQ9PDV,during,loneliness_extended,10,1,emotional_loneliness
R_1OGOApUcrgQ9PDV,during,loneliness_extended,11,0,social_loneliness
R_AFO5tTqn4Q8XmqB,before,loneliness_extended,1,0,social_loneliness
R_AFO5tTqn4Q8XmqB,before,loneliness_extended,2,1,emotional_loneliness
R_AFO5tTqn4Q8XmqB,before,loneliness_extended,3,1,emotional_loneliness
R_AFO5tTqn4Q8XmqB,before,loneliness_extended,4,1,social_loneliness
R_AFO5tTqn4Q8XmqB,before,loneliness_extended,5,1,emotional_loneliness
R_AFO5tTqn4Q8XmqB,before,loneliness_extended,6,1,emotional_loneliness
R_AFO5tTqn4Q8XmqB,before,loneliness_extended,7,1,social_loneliness
R_AFO5tTqn4Q8XmqB,before,loneliness_extended,8,0,social_loneliness
R_AFO5tTqn4Q8XmqB,before,loneliness_extended,9,1,emotional_loneliness
R_AFO5tTqn4Q8XmqB,before,loneliness_extended,10,1,emotional_loneliness
R_AFO5tTqn4Q8XmqB,before,loneliness_extended,11,1,social_loneliness
R_AFO5tTqn4Q8XmqB,during,loneliness_extended,1,1,social_loneliness
R_AFO5tTqn4Q8XmqB,during,loneliness_extended,2,1,emotional_loneliness
R_AFO5tTqn4Q8XmqB,during,loneliness_extended,3,1,emotional_loneliness
R_AFO5tTqn4Q8XmqB,during,loneliness_extended,4,1,social_loneliness
R_AFO5tTqn4Q8XmqB,during,loneliness_extended,5,1,emotional_loneliness
R_AFO5tTqn4Q8XmqB,during,loneliness_extended,6,1,emotional_loneliness
R_AFO5tTqn4Q8XmqB,during,loneliness_extended,7,1,social_loneliness
R_AFO5tTqn4Q8XmqB,during,loneliness_extended,8,1,social_loneliness
R_AFO5tTqn4Q8XmqB,during,loneliness_extended,9,1,emotional_loneliness
R_AFO5tTqn4Q8XmqB,during,loneliness_extended,10,1,emotional_loneliness
R_AFO5tTqn4Q8XmqB,during,loneliness_extended,11,1,social_loneliness
R_3fiMnltHW0VY7HP,before,loneliness_extended,1,0,social_loneliness
R_3fiMnltHW0VY7HP,before,loneliness_extended,2,0,emotional_loneliness
R_3fiMnltHW0VY7HP,before,loneliness_extended,3,0,emotional_loneliness
R_3fiMnltHW0VY7HP,before,loneliness_extended,4,0,social_loneliness
R_3fiMnltHW0VY7HP,before,loneliness_extended,5,1,emotional_loneliness
R_3fiMnltHW0VY7HP,before,loneliness_extended,6,0,emotional_loneliness
R_3fiMnltHW0VY7HP,before,loneliness_extended,7,0,social_loneliness
R_3fiMnltHW0VY7HP,before,loneliness_extended,8,0,social_loneliness
R_3fiMnltHW0VY7HP,before,loneliness_extended,9,1,emotional_loneliness
R_3fiMnltHW0VY7HP,before,loneliness_extended,10,0,emotional_loneliness
R_3fiMnltHW0VY7HP,before,loneliness_extended,11,0,social_loneliness
R_3fiMnltHW0VY7HP,during,loneliness_extended,1,0,social_loneliness
R_3fiMnltHW0VY7HP,during,loneliness_extended,2,0,emotional_loneliness
R_3fiMnltHW0VY7HP,during,loneliness_extended,3,0,emotional_loneliness
R_3fiMnltHW0VY7HP,during,loneliness_extended,4,0,social_loneliness
R_3fiMnltHW0VY7HP,during,loneliness_extended,5,1,emotional_loneliness
R_3fiMnltHW0VY7HP,during,loneliness_extended,6,0,emotional_loneliness
R_3fiMnltHW0VY7HP,during,loneliness_extended,7,0,social_loneliness
R_3fiMnltHW0VY7HP,during,loneliness_extended,8,0,social_loneliness
R_3fiMnltHW0VY7HP,during,loneliness_extended,9,1,emotional_loneliness
R_3fiMnltHW0VY7HP,during,loneliness_extended,10,0,emotional_loneliness
R_3fiMnltHW0VY7HP,during,loneliness_extended,11,0,social_loneliness
R_2qpx286lR9fjVMC,before,loneliness_extended,1,1,social_loneliness
R_2qpx286lR9fjVMC,before,loneliness_extended,2,0,emotional_loneliness
R_2qpx286lR9fjVMC,before,loneliness_extended,3,1,emotional_loneliness
R_2qpx286lR9fjVMC,before,loneliness_extended,4,0,social_loneliness
R_2qpx286lR9fjVMC,before,loneliness_extended,5,1,emotional_loneliness
R_2qpx286lR9fjVMC,before,loneliness_extended,6,0,emotional_loneliness
R_2qpx286lR9fjVMC,before,loneliness_extended,7,1,social_loneliness
R_2qpx286lR9fjVMC,before,loneliness_extended,8,0,social_loneliness
R_2qpx286lR9fjVMC,before,loneliness_extended,9,1,emotional_loneliness
R_2qpx286lR9fjVMC,before,loneliness_extended,10,1,emotional_loneliness
R_2qpx286lR9fjVMC,before,loneliness_extended,11,1,social_loneliness
R_2qpx286lR9fjVMC,during,loneliness_extended,1,1,social_loneliness
R_2qpx286lR9fjVMC,during,loneliness_extended,2,0,emotional_loneliness
R_2qpx286lR9fjVMC,during,loneliness_extended,3,1,emotional_loneliness
R_2qpx286lR9fjVMC,during,loneliness_extended,4,1,social_loneliness
R_2qpx286lR9fjVMC,during,loneliness_extended,5,1,emotional_loneliness
R_2qpx286lR9fjVMC,during,loneliness_extended,6,0,emotional_loneliness
R_2qpx286lR9fjVMC,during,loneliness_extended,7,1,social_loneliness
R_2qpx286lR9fjVMC,during,loneliness_extended,8,0,social_loneliness
R_2qpx286lR9fjVMC,during,loneliness_extended,9,1,emotional_loneliness
R_2qpx286lR9fjVMC,during,loneliness_extended,10,1,emotional_loneliness
R_2qpx286lR9fjVMC,during,loneliness_extended,11,1,social_loneliness
R_2fy7OLb5SO3rVpk,before,loneliness_extended,1,0,social_loneliness
R_2fy7OLb5SO3rVpk,before,loneliness_extended,2,0,emotional_loneliness
R_2fy7OLb5SO3rVpk,before,loneliness_extended,3,1,emotional_loneliness
R_2fy7OLb5SO3rVpk,before,loneliness_extended,4,1,social_loneliness
R_2fy7OLb5SO3rVpk,before,loneliness_extended,5,1,emotional_loneliness
R_2fy7OLb5SO3rVpk,before,loneliness_extended,6,1,emotional_loneliness
R_2fy7OLb5SO3rVpk,before,loneliness_extended,7,1,social_loneliness
R_2fy7OLb5SO3rVpk,before,loneliness_extended,8,1,social_loneliness
R_2fy7OLb5SO3rVpk,before,loneliness_extended,9,1,emotional_loneliness
R_2fy7OLb5SO3rVpk,before,loneliness_extended,10,1,emotional_loneliness
R_2fy7OLb5SO3rVpk,before,loneliness_extended,11,1,social_loneliness
R_2fy7OLb5SO3rVpk,during,loneliness_extended,1,0,social_loneliness
R_2fy7OLb5SO3rVpk,during,loneliness_extended,2,0,emotional_loneliness
R_2fy7OLb5SO3rVpk,during,loneliness_extended,3,1,emotional_loneliness
R_2fy7OLb5SO3rVpk,during,loneliness_extended,4,1,social_loneliness
R_2fy7OLb5SO3rVpk,during,loneliness_extended,5,1,emotional_loneliness
R_2fy7OLb5SO3rVpk,during,loneliness_extended,6,1,emotional_loneliness
R_2fy7OLb5SO3rVpk,during,loneliness_extended,7,1,social_loneliness
R_2fy7OLb5SO3rVpk,during,loneliness_extended,8,1,social_loneliness
R_2fy7OLb5SO3rVpk,during,loneliness_extended,9,1,emotional_loneliness
R_2fy7OLb5SO3rVpk,during,loneliness_extended,10,1,emotional_loneliness
R_2fy7OLb5SO3rVpk,during,loneliness_extended,11,1,social_loneliness
R_31RjR49IX1YOJ7y,before,loneliness_extended,1,0,social_loneliness
R_31RjR49IX1YOJ7y,before,loneliness_extended,2,1,emotional_loneliness
R_31RjR49IX1YOJ7y,before,loneliness_extended,3,1,emotional_loneliness
R_31RjR49IX1YOJ7y,before,loneliness_extended,4,0,social_loneliness
R_31RjR49IX1YOJ7y,before,loneliness_extended,5,1,emotional_loneliness
R_31RjR49IX1YOJ7y,before,loneliness_extended,6,1,emotional_loneliness
R_31RjR49IX1YOJ7y,before,loneliness_extended,7,0,social_loneliness
R_31RjR49IX1YOJ7y,before,loneliness_extended,8,0,social_loneliness
R_31RjR49IX1YOJ7y,before,loneliness_extended,9,1,emotional_loneliness
R_31RjR49IX1YOJ7y,before,loneliness_extended,10,1,emotional_loneliness
R_31RjR49IX1YOJ7y,before,loneliness_extended,11,1,social_loneliness
R_31RjR49IX1YOJ7y,during,loneliness_extended,1,0,social_loneliness
R_31RjR49IX1YOJ7y,during,loneliness_extended,2,1,emotional_loneliness
R_31RjR49IX1YOJ7y,during,loneliness_extended,3,1,emotional_loneliness
R_31RjR49IX1YOJ7y,during,loneliness_extended,4,1,social_loneliness
R_31RjR49IX1YOJ7y,during,loneliness_extended,5,1,emotional_loneliness
R_31RjR49IX1YOJ7y,during,loneliness_extended,6,1,emotional_loneliness
R_31RjR49IX1YOJ7y,during,loneliness_extended,7,1,social_loneliness
R_31RjR49IX1YOJ7y,during,loneliness_extended,8,1,social_loneliness
R_31RjR49IX1YOJ7y,during,loneliness_extended,9,1,emotional_loneliness
R_31RjR49IX1YOJ7y,during,loneliness_extended,10,1,emotional_loneliness
R_31RjR49IX1YOJ7y,during,loneliness_extended,11,1,social_loneliness
R_yl0OHDoTCu63b7b,before,loneliness_extended,1,0,social_loneliness
R_yl0OHDoTCu63b7b,before,loneliness_extended,2,1,emotional_loneliness
R_yl0OHDoTCu63b7b,before,loneliness_extended,3,1,emotional_loneliness
R_yl0OHDoTCu63b7b,before,loneliness_extended,4,1,social_loneliness
R_yl0OHDoTCu63b7b,before,loneliness_extended,5,1,emotional_loneliness
R_yl0OHDoTCu63b7b,before,loneliness_extended,6,1,emotional_loneliness
R_yl0OHDoTCu63b7b,before,loneliness_extended,7,1,social_loneliness
R_yl0OHDoTCu63b7b,before,loneliness_extended,8,1,social_loneliness
R_yl0OHDoTCu63b7b,before,loneliness_extended,9,1,emotional_loneliness
R_yl0OHDoTCu63b7b,before,loneliness_extended,10,1,emotional_loneliness
R_yl0OHDoTCu63b7b,before,loneliness_extended,11,0,social_loneliness
R_yl0OHDoTCu63b7b,during,loneliness_extended,1,1,social_loneliness
R_yl0OHDoTCu63b7b,during,loneliness_extended,2,1,emotional_loneliness
R_yl0OHDoTCu63b7b,during,loneliness_extended,3,1,emotional_loneliness
R_yl0OHDoTCu63b7b,during,loneliness_extended,4,1,social_loneliness
R_yl0OHDoTCu63b7b,during,loneliness_extended,5,1,emotional_loneliness
R_yl0OHDoTCu63b7b,during,loneliness_extended,6,1,emotional_loneliness
R_yl0OHDoTCu63b7b,during,loneliness_extended,7,1,social_loneliness
R_yl0OHDoTCu63b7b,during,loneliness_extended,8,1,social_loneliness
R_yl0OHDoTCu63b7b,during,loneliness_extended,9,1,emotional_loneliness
R_yl0OHDoTCu63b7b,during,loneliness_extended,10,1,emotional_loneliness
R_yl0OHDoTCu63b7b,during,loneliness_extended,11,0,social_loneliness
R_8vUJrorD6qPhNCh,before,loneliness_extended,1,0,social_loneliness
R_8vUJrorD6qPhNCh,before,loneliness_extended,2,0,emotional_loneliness
R_8vUJrorD6qPhNCh,before,loneliness_extended,3,0,emotional_loneliness
R_8vUJrorD6qPhNCh,before,loneliness_extended,4,0,social_loneliness
R_8vUJrorD6qPhNCh,before,loneliness_extended,5,1,emotional_loneliness
R_8vUJrorD6qPhNCh,before,loneliness_extended,6,0,emotional_loneliness
R_8vUJrorD6qPhNCh,before,loneliness_extended,7,0,social_loneliness
R_8vUJrorD6qPhNCh,before,loneliness_extended,8,0,social_loneliness
R_8vUJrorD6qPhNCh,before,loneliness_extended,9,1,emotional_loneliness
R_8vUJrorD6qPhNCh,before,loneliness_extended,10,0,emotional_loneliness
R_8vUJrorD6qPhNCh,before,loneliness_extended,11,0,social_loneliness
R_8vUJrorD6qPhNCh,during,loneliness_extended,1,0,social_loneliness
R_8vUJrorD6qPhNCh,during,loneliness_extended,2,0,emotional_loneliness
R_8vUJrorD6qPhNCh,during,loneliness_extended,3,0,emotional_loneliness
R_8vUJrorD6qPhNCh,during,loneliness_extended,4,1,social_loneliness
R_8vUJrorD6qPhNCh,during,loneliness_extended,5,1,emotional_loneliness
R_8vUJrorD6qPhNCh,during,loneliness_extended,6,0,emotional_loneliness
R_8vUJrorD6qPhNCh,during,loneliness_extended,7,0,social_loneliness
R_8vUJrorD6qPhNCh,during,loneliness_extended,8,0,social_loneliness
R_8vUJrorD6qPhNCh,during,loneliness_extended,9,1,emotional_loneliness
R_8vUJrorD6qPhNCh,during,loneliness_extended,10,0,emotional_loneliness
R_8vUJrorD6qPhNCh,during,loneliness_extended,11,0,social_loneliness
R_Wrr9h9YwjeBoNpf,before,loneliness_extended,1,0,social_loneliness
R_Wrr9h9YwjeBoNpf,before,loneliness_extended,2,1,emotional_loneliness
R_Wrr9h9YwjeBoNpf,before,loneliness_extended,3,1,emotional_loneliness
R_Wrr9h9YwjeBoNpf,before,loneliness_extended,4,0,social_loneliness
R_Wrr9h9YwjeBoNpf,before,loneliness_extended,5,1,emotional_loneliness
R_Wrr9h9YwjeBoNpf,before,loneliness_extended,6,1,emotional_loneliness
R_Wrr9h9YwjeBoNpf,before,loneliness_extended,7,0,social_loneliness
R_Wrr9h9YwjeBoNpf,before,loneliness_extended,8,0,social_loneliness
R_Wrr9h9YwjeBoNpf,before,loneliness_extended,9,1,emotional_loneliness
R_Wrr9h9YwjeBoNpf,before,loneliness_extended,10,0,emotional_loneliness
R_Wrr9h9YwjeBoNpf,before,loneliness_extended,11,0,social_loneliness
R_Wrr9h9YwjeBoNpf,during,loneliness_extended,1,0,social_loneliness
R_Wrr9h9YwjeBoNpf,during,loneliness_extended,2,1,emotional_loneliness
R_Wrr9h9YwjeBoNpf,during,loneliness_extended,3,0,emotional_loneliness
R_Wrr9h9YwjeBoNpf,during,loneliness_extended,4,0,social_loneliness
R_Wrr9h9YwjeBoNpf,during,loneliness_extended,5,1,emotional_loneliness
R_Wrr9h9YwjeBoNpf,during,loneliness_extended,6,0,emotional_loneliness
R_Wrr9h9YwjeBoNpf,during,loneliness_extended,7,0,social_loneliness
R_Wrr9h9YwjeBoNpf,during,loneliness_extended,8,0,social_loneliness
R_Wrr9h9YwjeBoNpf,during,loneliness_extended,9,1,emotional_loneliness
R_Wrr9h9YwjeBoNpf,during,loneliness_extended,10,0,emotional_loneliness
R_Wrr9h9YwjeBoNpf,during,loneliness_extended,11,0,social_loneliness
R_SDnvXDdPlMdrs9r,before,loneliness_extended,1,0,social_loneliness
R_SDnvXDdPlMdrs9r,before,loneliness_extended,2,0,emotional_loneliness
R_SDnvXDdPlMdrs9r,before,loneliness_extended,3,1,emotional_loneliness
R_SDnvXDdPlMdrs9r,before,loneliness_extended,4,0,social_loneliness
R_SDnvXDdPlMdrs9r,before,loneliness_extended,5,1,emotional_loneliness
R_SDnvXDdPlMdrs9r,before,loneliness_extended,6,0,emotional_loneliness
R_SDnvXDdPlMdrs9r,before,loneliness_extended,7,0,social_loneliness
R_SDnvXDdPlMdrs9r,before,loneliness_extended,8,0,social_loneliness
R_SDnvXDdPlMdrs9r,before,loneliness_extended,9,1,emotional_loneliness
R_SDnvXDdPlMdrs9r,before,loneliness_extended,10,0,emotional_loneliness
R_SDnvXDdPlMdrs9r,before,loneliness_extended,11,0,social_loneliness
R_SDnvXDdPlMdrs9r,during,loneliness_extended,1,0,social_loneliness
R_SDnvXDdPlMdrs9r,during,loneliness_extended,2,1,emotional_loneliness
R_SDnvXDdPlMdrs9r,during,loneliness_extended,3,1,emotional_loneliness
R_SDnvXDdPlMdrs9r,during,loneliness_extended,4,0,social_loneliness
R_SDnvXDdPlMdrs9r,during,loneliness_extended,5,1,emotional_loneliness
R_SDnvXDdPlMdrs9r,during,loneliness_extended,6,0,emotional_loneliness
R_SDnvXDdPlMdrs9r,during,loneliness_extended,7,0,social_loneliness
R_SDnvXDdPlMdrs9r,during,loneliness_extended,8,1,social_loneliness
R_SDnvXDdPlMdrs9r,during,loneliness_extended,9,1,emotional_loneliness
R_SDnvXDdPlMdrs9r,during,loneliness_extended,10,1,emotional_loneliness
R_SDnvXDdPlMdrs9r,during,loneliness_extended,11,0,social_loneliness
