response_id,lockdown_period,subscale,score
R_0HrndcL3lki2lZ7,after,amotivation,14
R_0HrndcL3lki2lZ7,after,external_regulation,34
R_0HrndcL3lki2lZ7,after,identified_regulation,8
R_0HrndcL3lki2lZ7,after,instrinsic_motivation,34
R_0HrndcL3lki2lZ7,after,integrated_regulation,10
R_0HrndcL3lki2lZ7,after,introjected_regulation,6
R_0HrndcL3lki2lZ7,before,amotivation,6
R_0HrndcL3lki2lZ7,before,external_regulation,28
R_0HrndcL3lki2lZ7,before,identified_regulation,12
R_0HrndcL3lki2lZ7,before,instrinsic_motivation,28
R_0HrndcL3lki2lZ7,before,integrated_regulation,14
R_0HrndcL3lki2lZ7,before,introjected_regulation,6
R_0PSG9nkpvJ2cBah,after,amotivation,24
R_0PSG9nkpvJ2cBah,after,external_regulation,6
R_0PSG9nkpvJ2cBah,after,identified_regulation,16
R_0PSG9nkpvJ2cBah,after,instrinsic_motivation,32
R_0PSG9nkpvJ2cBah,after,integrated_regulation,14
R_0PSG9nkpvJ2cBah,after,introjected_regulation,6
R_0PSG9nkpvJ2cBah,before,amotivation,18
R_0PSG9nkpvJ2cBah,before,external_regulation,6
R_0PSG9nkpvJ2cBah,before,identified_regulation,24
R_0PSG9nkpvJ2cBah,before,instrinsic_motivation,36
R_0PSG9nkpvJ2cBah,before,integrated_regulation,22
R_0PSG9nkpvJ2cBah,before,introjected_regulation,6
R_12JyJmQfO8sTgUl,after,amotivation,12
R_12JyJmQfO8sTgUl,after,external_regulation,18
R_12JyJmQfO8sTgUl,after,identified_regulation,18
R_12JyJmQfO8sTgUl,after,instrinsic_motivation,26
R_12JyJmQfO8sTgUl,after,integrated_regulation,18
R_12JyJmQfO8sTgUl,after,introjected_regulation,12
R_12JyJmQfO8sTgUl,before,amotivation,30
R_12JyJmQfO8sTgUl,before,external_regulation,16
R_12JyJmQfO8sTgUl,before,identified_regulation,14
R_12JyJmQfO8sTgUl,before,instrinsic_motivation,20
R_12JyJmQfO8sTgUl,before,integrated_regulation,14
R_12JyJmQfO8sTgUl,before,introjected_regulation,12
R_1DM7yYCOiYR4ya2,after,amotivation,6
R_1DM7yYCOiYR4ya2,after,external_regulation,28
R_1DM7yYCOiYR4ya2,after,identified_regulation,32
R_1DM7yYCOiYR4ya2,after,instrinsic_motivation,34
R_1DM7yYCOiYR4ya2,after,integrated_regulation,34
R_1DM7yYCOiYR4ya2,after,introjected_regulation,18
R_1DM7yYCOiYR4ya2,before,amotivation,6
R_1DM7yYCOiYR4ya2,before,external_regulation,28
R_1DM7yYCOiYR4ya2,before,identified_regulation,32
R_1DM7yYCOiYR4ya2,before,instrinsic_motivation,30
R_1DM7yYCOiYR4ya2,before,integrated_regulation,32
R_1DM7yYCOiYR4ya2,before,introjected_regulation,18
R_1ffI8lqVrhKTZ7E,after,amotivation,6
R_1ffI8lqVrhKTZ7E,after,external_regulation,6
R_1ffI8lqVrhKTZ7E,after,identified_regulation,6
R_1ffI8lqVrhKTZ7E,after,instrinsic_motivation,18
R_1ffI8lqVrhKTZ7E,after,integrated_regulation,6
R_1ffI8lqVrhKTZ7E,after,introjected_regulation,6
R_1ffI8lqVrhKTZ7E,before,amotivation,6
R_1ffI8lqVrhKTZ7E,before,external_regulation,6
R_1ffI8lqVrhKTZ7E,before,identified_regulation,6
R_1ffI8lqVrhKTZ7E,before,instrinsic_motivation,18
R_1ffI8lqVrhKTZ7E,before,integrated_regulation,8
R_1ffI8lqVrhKTZ7E,before,introjected_regulation,6
R_1FFzNzuAi8fWUl4,after,amotivation,6
R_1FFzNzuAi8fWUl4,after,external_regulation,18
R_1FFzNzuAi8fWUl4,after,identified_regulation,6
R_1FFzNzuAi8fWUl4,after,instrinsic_motivation,28
R_1FFzNzuAi8fWUl4,after,integrated_regulation,6
R_1FFzNzuAi8fWUl4,after,introjected_regulation,6
R_1FFzNzuAi8fWUl4,before,amotivation,8
R_1FFzNzuAi8fWUl4,before,external_regulation,18
R_1FFzNzuAi8fWUl4,before,identified_regulation,6
R_1FFzNzuAi8fWUl4,before,instrinsic_motivation,28
R_1FFzNzuAi8fWUl4,before,integrated_regulation,6
R_1FFzNzuAi8fWUl4,before,introjected_regulation,6
R_1GwdHSgm3odLvzg,after,amotivation,6
R_1GwdHSgm3odLvzg,after,external_regulation,28
R_1GwdHSgm3odLvzg,after,identified_regulation,14
R_1GwdHSgm3odLvzg,after,instrinsic_motivation,34
R_1GwdHSgm3odLvzg,after,integrated_regulation,14
R_1GwdHSgm3odLvzg,after,introjected_regulation,18
R_1GwdHSgm3odLvzg,before,amotivation,8
R_1GwdHSgm3odLvzg,before,external_regulation,30
R_1GwdHSgm3odLvzg,before,identified_regulation,6
R_1GwdHSgm3odLvzg,before,instrinsic_motivation,30
R_1GwdHSgm3odLvzg,before,integrated_regulation,20
R_1GwdHSgm3odLvzg,before,introjected_regulation,12
R_1H0rge5nxLFRo3v,after,amotivation,6
R_1H0rge5nxLFRo3v,after,external_regulation,30
R_1H0rge5nxLFRo3v,after,identified_regulation,26
R_1H0rge5nxLFRo3v,after,instrinsic_motivation,36
R_1H0rge5nxLFRo3v,after,integrated_regulation,32
R_1H0rge5nxLFRo3v,after,introjected_regulation,20
R_1H0rge5nxLFRo3v,before,amotivation,6
R_1H0rge5nxLFRo3v,before,external_regulation,22
R_1H0rge5nxLFRo3v,before,identified_regulation,24
R_1H0rge5nxLFRo3v,before,instrinsic_motivation,26
R_1H0rge5nxLFRo3v,before,integrated_regulation,32
R_1H0rge5nxLFRo3v,before,introjected_regulation,18
R_1hVTVxhlItv93am,after,amotivation,28
R_1hVTVxhlItv93am,after,external_regulation,8
R_1hVTVxhlItv93am,after,identified_regulation,6
R_1hVTVxhlItv93am,after,instrinsic_motivation,24
R_1hVTVxhlItv93am,after,integrated_regulation,6
R_1hVTVxhlItv93am,after,introjected_regulation,6
R_1hVTVxhlItv93am,before,amotivation,28
R_1hVTVxhlItv93am,before,external_regulation,10
R_1hVTVxhlItv93am,before,identified_regulation,6
R_1hVTVxhlItv93am,before,instrinsic_motivation,26
R_1hVTVxhlItv93am,before,integrated_regulation,10
R_1hVTVxhlItv93am,before,introjected_regulation,6
R_1i5qKh6GOnE0oJ3,after,amotivation,12
R_1i5qKh6GOnE0oJ3,after,external_regulation,26
R_1i5qKh6GOnE0oJ3,after,identified_regulation,24
R_1i5qKh6GOnE0oJ3,after,instrinsic_motivation,30
R_1i5qKh6GOnE0oJ3,after,integrated_regulation,30
R_1i5qKh6GOnE0oJ3,after,introjected_regulation,20
R_1i5qKh6GOnE0oJ3,before,amotivation,12
R_1i5qKh6GOnE0oJ3,before,external_regulation,26
R_1i5qKh6GOnE0oJ3,before,identified_regulation,22
R_1i5qKh6GOnE0oJ3,before,instrinsic_motivation,28
R_1i5qKh6GOnE0oJ3,before,integrated_regulation,28
R_1i5qKh6GOnE0oJ3,before,introjected_regulation,18
R_1IWvRT0mkoPQqkR,after,amotivation,22
R_1IWvRT0mkoPQqkR,after,external_regulation,18
R_1IWvRT0mkoPQqkR,after,identified_regulation,12
R_1IWvRT0mkoPQqkR,after,instrinsic_motivation,26
R_1IWvRT0mkoPQqkR,after,integrated_regulation,12
R_1IWvRT0mkoPQqkR,after,introjected_regulation,12
R_1IWvRT0mkoPQqkR,before,amotivation,18
R_1IWvRT0mkoPQqkR,before,external_regulation,16
R_1IWvRT0mkoPQqkR,before,identified_regulation,14
R_1IWvRT0mkoPQqkR,before,instrinsic_motivation,20
R_1IWvRT0mkoPQqkR,before,integrated_regulation,6
R_1IWvRT0mkoPQqkR,before,introjected_regulation,16
R_1jiU18Tkb0T0XV3,after,amotivation,6
R_1jiU18Tkb0T0XV3,after,external_regulation,32
R_1jiU18Tkb0T0XV3,after,identified_regulation,22
R_1jiU18Tkb0T0XV3,after,instrinsic_motivation,30
R_1jiU18Tkb0T0XV3,after,integrated_regulation,8
R_1jiU18Tkb0T0XV3,after,introjected_regulation,8
R_1jiU18Tkb0T0XV3,before,amotivation,8
R_1jiU18Tkb0T0XV3,before,external_regulation,30
R_1jiU18Tkb0T0XV3,before,identified_regulation,20
R_1jiU18Tkb0T0XV3,before,instrinsic_motivation,30
R_1jiU18Tkb0T0XV3,before,integrated_regulation,10
R_1jiU18Tkb0T0XV3,before,introjected_regulation,8
R_1KcXIYg2VO1BoxX,after,amotivation,6
R_1KcXIYg2VO1BoxX,after,external_regulation,20
R_1KcXIYg2VO1BoxX,after,identified_regulation,8
R_1KcXIYg2VO1BoxX,after,instrinsic_motivation,30
R_1KcXIYg2VO1BoxX,after,integrated_regulation,16
R_1KcXIYg2VO1BoxX,after,introjected_regulation,10
R_1KcXIYg2VO1BoxX,before,amotivation,6
R_1KcXIYg2VO1BoxX,before,external_regulation,22
R_1KcXIYg2VO1BoxX,before,identified_regulation,10
R_1KcXIYg2VO1BoxX,before,instrinsic_motivation,28
R_1KcXIYg2VO1BoxX,before,integrated_regulation,22
R_1KcXIYg2VO1BoxX,before,introjected_regulation,12
R_1LOoKq6ur4rIe2k,after,amotivation,6
R_1LOoKq6ur4rIe2k,after,external_regulation,22
R_1LOoKq6ur4rIe2k,after,identified_regulation,36
R_1LOoKq6ur4rIe2k,after,instrinsic_motivation,36
R_1LOoKq6ur4rIe2k,after,integrated_regulation,36
R_1LOoKq6ur4rIe2k,after,introjected_regulation,8
R_1LOoKq6ur4rIe2k,before,amotivation,6
R_1LOoKq6ur4rIe2k,before,external_regulation,14
R_1LOoKq6ur4rIe2k,before,identified_regulation,24
R_1LOoKq6ur4rIe2k,before,instrinsic_motivation,36
R_1LOoKq6ur4rIe2k,before,integrated_regulation,30
R_1LOoKq6ur4rIe2k,before,introjected_regulation,10
R_1meXA4TrxC5Vg18,after,amotivation,32
R_1meXA4TrxC5Vg18,after,external_regulation,30
R_1meXA4TrxC5Vg18,after,identified_regulation,12
R_1meXA4TrxC5Vg18,after,instrinsic_motivation,16
R_1meXA4TrxC5Vg18,after,integrated_regulation,18
R_1meXA4TrxC5Vg18,after,introjected_regulation,12
R_1meXA4TrxC5Vg18,before,amotivation,12
R_1meXA4TrxC5Vg18,before,external_regulation,18
R_1meXA4TrxC5Vg18,before,identified_regulation,20
R_1meXA4TrxC5Vg18,before,instrinsic_motivation,26
R_1meXA4TrxC5Vg18,before,integrated_regulation,18
R_1meXA4TrxC5Vg18,before,introjected_regulation,12
R_1OZgGesjhXXAzby,after,amotivation,6
R_1OZgGesjhXXAzby,after,external_regulation,30
R_1OZgGesjhXXAzby,after,identified_regulation,6
R_1OZgGesjhXXAzby,after,instrinsic_motivation,34
R_1OZgGesjhXXAzby,after,integrated_regulation,6
R_1OZgGesjhXXAzby,after,introjected_regulation,6
R_1OZgGesjhXXAzby,before,amotivation,6
R_1OZgGesjhXXAzby,before,external_regulation,22
R_1OZgGesjhXXAzby,before,identified_regulation,14
R_1OZgGesjhXXAzby,before,instrinsic_motivation,32
R_1OZgGesjhXXAzby,before,integrated_regulation,6
R_1OZgGesjhXXAzby,before,introjected_regulation,6
R_1PduFoVTfVrZ2rb,after,amotivation,6
R_1PduFoVTfVrZ2rb,after,external_regulation,10
R_1PduFoVTfVrZ2rb,after,identified_regulation,28
R_1PduFoVTfVrZ2rb,after,instrinsic_motivation,28
R_1PduFoVTfVrZ2rb,after,integrated_regulation,8
R_1PduFoVTfVrZ2rb,after,introjected_regulation,6
R_1PduFoVTfVrZ2rb,before,amotivation,6
R_1PduFoVTfVrZ2rb,before,external_regulation,8
R_1PduFoVTfVrZ2rb,before,identified_regulation,32
R_1PduFoVTfVrZ2rb,before,instrinsic_motivation,36
R_1PduFoVTfVrZ2rb,before,integrated_regulation,14
R_1PduFoVTfVrZ2rb,before,introjected_regulation,8
R_1PRfsA5T7H2CKfS,after,amotivation,6
R_1PRfsA5T7H2CKfS,after,external_regulation,24
R_1PRfsA5T7H2CKfS,after,identified_regulation,24
R_1PRfsA5T7H2CKfS,after,instrinsic_motivation,24
R_1PRfsA5T7H2CKfS,after,integrated_regulation,12
R_1PRfsA5T7H2CKfS,after,introjected_regulation,10
R_1PRfsA5T7H2CKfS,before,amotivation,6
R_1PRfsA5T7H2CKfS,before,external_regulation,16
R_1PRfsA5T7H2CKfS,before,identified_regulation,22
R_1PRfsA5T7H2CKfS,before,instrinsic_motivation,24
R_1PRfsA5T7H2CKfS,before,integrated_regulation,14
R_1PRfsA5T7H2CKfS,before,introjected_regulation,16
R_1q261O0L8N3K286,after,amotivation,6
R_1q261O0L8N3K286,after,external_regulation,10
R_1q261O0L8N3K286,after,identified_regulation,6
R_1q261O0L8N3K286,after,instrinsic_motivation,16
R_1q261O0L8N3K286,after,integrated_regulation,6
R_1q261O0L8N3K286,after,introjected_regulation,6
R_1q261O0L8N3K286,before,amotivation,8
R_1q261O0L8N3K286,before,external_regulation,8
R_1q261O0L8N3K286,before,identified_regulation,12
R_1q261O0L8N3K286,before,instrinsic_motivation,24
R_1q261O0L8N3K286,before,integrated_regulation,10
R_1q261O0L8N3K286,before,introjected_regulation,8
R_1QDQVGgr43kczoS,after,amotivation,6
R_1QDQVGgr43kczoS,after,external_regulation,18
R_1QDQVGgr43kczoS,after,identified_regulation,20
R_1QDQVGgr43kczoS,after,instrinsic_motivation,22
R_1QDQVGgr43kczoS,after,integrated_regulation,8
R_1QDQVGgr43kczoS,after,introjected_regulation,6
R_1QDQVGgr43kczoS,before,amotivation,8
R_1QDQVGgr43kczoS,before,external_regulation,16
R_1QDQVGgr43kczoS,before,identified_regulation,26
R_1QDQVGgr43kczoS,before,instrinsic_motivation,22
R_1QDQVGgr43kczoS,before,integrated_regulation,8
R_1QDQVGgr43kczoS,before,introjected_regulation,6
R_1Qza6Mn31sTJeYL,after,amotivation,22
R_1Qza6Mn31sTJeYL,after,external_regulation,12
R_1Qza6Mn31sTJeYL,after,identified_regulation,14
R_1Qza6Mn31sTJeYL,after,instrinsic_motivation,14
R_1Qza6Mn31sTJeYL,after,integrated_regulation,12
R_1Qza6Mn31sTJeYL,after,introjected_regulation,12
R_1Qza6Mn31sTJeYL,before,amotivation,20
R_1Qza6Mn31sTJeYL,before,external_regulation,26
R_1Qza6Mn31sTJeYL,before,identified_regulation,14
R_1Qza6Mn31sTJeYL,before,instrinsic_motivation,14
R_1Qza6Mn31sTJeYL,before,integrated_regulation,14
R_1Qza6Mn31sTJeYL,before,introjected_regulation,14
R_21b9j1WapXLQCLl,after,amotivation,8
R_21b9j1WapXLQCLl,after,external_regulation,26
R_21b9j1WapXLQCLl,after,identified_regulation,12
R_21b9j1WapXLQCLl,after,instrinsic_motivation,24
R_21b9j1WapXLQCLl,after,integrated_regulation,12
R_21b9j1WapXLQCLl,after,introjected_regulation,6
R_21b9j1WapXLQCLl,before,amotivation,12
R_21b9j1WapXLQCLl,before,external_regulation,18
R_21b9j1WapXLQCLl,before,identified_regulation,20
R_21b9j1WapXLQCLl,before,instrinsic_motivation,26
R_21b9j1WapXLQCLl,before,integrated_regulation,18
R_21b9j1WapXLQCLl,before,introjected_regulation,12
R_21EuXEwnMl0yxTK,after,amotivation,22
R_21EuXEwnMl0yxTK,after,external_regulation,22
R_21EuXEwnMl0yxTK,after,identified_regulation,26
R_21EuXEwnMl0yxTK,after,instrinsic_motivation,28
R_21EuXEwnMl0yxTK,after,integrated_regulation,28
R_21EuXEwnMl0yxTK,after,introjected_regulation,30
R_21EuXEwnMl0yxTK,before,amotivation,24
R_21EuXEwnMl0yxTK,before,external_regulation,22
R_21EuXEwnMl0yxTK,before,identified_regulation,24
R_21EuXEwnMl0yxTK,before,instrinsic_motivation,30
R_21EuXEwnMl0yxTK,before,integrated_regulation,26
R_21EuXEwnMl0yxTK,before,introjected_regulation,28
R_23W8Gu6uSBy5aEM,after,amotivation,6
R_23W8Gu6uSBy5aEM,after,external_regulation,12
R_23W8Gu6uSBy5aEM,after,identified_regulation,14
R_23W8Gu6uSBy5aEM,after,instrinsic_motivation,18
R_23W8Gu6uSBy5aEM,after,integrated_regulation,22
R_23W8Gu6uSBy5aEM,after,introjected_regulation,16
R_23W8Gu6uSBy5aEM,before,amotivation,6
R_23W8Gu6uSBy5aEM,before,external_regulation,10
R_23W8Gu6uSBy5aEM,before,identified_regulation,20
R_23W8Gu6uSBy5aEM,before,instrinsic_motivation,16
R_23W8Gu6uSBy5aEM,before,integrated_regulation,14
R_23W8Gu6uSBy5aEM,before,introjected_regulation,18
R_2CPzQnu9xzkVMwO,after,amotivation,6
R_2CPzQnu9xzkVMwO,after,external_regulation,26
R_2CPzQnu9xzkVMwO,after,identified_regulation,32
R_2CPzQnu9xzkVMwO,after,instrinsic_motivation,30
R_2CPzQnu9xzkVMwO,after,integrated_regulation,36
R_2CPzQnu9xzkVMwO,after,introjected_regulation,24
R_2CPzQnu9xzkVMwO,before,amotivation,6
R_2CPzQnu9xzkVMwO,before,external_regulation,20
R_2CPzQnu9xzkVMwO,before,identified_regulation,34
R_2CPzQnu9xzkVMwO,before,instrinsic_motivation,24
R_2CPzQnu9xzkVMwO,before,integrated_regulation,36
R_2CPzQnu9xzkVMwO,before,introjected_regulation,18
R_2dEoEx60XXDHIIc,after,amotivation,6
R_2dEoEx60XXDHIIc,after,external_regulation,26
R_2dEoEx60XXDHIIc,after,identified_regulation,36
R_2dEoEx60XXDHIIc,after,instrinsic_motivation,36
R_2dEoEx60XXDHIIc,after,integrated_regulation,36
R_2dEoEx60XXDHIIc,after,introjected_regulation,8
R_2dEoEx60XXDHIIc,before,amotivation,6
R_2dEoEx60XXDHIIc,before,external_regulation,26
R_2dEoEx60XXDHIIc,before,identified_regulation,36
R_2dEoEx60XXDHIIc,before,instrinsic_motivation,36
R_2dEoEx60XXDHIIc,before,integrated_regulation,36
R_2dEoEx60XXDHIIc,before,introjected_regulation,16
R_2doSEH7IKdCE7CF,after,amotivation,6
R_2doSEH7IKdCE7CF,after,external_regulation,24
R_2doSEH7IKdCE7CF,after,identified_regulation,20
R_2doSEH7IKdCE7CF,after,instrinsic_motivation,34
R_2doSEH7IKdCE7CF,after,integrated_regulation,10
R_2doSEH7IKdCE7CF,after,introjected_regulation,6
R_2doSEH7IKdCE7CF,before,amotivation,6
R_2doSEH7IKdCE7CF,before,external_regulation,10
R_2doSEH7IKdCE7CF,before,identified_regulation,28
R_2doSEH7IKdCE7CF,before,instrinsic_motivation,24
R_2doSEH7IKdCE7CF,before,integrated_regulation,26
R_2doSEH7IKdCE7CF,before,introjected_regulation,10
R_2f3rm3GgNbp4CRq,after,amotivation,28
R_2f3rm3GgNbp4CRq,after,external_regulation,24
R_2f3rm3GgNbp4CRq,after,identified_regulation,22
R_2f3rm3GgNbp4CRq,after,instrinsic_motivation,26
R_2f3rm3GgNbp4CRq,after,integrated_regulation,28
R_2f3rm3GgNbp4CRq,after,introjected_regulation,30
R_2f3rm3GgNbp4CRq,before,amotivation,24
R_2f3rm3GgNbp4CRq,before,external_regulation,24
R_2f3rm3GgNbp4CRq,before,identified_regulation,22
R_2f3rm3GgNbp4CRq,before,instrinsic_motivation,26
R_2f3rm3GgNbp4CRq,before,integrated_regulation,24
R_2f3rm3GgNbp4CRq,before,introjected_regulation,26
R_2f7DrkD8sE89X7v,after,amotivation,26
R_2f7DrkD8sE89X7v,after,external_regulation,12
R_2f7DrkD8sE89X7v,after,identified_regulation,14
R_2f7DrkD8sE89X7v,after,instrinsic_motivation,22
R_2f7DrkD8sE89X7v,after,integrated_regulation,16
R_2f7DrkD8sE89X7v,after,introjected_regulation,16
R_2f7DrkD8sE89X7v,before,amotivation,26
R_2f7DrkD8sE89X7v,before,external_regulation,12
R_2f7DrkD8sE89X7v,before,identified_regulation,18
R_2f7DrkD8sE89X7v,before,instrinsic_motivation,26
R_2f7DrkD8sE89X7v,before,integrated_regulation,22
R_2f7DrkD8sE89X7v,before,introjected_regulation,12
R_2PCnueh0z8dxONX,after,amotivation,6
R_2PCnueh0z8dxONX,after,external_regulation,6
R_2PCnueh0z8dxONX,after,identified_regulation,18
R_2PCnueh0z8dxONX,after,instrinsic_motivation,26
R_2PCnueh0z8dxONX,after,integrated_regulation,10
R_2PCnueh0z8dxONX,after,introjected_regulation,6
R_2PCnueh0z8dxONX,before,amotivation,6
R_2PCnueh0z8dxONX,before,external_regulation,12
R_2PCnueh0z8dxONX,before,identified_regulation,20
R_2PCnueh0z8dxONX,before,instrinsic_motivation,22
R_2PCnueh0z8dxONX,before,integrated_regulation,6
R_2PCnueh0z8dxONX,before,introjected_regulation,6
R_2qEHaRpK9wttPrJ,after,amotivation,6
R_2qEHaRpK9wttPrJ,after,external_regulation,8
R_2qEHaRpK9wttPrJ,after,identified_regulation,8
R_2qEHaRpK9wttPrJ,after,instrinsic_motivation,14
R_2qEHaRpK9wttPrJ,after,integrated_regulation,6
R_2qEHaRpK9wttPrJ,after,introjected_regulation,6
R_2qEHaRpK9wttPrJ,before,amotivation,6
R_2qEHaRpK9wttPrJ,before,external_regulation,10
R_2qEHaRpK9wttPrJ,before,identified_regulation,12
R_2qEHaRpK9wttPrJ,before,instrinsic_motivation,22
R_2qEHaRpK9wttPrJ,before,integrated_regulation,16
R_2qEHaRpK9wttPrJ,before,introjected_regulation,6
R_2tmo57HEtiFMvam,after,amotivation,8
R_2tmo57HEtiFMvam,after,external_regulation,8
R_2tmo57HEtiFMvam,after,identified_regulation,8
R_2tmo57HEtiFMvam,after,instrinsic_motivation,14
R_2tmo57HEtiFMvam,after,integrated_regulation,10
R_2tmo57HEtiFMvam,after,introjected_regulation,12
R_2tmo57HEtiFMvam,before,amotivation,8
R_2tmo57HEtiFMvam,before,external_regulation,8
R_2tmo57HEtiFMvam,before,identified_regulation,8
R_2tmo57HEtiFMvam,before,instrinsic_motivation,18
R_2tmo57HEtiFMvam,before,integrated_regulation,16
R_2tmo57HEtiFMvam,before,introjected_regulation,14
R_2U30JqzB8uJ3URG,after,amotivation,8
R_2U30JqzB8uJ3URG,after,external_regulation,18
R_2U30JqzB8uJ3URG,after,identified_regulation,6
R_2U30JqzB8uJ3URG,after,instrinsic_motivation,12
R_2U30JqzB8uJ3URG,after,integrated_regulation,6
R_2U30JqzB8uJ3URG,after,introjected_regulation,6
R_2U30JqzB8uJ3URG,before,amotivation,8
R_2U30JqzB8uJ3URG,before,external_regulation,18
R_2U30JqzB8uJ3URG,before,identified_regulation,8
R_2U30JqzB8uJ3URG,before,instrinsic_motivation,18
R_2U30JqzB8uJ3URG,before,integrated_regulation,6
R_2U30JqzB8uJ3URG,before,introjected_regulation,6
R_2U4rKifkmjVyf6B,after,amotivation,16
R_2U4rKifkmjVyf6B,after,external_regulation,18
R_2U4rKifkmjVyf6B,after,identified_regulation,16
R_2U4rKifkmjVyf6B,after,instrinsic_motivation,16
R_2U4rKifkmjVyf6B,after,integrated_regulation,12
R_2U4rKifkmjVyf6B,after,introjected_regulation,12
R_2U4rKifkmjVyf6B,before,amotivation,14
R_2U4rKifkmjVyf6B,before,external_regulation,16
R_2U4rKifkmjVyf6B,before,identified_regulation,8
R_2U4rKifkmjVyf6B,before,instrinsic_motivation,18
R_2U4rKifkmjVyf6B,before,integrated_regulation,8
R_2U4rKifkmjVyf6B,before,introjected_regulation,12
R_2uNXceKKzdWqUIT,after,amotivation,6
R_2uNXceKKzdWqUIT,after,external_regulation,18
R_2uNXceKKzdWqUIT,after,identified_regulation,18
R_2uNXceKKzdWqUIT,after,instrinsic_motivation,26
R_2uNXceKKzdWqUIT,after,integrated_regulation,14
R_2uNXceKKzdWqUIT,after,introjected_regulation,6
R_2uNXceKKzdWqUIT,before,amotivation,6
R_2uNXceKKzdWqUIT,before,external_regulation,18
R_2uNXceKKzdWqUIT,before,identified_regulation,18
R_2uNXceKKzdWqUIT,before,instrinsic_motivation,20
R_2uNXceKKzdWqUIT,before,integrated_regulation,16
R_2uNXceKKzdWqUIT,before,introjected_regulation,6
R_2v8uF7yPoq01u0w,after,amotivation,6
R_2v8uF7yPoq01u0w,after,external_regulation,14
R_2v8uF7yPoq01u0w,after,identified_regulation,12
R_2v8uF7yPoq01u0w,after,instrinsic_motivation,22
R_2v8uF7yPoq01u0w,after,integrated_regulation,8
R_2v8uF7yPoq01u0w,after,introjected_regulation,10
R_2v8uF7yPoq01u0w,before,amotivation,10
R_2v8uF7yPoq01u0w,before,external_regulation,16
R_2v8uF7yPoq01u0w,before,identified_regulation,14
R_2v8uF7yPoq01u0w,before,instrinsic_motivation,22
R_2v8uF7yPoq01u0w,before,integrated_regulation,16
R_2v8uF7yPoq01u0w,before,introjected_regulation,12
R_2VgXBPQ7UiiIILW,after,amotivation,6
R_2VgXBPQ7UiiIILW,after,external_regulation,12
R_2VgXBPQ7UiiIILW,after,identified_regulation,8
R_2VgXBPQ7UiiIILW,after,instrinsic_motivation,26
R_2VgXBPQ7UiiIILW,after,integrated_regulation,10
R_2VgXBPQ7UiiIILW,after,introjected_regulation,8
R_2VgXBPQ7UiiIILW,before,amotivation,6
R_2VgXBPQ7UiiIILW,before,external_regulation,12
R_2VgXBPQ7UiiIILW,before,identified_regulation,10
R_2VgXBPQ7UiiIILW,before,instrinsic_motivation,32
R_2VgXBPQ7UiiIILW,before,integrated_regulation,16
R_2VgXBPQ7UiiIILW,before,introjected_regulation,8
R_2WMfTALD7U10gRI,after,amotivation,12
R_2WMfTALD7U10gRI,after,external_regulation,18
R_2WMfTALD7U10gRI,after,identified_regulation,18
R_2WMfTALD7U10gRI,after,instrinsic_motivation,26
R_2WMfTALD7U10gRI,after,integrated_regulation,18
R_2WMfTALD7U10gRI,after,introjected_regulation,12
R_2WMfTALD7U10gRI,before,amotivation,6
R_2WMfTALD7U10gRI,before,external_regulation,6
R_2WMfTALD7U10gRI,before,identified_regulation,6
R_2WMfTALD7U10gRI,before,instrinsic_motivation,12
R_2WMfTALD7U10gRI,before,integrated_regulation,6
R_2WMfTALD7U10gRI,before,introjected_regulation,6
R_2Xiozx8q35QPmPN,after,amotivation,12
R_2Xiozx8q35QPmPN,after,external_regulation,18
R_2Xiozx8q35QPmPN,after,identified_regulation,18
R_2Xiozx8q35QPmPN,after,instrinsic_motivation,26
R_2Xiozx8q35QPmPN,after,integrated_regulation,18
R_2Xiozx8q35QPmPN,after,introjected_regulation,12
R_2Xiozx8q35QPmPN,before,amotivation,12
R_2Xiozx8q35QPmPN,before,external_regulation,18
R_2Xiozx8q35QPmPN,before,identified_regulation,20
R_2Xiozx8q35QPmPN,before,instrinsic_motivation,26
R_2Xiozx8q35QPmPN,before,integrated_regulation,18
R_2Xiozx8q35QPmPN,before,introjected_regulation,12
R_2zMWZPoTl4gnah2,after,amotivation,6
R_2zMWZPoTl4gnah2,after,external_regulation,6
R_2zMWZPoTl4gnah2,after,identified_regulation,20
R_2zMWZPoTl4gnah2,after,instrinsic_motivation,28
R_2zMWZPoTl4gnah2,after,integrated_regulation,12
R_2zMWZPoTl4gnah2,after,introjected_regulation,8
R_2zMWZPoTl4gnah2,before,amotivation,6
R_2zMWZPoTl4gnah2,before,external_regulation,6
R_2zMWZPoTl4gnah2,before,identified_regulation,22
R_2zMWZPoTl4gnah2,before,instrinsic_motivation,26
R_2zMWZPoTl4gnah2,before,integrated_regulation,12
R_2zMWZPoTl4gnah2,before,introjected_regulation,10
R_2ZNtv2mSWkr9BAA,after,amotivation,8
R_2ZNtv2mSWkr9BAA,after,external_regulation,22
R_2ZNtv2mSWkr9BAA,after,identified_regulation,18
R_2ZNtv2mSWkr9BAA,after,instrinsic_motivation,18
R_2ZNtv2mSWkr9BAA,after,integrated_regulation,18
R_2ZNtv2mSWkr9BAA,after,introjected_regulation,14
R_2ZNtv2mSWkr9BAA,before,amotivation,10
R_2ZNtv2mSWkr9BAA,before,external_regulation,22
R_2ZNtv2mSWkr9BAA,before,identified_regulation,20
R_2ZNtv2mSWkr9BAA,before,instrinsic_motivation,28
R_2ZNtv2mSWkr9BAA,before,integrated_regulation,24
R_2ZNtv2mSWkr9BAA,before,introjected_regulation,12
R_2zVbcDhM4AXPsZT,after,amotivation,6
R_2zVbcDhM4AXPsZT,after,external_regulation,20
R_2zVbcDhM4AXPsZT,after,identified_regulation,20
R_2zVbcDhM4AXPsZT,after,instrinsic_motivation,22
R_2zVbcDhM4AXPsZT,after,integrated_regulation,20
R_2zVbcDhM4AXPsZT,after,introjected_regulation,12
R_2zVbcDhM4AXPsZT,before,amotivation,6
R_2zVbcDhM4AXPsZT,before,external_regulation,22
R_2zVbcDhM4AXPsZT,before,identified_regulation,18
R_2zVbcDhM4AXPsZT,before,instrinsic_motivation,24
R_2zVbcDhM4AXPsZT,before,integrated_regulation,20
R_2zVbcDhM4AXPsZT,before,introjected_regulation,12
R_30enO1wA4LKIhUd,after,amotivation,12
R_30enO1wA4LKIhUd,after,external_regulation,18
R_30enO1wA4LKIhUd,after,identified_regulation,18
R_30enO1wA4LKIhUd,after,instrinsic_motivation,26
R_30enO1wA4LKIhUd,after,integrated_regulation,18
R_30enO1wA4LKIhUd,after,introjected_regulation,12
R_30enO1wA4LKIhUd,before,amotivation,16
R_30enO1wA4LKIhUd,before,external_regulation,26
R_30enO1wA4LKIhUd,before,identified_regulation,6
R_30enO1wA4LKIhUd,before,instrinsic_motivation,26
R_30enO1wA4LKIhUd,before,integrated_regulation,16
R_30enO1wA4LKIhUd,before,introjected_regulation,6
R_325eUWTIGcn1611,after,amotivation,8
R_325eUWTIGcn1611,after,external_regulation,10
R_325eUWTIGcn1611,after,identified_regulation,6
R_325eUWTIGcn1611,after,instrinsic_motivation,18
R_325eUWTIGcn1611,after,integrated_regulation,10
R_325eUWTIGcn1611,after,introjected_regulation,8
R_325eUWTIGcn1611,before,amotivation,10
R_325eUWTIGcn1611,before,external_regulation,14
R_325eUWTIGcn1611,before,identified_regulation,6
R_325eUWTIGcn1611,before,instrinsic_motivation,16
R_325eUWTIGcn1611,before,integrated_regulation,6
R_325eUWTIGcn1611,before,introjected_regulation,8
R_330XwyrcBDhgBbG,after,amotivation,6
R_330XwyrcBDhgBbG,after,external_regulation,10
R_330XwyrcBDhgBbG,after,identified_regulation,10
R_330XwyrcBDhgBbG,after,instrinsic_motivation,12
R_330XwyrcBDhgBbG,after,integrated_regulation,6
R_330XwyrcBDhgBbG,after,introjected_regulation,8
R_330XwyrcBDhgBbG,before,amotivation,6
R_330XwyrcBDhgBbG,before,external_regulation,6
R_330XwyrcBDhgBbG,before,identified_regulation,8
R_330XwyrcBDhgBbG,before,instrinsic_motivation,12
R_330XwyrcBDhgBbG,before,integrated_regulation,6
R_330XwyrcBDhgBbG,before,introjected_regulation,8
R_3CPHuI39ahB49V3,after,amotivation,8
R_3CPHuI39ahB49V3,after,external_regulation,6
R_3CPHuI39ahB49V3,after,identified_regulation,6
R_3CPHuI39ahB49V3,after,instrinsic_motivation,6
R_3CPHuI39ahB49V3,after,integrated_regulation,6
R_3CPHuI39ahB49V3,after,introjected_regulation,6
R_3CPHuI39ahB49V3,before,amotivation,8
R_3CPHuI39ahB49V3,before,external_regulation,6
R_3CPHuI39ahB49V3,before,identified_regulation,6
R_3CPHuI39ahB49V3,before,instrinsic_motivation,10
R_3CPHuI39ahB49V3,before,integrated_regulation,6
R_3CPHuI39ahB49V3,before,introjected_regulation,6
R_3EbVJrxApyyyxvF,after,amotivation,6
R_3EbVJrxApyyyxvF,after,external_regulation,32
R_3EbVJrxApyyyxvF,after,identified_regulation,16
R_3EbVJrxApyyyxvF,after,instrinsic_motivation,22
R_3EbVJrxApyyyxvF,after,integrated_regulation,16
R_3EbVJrxApyyyxvF,after,introjected_regulation,28
R_3EbVJrxApyyyxvF,before,amotivation,6
R_3EbVJrxApyyyxvF,before,external_regulation,34
R_3EbVJrxApyyyxvF,before,identified_regulation,22
R_3EbVJrxApyyyxvF,before,instrinsic_motivation,26
R_3EbVJrxApyyyxvF,before,integrated_regulation,22
R_3EbVJrxApyyyxvF,before,introjected_regulation,36
R_3feFL01maECWrJE,after,amotivation,6
R_3feFL01maECWrJE,after,external_regulation,6
R_3feFL01maECWrJE,after,identified_regulation,6
R_3feFL01maECWrJE,after,instrinsic_motivation,6
R_3feFL01maECWrJE,after,integrated_regulation,6
R_3feFL01maECWrJE,after,introjected_regulation,6
R_3feFL01maECWrJE,before,amotivation,6
R_3feFL01maECWrJE,before,external_regulation,6
R_3feFL01maECWrJE,before,identified_regulation,6
R_3feFL01maECWrJE,before,instrinsic_motivation,6
R_3feFL01maECWrJE,before,integrated_regulation,6
R_3feFL01maECWrJE,before,introjected_regulation,10
R_3ffaX6ZxMiXrdas,after,amotivation,22
R_3ffaX6ZxMiXrdas,after,external_regulation,30
R_3ffaX6ZxMiXrdas,after,identified_regulation,30
R_3ffaX6ZxMiXrdas,after,instrinsic_motivation,30
R_3ffaX6ZxMiXrdas,after,integrated_regulation,26
R_3ffaX6ZxMiXrdas,after,introjected_regulation,32
R_3ffaX6ZxMiXrdas,before,amotivation,8
R_3ffaX6ZxMiXrdas,before,external_regulation,20
R_3ffaX6ZxMiXrdas,before,identified_regulation,30
R_3ffaX6ZxMiXrdas,before,instrinsic_motivation,26
R_3ffaX6ZxMiXrdas,before,integrated_regulation,12
R_3ffaX6ZxMiXrdas,before,introjected_regulation,12
R_3fxYkqCxaavMK2C,after,amotivation,6
R_3fxYkqCxaavMK2C,after,external_regulation,6
R_3fxYkqCxaavMK2C,after,identified_regulation,6
R_3fxYkqCxaavMK2C,after,instrinsic_motivation,22
R_3fxYkqCxaavMK2C,after,integrated_regulation,6
R_3fxYkqCxaavMK2C,after,introjected_regulation,6
R_3fxYkqCxaavMK2C,before,amotivation,12
R_3fxYkqCxaavMK2C,before,external_regulation,18
R_3fxYkqCxaavMK2C,before,identified_regulation,20
R_3fxYkqCxaavMK2C,before,instrinsic_motivation,26
R_3fxYkqCxaavMK2C,before,integrated_regulation,18
R_3fxYkqCxaavMK2C,before,introjected_regulation,12
R_3gSjiAkUHvZ1gGz,after,amotivation,6
R_3gSjiAkUHvZ1gGz,after,external_regulation,24
R_3gSjiAkUHvZ1gGz,after,identified_regulation,24
R_3gSjiAkUHvZ1gGz,after,instrinsic_motivation,36
R_3gSjiAkUHvZ1gGz,after,integrated_regulation,18
R_3gSjiAkUHvZ1gGz,after,introjected_regulation,6
R_3gSjiAkUHvZ1gGz,before,amotivation,6
R_3gSjiAkUHvZ1gGz,before,external_regulation,22
R_3gSjiAkUHvZ1gGz,before,identified_regulation,10
R_3gSjiAkUHvZ1gGz,before,instrinsic_motivation,34
R_3gSjiAkUHvZ1gGz,before,integrated_regulation,18
R_3gSjiAkUHvZ1gGz,before,introjected_regulation,6
R_3gZQ1C8SCyoh4Yc,after,amotivation,6
R_3gZQ1C8SCyoh4Yc,after,external_regulation,24
R_3gZQ1C8SCyoh4Yc,after,identified_regulation,12
R_3gZQ1C8SCyoh4Yc,after,instrinsic_motivation,30
R_3gZQ1C8SCyoh4Yc,after,integrated_regulation,16
R_3gZQ1C8SCyoh4Yc,after,introjected_regulation,24
R_3gZQ1C8SCyoh4Yc,before,amotivation,6
R_3gZQ1C8SCyoh4Yc,before,external_regulation,16
R_3gZQ1C8SCyoh4Yc,before,identified_regulation,16
R_3gZQ1C8SCyoh4Yc,before,instrinsic_motivation,24
R_3gZQ1C8SCyoh4Yc,before,integrated_regulation,16
R_3gZQ1C8SCyoh4Yc,before,introjected_regulation,16
R_3hh98EI7vZruSPW,after,amotivation,12
R_3hh98EI7vZruSPW,after,external_regulation,18
R_3hh98EI7vZruSPW,after,identified_regulation,18
R_3hh98EI7vZruSPW,after,instrinsic_motivation,26
R_3hh98EI7vZruSPW,after,integrated_regulation,18
R_3hh98EI7vZruSPW,after,introjected_regulation,12
R_3hh98EI7vZruSPW,before,amotivation,6
R_3hh98EI7vZruSPW,before,external_regulation,10
R_3hh98EI7vZruSPW,before,identified_regulation,16
R_3hh98EI7vZruSPW,before,instrinsic_motivation,22
R_3hh98EI7vZruSPW,before,integrated_regulation,26
R_3hh98EI7vZruSPW,before,introjected_regulation,10
R_3isVf81cZgHhWye,after,amotivation,6
R_3isVf81cZgHhWye,after,external_regulation,6
R_3isVf81cZgHhWye,after,identified_regulation,30
R_3isVf81cZgHhWye,after,instrinsic_motivation,26
R_3isVf81cZgHhWye,after,integrated_regulation,28
R_3isVf81cZgHhWye,after,introjected_regulation,16
R_3isVf81cZgHhWye,before,amotivation,6
R_3isVf81cZgHhWye,before,external_regulation,6
R_3isVf81cZgHhWye,before,identified_regulation,28
R_3isVf81cZgHhWye,before,instrinsic_motivation,24
R_3isVf81cZgHhWye,before,integrated_regulation,36
R_3isVf81cZgHhWye,before,introjected_regulation,24
R_3iw1b49YIXMCguO,after,amotivation,6
R_3iw1b49YIXMCguO,after,external_regulation,10
R_3iw1b49YIXMCguO,after,identified_regulation,18
R_3iw1b49YIXMCguO,after,instrinsic_motivation,18
R_3iw1b49YIXMCguO,after,integrated_regulation,10
R_3iw1b49YIXMCguO,after,introjected_regulation,6
R_3iw1b49YIXMCguO,before,amotivation,6
R_3iw1b49YIXMCguO,before,external_regulation,10
R_3iw1b49YIXMCguO,before,identified_regulation,18
R_3iw1b49YIXMCguO,before,instrinsic_motivation,30
R_3iw1b49YIXMCguO,before,integrated_regulation,18
R_3iw1b49YIXMCguO,before,introjected_regulation,6
R_3IXNsI0MDPSrAEU,after,amotivation,6
R_3IXNsI0MDPSrAEU,after,external_regulation,22
R_3IXNsI0MDPSrAEU,after,identified_regulation,34
R_3IXNsI0MDPSrAEU,after,instrinsic_motivation,36
R_3IXNsI0MDPSrAEU,after,integrated_regulation,36
R_3IXNsI0MDPSrAEU,after,introjected_regulation,20
R_3IXNsI0MDPSrAEU,before,amotivation,6
R_3IXNsI0MDPSrAEU,before,external_regulation,18
R_3IXNsI0MDPSrAEU,before,identified_regulation,30
R_3IXNsI0MDPSrAEU,before,instrinsic_motivation,36
R_3IXNsI0MDPSrAEU,before,integrated_regulation,36
R_3IXNsI0MDPSrAEU,before,introjected_regulation,20
R_3j2oWZoAEr1njjz,after,amotivation,12
R_3j2oWZoAEr1njjz,after,external_regulation,14
R_3j2oWZoAEr1njjz,after,identified_regulation,14
R_3j2oWZoAEr1njjz,after,instrinsic_motivation,26
R_3j2oWZoAEr1njjz,after,integrated_regulation,22
R_3j2oWZoAEr1njjz,after,introjected_regulation,6
R_3j2oWZoAEr1njjz,before,amotivation,12
R_3j2oWZoAEr1njjz,before,external_regulation,14
R_3j2oWZoAEr1njjz,before,identified_regulation,12
R_3j2oWZoAEr1njjz,before,instrinsic_motivation,36
R_3j2oWZoAEr1njjz,before,integrated_regulation,22
R_3j2oWZoAEr1njjz,before,introjected_regulation,6
R_3JKlZpSiIyeDuwv,after,amotivation,16
R_3JKlZpSiIyeDuwv,after,external_regulation,16
R_3JKlZpSiIyeDuwv,after,identified_regulation,26
R_3JKlZpSiIyeDuwv,after,instrinsic_motivation,32
R_3JKlZpSiIyeDuwv,after,integrated_regulation,8
R_3JKlZpSiIyeDuwv,after,introjected_regulation,32
R_3JKlZpSiIyeDuwv,before,amotivation,20
R_3JKlZpSiIyeDuwv,before,external_regulation,10
R_3JKlZpSiIyeDuwv,before,identified_regulation,24
R_3JKlZpSiIyeDuwv,before,instrinsic_motivation,26
R_3JKlZpSiIyeDuwv,before,integrated_regulation,14
R_3JKlZpSiIyeDuwv,before,introjected_regulation,26
R_3KHiukMNRuxucCu,after,amotivation,6
R_3KHiukMNRuxucCu,after,external_regulation,28
R_3KHiukMNRuxucCu,after,identified_regulation,16
R_3KHiukMNRuxucCu,after,instrinsic_motivation,26
R_3KHiukMNRuxucCu,after,integrated_regulation,16
R_3KHiukMNRuxucCu,after,introjected_regulation,8
R_3KHiukMNRuxucCu,before,amotivation,6
R_3KHiukMNRuxucCu,before,external_regulation,20
R_3KHiukMNRuxucCu,before,identified_regulation,16
R_3KHiukMNRuxucCu,before,instrinsic_motivation,28
R_3KHiukMNRuxucCu,before,integrated_regulation,16
R_3KHiukMNRuxucCu,before,introjected_regulation,10
R_3L0dsQEmJBoz6CB,after,amotivation,36
R_3L0dsQEmJBoz6CB,after,external_regulation,32
R_3L0dsQEmJBoz6CB,after,identified_regulation,24
R_3L0dsQEmJBoz6CB,after,instrinsic_motivation,26
R_3L0dsQEmJBoz6CB,after,integrated_regulation,20
R_3L0dsQEmJBoz6CB,after,introjected_regulation,22
R_3L0dsQEmJBoz6CB,before,amotivation,30
R_3L0dsQEmJBoz6CB,before,external_regulation,26
R_3L0dsQEmJBoz6CB,before,identified_regulation,28
R_3L0dsQEmJBoz6CB,before,instrinsic_motivation,32
R_3L0dsQEmJBoz6CB,before,integrated_regulation,28
R_3L0dsQEmJBoz6CB,before,introjected_regulation,20
R_3m96s3870QvAUkz,after,amotivation,12
R_3m96s3870QvAUkz,after,external_regulation,18
R_3m96s3870QvAUkz,after,identified_regulation,18
R_3m96s3870QvAUkz,after,instrinsic_motivation,26
R_3m96s3870QvAUkz,after,integrated_regulation,18
R_3m96s3870QvAUkz,after,introjected_regulation,12
R_3m96s3870QvAUkz,before,amotivation,22
R_3m96s3870QvAUkz,before,external_regulation,30
R_3m96s3870QvAUkz,before,identified_regulation,6
R_3m96s3870QvAUkz,before,instrinsic_motivation,28
R_3m96s3870QvAUkz,before,integrated_regulation,10
R_3m96s3870QvAUkz,before,introjected_regulation,14
R_3mltujcfVRDBFwo,after,amotivation,12
R_3mltujcfVRDBFwo,after,external_regulation,18
R_3mltujcfVRDBFwo,after,identified_regulation,18
R_3mltujcfVRDBFwo,after,instrinsic_motivation,26
R_3mltujcfVRDBFwo,after,integrated_regulation,18
R_3mltujcfVRDBFwo,after,introjected_regulation,12
R_3mltujcfVRDBFwo,before,amotivation,12
R_3mltujcfVRDBFwo,before,external_regulation,18
R_3mltujcfVRDBFwo,before,identified_regulation,20
R_3mltujcfVRDBFwo,before,instrinsic_motivation,26
R_3mltujcfVRDBFwo,before,integrated_regulation,18
R_3mltujcfVRDBFwo,before,introjected_regulation,12
R_3nIcJNaem29eD3m,after,amotivation,6
R_3nIcJNaem29eD3m,after,external_regulation,26
R_3nIcJNaem29eD3m,after,identified_regulation,20
R_3nIcJNaem29eD3m,after,instrinsic_motivation,24
R_3nIcJNaem29eD3m,after,integrated_regulation,20
R_3nIcJNaem29eD3m,after,introjected_regulation,16
R_3nIcJNaem29eD3m,before,amotivation,6
R_3nIcJNaem29eD3m,before,external_regulation,30
R_3nIcJNaem29eD3m,before,identified_regulation,22
R_3nIcJNaem29eD3m,before,instrinsic_motivation,26
R_3nIcJNaem29eD3m,before,integrated_regulation,24
R_3nIcJNaem29eD3m,before,introjected_regulation,12
R_3P6tAdx0tJOoBY2,after,amotivation,18
R_3P6tAdx0tJOoBY2,after,external_regulation,26
R_3P6tAdx0tJOoBY2,after,identified_regulation,14
R_3P6tAdx0tJOoBY2,after,instrinsic_motivation,28
R_3P6tAdx0tJOoBY2,after,integrated_regulation,20
R_3P6tAdx0tJOoBY2,after,introjected_regulation,22
R_3P6tAdx0tJOoBY2,before,amotivation,24
R_3P6tAdx0tJOoBY2,before,external_regulation,20
R_3P6tAdx0tJOoBY2,before,identified_regulation,12
R_3P6tAdx0tJOoBY2,before,instrinsic_motivation,18
R_3P6tAdx0tJOoBY2,before,integrated_regulation,14
R_3P6tAdx0tJOoBY2,before,introjected_regulation,6
R_3PcoH72zwQSCOj0,after,amotivation,6
R_3PcoH72zwQSCOj0,after,external_regulation,20
R_3PcoH72zwQSCOj0,after,identified_regulation,34
R_3PcoH72zwQSCOj0,after,instrinsic_motivation,26
R_3PcoH72zwQSCOj0,after,integrated_regulation,22
R_3PcoH72zwQSCOj0,after,introjected_regulation,10
R_3PcoH72zwQSCOj0,before,amotivation,6
R_3PcoH72zwQSCOj0,before,external_regulation,12
R_3PcoH72zwQSCOj0,before,identified_regulation,30
R_3PcoH72zwQSCOj0,before,instrinsic_motivation,28
R_3PcoH72zwQSCOj0,before,integrated_regulation,18
R_3PcoH72zwQSCOj0,before,introjected_regulation,10
R_3PcqPxFcGNpruMf,after,amotivation,6
R_3PcqPxFcGNpruMf,after,external_regulation,14
R_3PcqPxFcGNpruMf,after,identified_regulation,16
R_3PcqPxFcGNpruMf,after,instrinsic_motivation,22
R_3PcqPxFcGNpruMf,after,integrated_regulation,22
R_3PcqPxFcGNpruMf,after,introjected_regulation,10
R_3PcqPxFcGNpruMf,before,amotivation,6
R_3PcqPxFcGNpruMf,before,external_regulation,12
R_3PcqPxFcGNpruMf,before,identified_regulation,14
R_3PcqPxFcGNpruMf,before,instrinsic_motivation,20
R_3PcqPxFcGNpruMf,before,integrated_regulation,20
R_3PcqPxFcGNpruMf,before,introjected_regulation,10
R_3pmQxy0TjRvKfQq,after,amotivation,12
R_3pmQxy0TjRvKfQq,after,external_regulation,18
R_3pmQxy0TjRvKfQq,after,identified_regulation,18
R_3pmQxy0TjRvKfQq,after,instrinsic_motivation,26
R_3pmQxy0TjRvKfQq,after,integrated_regulation,18
R_3pmQxy0TjRvKfQq,after,introjected_regulation,12
R_3pmQxy0TjRvKfQq,before,amotivation,22
R_3pmQxy0TjRvKfQq,before,external_regulation,22
R_3pmQxy0TjRvKfQq,before,identified_regulation,16
R_3pmQxy0TjRvKfQq,before,instrinsic_motivation,22
R_3pmQxy0TjRvKfQq,before,integrated_regulation,14
R_3pmQxy0TjRvKfQq,before,introjected_regulation,16
R_3rYAprW0GQ77H60,after,amotivation,6
R_3rYAprW0GQ77H60,after,external_regulation,28
R_3rYAprW0GQ77H60,after,identified_regulation,22
R_3rYAprW0GQ77H60,after,instrinsic_motivation,30
R_3rYAprW0GQ77H60,after,integrated_regulation,20
R_3rYAprW0GQ77H60,after,introjected_regulation,10
R_3rYAprW0GQ77H60,before,amotivation,14
R_3rYAprW0GQ77H60,before,external_regulation,30
R_3rYAprW0GQ77H60,before,identified_regulation,28
R_3rYAprW0GQ77H60,before,instrinsic_motivation,32
R_3rYAprW0GQ77H60,before,integrated_regulation,30
R_3rYAprW0GQ77H60,before,introjected_regulation,28
R_3siyKpiPmQRcuE2,after,amotivation,6
R_3siyKpiPmQRcuE2,after,external_regulation,24
R_3siyKpiPmQRcuE2,after,identified_regulation,28
R_3siyKpiPmQRcuE2,after,instrinsic_motivation,28
R_3siyKpiPmQRcuE2,after,integrated_regulation,30
R_3siyKpiPmQRcuE2,after,introjected_regulation,16
R_3siyKpiPmQRcuE2,before,amotivation,6
R_3siyKpiPmQRcuE2,before,external_regulation,22
R_3siyKpiPmQRcuE2,before,identified_regulation,28
R_3siyKpiPmQRcuE2,before,instrinsic_motivation,30
R_3siyKpiPmQRcuE2,before,integrated_regulation,32
R_3siyKpiPmQRcuE2,before,introjected_regulation,20
R_55QtESMR1CmR1bb,after,amotivation,18
R_55QtESMR1CmR1bb,after,external_regulation,6
R_55QtESMR1CmR1bb,after,identified_regulation,10
R_55QtESMR1CmR1bb,after,instrinsic_motivation,16
R_55QtESMR1CmR1bb,after,integrated_regulation,6
R_55QtESMR1CmR1bb,after,introjected_regulation,18
R_55QtESMR1CmR1bb,before,amotivation,20
R_55QtESMR1CmR1bb,before,external_regulation,6
R_55QtESMR1CmR1bb,before,identified_regulation,16
R_55QtESMR1CmR1bb,before,instrinsic_motivation,22
R_55QtESMR1CmR1bb,before,integrated_regulation,12
R_55QtESMR1CmR1bb,before,introjected_regulation,10
R_9zzr3A5XBoHiHol,after,amotivation,6
R_9zzr3A5XBoHiHol,after,external_regulation,6
R_9zzr3A5XBoHiHol,after,identified_regulation,10
R_9zzr3A5XBoHiHol,after,instrinsic_motivation,24
R_9zzr3A5XBoHiHol,after,integrated_regulation,8
R_9zzr3A5XBoHiHol,after,introjected_regulation,6
R_9zzr3A5XBoHiHol,before,amotivation,12
R_9zzr3A5XBoHiHol,before,external_regulation,18
R_9zzr3A5XBoHiHol,before,identified_regulation,20
R_9zzr3A5XBoHiHol,before,instrinsic_motivation,26
R_9zzr3A5XBoHiHol,before,integrated_regulation,18
R_9zzr3A5XBoHiHol,before,introjected_regulation,12
R_A672rfL6ej9Rq8h,after,amotivation,22
R_A672rfL6ej9Rq8h,after,external_regulation,22
R_A672rfL6ej9Rq8h,after,identified_regulation,12
R_A672rfL6ej9Rq8h,after,instrinsic_motivation,24
R_A672rfL6ej9Rq8h,after,integrated_regulation,18
R_A672rfL6ej9Rq8h,after,introjected_regulation,22
R_A672rfL6ej9Rq8h,before,amotivation,12
R_A672rfL6ej9Rq8h,before,external_regulation,18
R_A672rfL6ej9Rq8h,before,identified_regulation,20
R_A672rfL6ej9Rq8h,before,instrinsic_motivation,26
R_A672rfL6ej9Rq8h,before,integrated_regulation,18
R_A672rfL6ej9Rq8h,before,introjected_regulation,12
R_b3Iy7fxUDsppxAJ,after,amotivation,6
R_b3Iy7fxUDsppxAJ,after,external_regulation,36
R_b3Iy7fxUDsppxAJ,after,identified_regulation,28
R_b3Iy7fxUDsppxAJ,after,instrinsic_motivation,36
R_b3Iy7fxUDsppxAJ,after,integrated_regulation,32
R_b3Iy7fxUDsppxAJ,after,introjected_regulation,16
R_b3Iy7fxUDsppxAJ,before,amotivation,6
R_b3Iy7fxUDsppxAJ,before,external_regulation,28
R_b3Iy7fxUDsppxAJ,before,identified_regulation,36
R_b3Iy7fxUDsppxAJ,before,instrinsic_motivation,32
R_b3Iy7fxUDsppxAJ,before,integrated_regulation,30
R_b3Iy7fxUDsppxAJ,before,introjected_regulation,16
R_CZwSxUPuv8a4BYl,after,amotivation,6
R_CZwSxUPuv8a4BYl,after,external_regulation,6
R_CZwSxUPuv8a4BYl,after,identified_regulation,6
R_CZwSxUPuv8a4BYl,after,instrinsic_motivation,10
R_CZwSxUPuv8a4BYl,after,integrated_regulation,6
R_CZwSxUPuv8a4BYl,after,introjected_regulation,6
R_CZwSxUPuv8a4BYl,before,amotivation,6
R_CZwSxUPuv8a4BYl,before,external_regulation,6
R_CZwSxUPuv8a4BYl,before,identified_regulation,6
R_CZwSxUPuv8a4BYl,before,instrinsic_motivation,6
R_CZwSxUPuv8a4BYl,before,integrated_regulation,6
R_CZwSxUPuv8a4BYl,before,introjected_regulation,6
R_efceETmT2E2TBXH,after,amotivation,36
R_efceETmT2E2TBXH,after,external_regulation,22
R_efceETmT2E2TBXH,after,identified_regulation,20
R_efceETmT2E2TBXH,after,instrinsic_motivation,30
R_efceETmT2E2TBXH,after,integrated_regulation,30
R_efceETmT2E2TBXH,after,introjected_regulation,36
R_efceETmT2E2TBXH,before,amotivation,32
R_efceETmT2E2TBXH,before,external_regulation,16
R_efceETmT2E2TBXH,before,identified_regulation,22
R_efceETmT2E2TBXH,before,instrinsic_motivation,28
R_efceETmT2E2TBXH,before,integrated_regulation,24
R_efceETmT2E2TBXH,before,introjected_regulation,22
R_egrPbOmESOQ7LH3,after,amotivation,6
R_egrPbOmESOQ7LH3,after,external_regulation,34
R_egrPbOmESOQ7LH3,after,identified_regulation,24
R_egrPbOmESOQ7LH3,after,instrinsic_motivation,32
R_egrPbOmESOQ7LH3,after,integrated_regulation,26
R_egrPbOmESOQ7LH3,after,introjected_regulation,20
R_egrPbOmESOQ7LH3,before,amotivation,6
R_egrPbOmESOQ7LH3,before,external_regulation,34
R_egrPbOmESOQ7LH3,before,identified_regulation,24
R_egrPbOmESOQ7LH3,before,instrinsic_motivation,30
R_egrPbOmESOQ7LH3,before,integrated_regulation,24
R_egrPbOmESOQ7LH3,before,introjected_regulation,24
R_ekEOouSfdEsS5vb,after,amotivation,6
R_ekEOouSfdEsS5vb,after,external_regulation,20
R_ekEOouSfdEsS5vb,after,identified_regulation,20
R_ekEOouSfdEsS5vb,after,instrinsic_motivation,32
R_ekEOouSfdEsS5vb,after,integrated_regulation,14
R_ekEOouSfdEsS5vb,after,introjected_regulation,12
R_ekEOouSfdEsS5vb,before,amotivation,6
R_ekEOouSfdEsS5vb,before,external_regulation,8
R_ekEOouSfdEsS5vb,before,identified_regulation,18
R_ekEOouSfdEsS5vb,before,instrinsic_motivation,32
R_ekEOouSfdEsS5vb,before,integrated_regulation,14
R_ekEOouSfdEsS5vb,before,introjected_regulation,12
R_pJC3uBxyJBR1a1z,after,amotivation,6
R_pJC3uBxyJBR1a1z,after,external_regulation,20
R_pJC3uBxyJBR1a1z,after,identified_regulation,24
R_pJC3uBxyJBR1a1z,after,instrinsic_motivation,26
R_pJC3uBxyJBR1a1z,after,integrated_regulation,18
R_pJC3uBxyJBR1a1z,after,introjected_regulation,12
R_pJC3uBxyJBR1a1z,before,amotivation,6
R_pJC3uBxyJBR1a1z,before,external_regulation,22
R_pJC3uBxyJBR1a1z,before,identified_regulation,24
R_pJC3uBxyJBR1a1z,before,instrinsic_motivation,30
R_pJC3uBxyJBR1a1z,before,integrated_regulation,24
R_pJC3uBxyJBR1a1z,before,introjected_regulation,10
R_Q4TbigA0CMUCMAF,after,amotivation,28
R_Q4TbigA0CMUCMAF,after,external_regulation,24
R_Q4TbigA0CMUCMAF,after,identified_regulation,16
R_Q4TbigA0CMUCMAF,after,instrinsic_motivation,20
R_Q4TbigA0CMUCMAF,after,integrated_regulation,22
R_Q4TbigA0CMUCMAF,after,introjected_regulation,36
R_Q4TbigA0CMUCMAF,before,amotivation,16
R_Q4TbigA0CMUCMAF,before,external_regulation,36
R_Q4TbigA0CMUCMAF,before,identified_regulation,30
R_Q4TbigA0CMUCMAF,before,instrinsic_motivation,30
R_Q4TbigA0CMUCMAF,before,integrated_regulation,28
R_Q4TbigA0CMUCMAF,before,introjected_regulation,26
R_rqkHtlJzlFPbYgF,after,amotivation,14
R_rqkHtlJzlFPbYgF,after,external_regulation,6
R_rqkHtlJzlFPbYgF,after,identified_regulation,6
R_rqkHtlJzlFPbYgF,after,instrinsic_motivation,24
R_rqkHtlJzlFPbYgF,after,integrated_regulation,8
R_rqkHtlJzlFPbYgF,after,introjected_regulation,6
R_rqkHtlJzlFPbYgF,before,amotivation,16
R_rqkHtlJzlFPbYgF,before,external_regulation,6
R_rqkHtlJzlFPbYgF,before,identified_regulation,26
R_rqkHtlJzlFPbYgF,before,instrinsic_motivation,22
R_rqkHtlJzlFPbYgF,before,integrated_regulation,18
R_rqkHtlJzlFPbYgF,before,introjected_regulation,6
R_SSMMEEODX9uDbLr,after,amotivation,8
R_SSMMEEODX9uDbLr,after,external_regulation,36
R_SSMMEEODX9uDbLr,after,identified_regulation,22
R_SSMMEEODX9uDbLr,after,instrinsic_motivation,36
R_SSMMEEODX9uDbLr,after,integrated_regulation,36
R_SSMMEEODX9uDbLr,after,introjected_regulation,6
R_SSMMEEODX9uDbLr,before,amotivation,10
R_SSMMEEODX9uDbLr,before,external_regulation,30
R_SSMMEEODX9uDbLr,before,identified_regulation,16
R_SSMMEEODX9uDbLr,before,instrinsic_motivation,32
R_SSMMEEODX9uDbLr,before,integrated_regulation,36
R_SSMMEEODX9uDbLr,before,introjected_regulation,10
R_TemVHsV6Me3tByp,after,amotivation,6
R_TemVHsV6Me3tByp,after,external_regulation,28
R_TemVHsV6Me3tByp,after,identified_regulation,28
R_TemVHsV6Me3tByp,after,instrinsic_motivation,24
R_TemVHsV6Me3tByp,after,integrated_regulation,30
R_TemVHsV6Me3tByp,after,introjected_regulation,8
R_TemVHsV6Me3tByp,before,amotivation,6
R_TemVHsV6Me3tByp,before,external_regulation,28
R_TemVHsV6Me3tByp,before,identified_regulation,30
R_TemVHsV6Me3tByp,before,instrinsic_motivation,26
R_TemVHsV6Me3tByp,before,integrated_regulation,30
R_TemVHsV6Me3tByp,before,introjected_regulation,8
R_x5Wbvksc6tIcvE5,after,amotivation,12
R_x5Wbvksc6tIcvE5,after,external_regulation,18
R_x5Wbvksc6tIcvE5,after,identified_regulation,18
R_x5Wbvksc6tIcvE5,after,instrinsic_motivation,26
R_x5Wbvksc6tIcvE5,after,integrated_regulation,18
R_x5Wbvksc6tIcvE5,after,introjected_regulation,12
R_x5Wbvksc6tIcvE5,before,amotivation,6
R_x5Wbvksc6tIcvE5,before,external_regulation,20
R_x5Wbvksc6tIcvE5,before,identified_regulation,6
R_x5Wbvksc6tIcvE5,before,instrinsic_motivation,26
R_x5Wbvksc6tIcvE5,before,integrated_regulation,8
R_x5Wbvksc6tIcvE5,before,introjected_regulation,8
R_xAymUDRf13ewvE5,after,amotivation,6
R_xAymUDRf13ewvE5,after,external_regulation,10
R_xAymUDRf13ewvE5,after,identified_regulation,6
R_xAymUDRf13ewvE5,after,instrinsic_motivation,26
R_xAymUDRf13ewvE5,after,integrated_regulation,6
R_xAymUDRf13ewvE5,after,introjected_regulation,6
R_xAymUDRf13ewvE5,before,amotivation,6
R_xAymUDRf13ewvE5,before,external_regulation,6
R_xAymUDRf13ewvE5,before,identified_regulation,6
R_xAymUDRf13ewvE5,before,instrinsic_motivation,26
R_xAymUDRf13ewvE5,before,integrated_regulation,6
R_xAymUDRf13ewvE5,before,introjected_regulation,8
