response_id,time,item,score
R_28NVjdZPvV2fLBs,before,1,3
R_28NVjdZPvV2fLBs,before,2,3
R_28NVjdZPvV2fLBs,before,3,3
R_28NVjdZPvV2fLBs,after,1,3
R_28NVjdZPvV2fLBs,after,2,3
R_28NVjdZPvV2fLBs,after,3,3
R_2rPjSQLcIC8CDty,before,1,1
R_2rPjSQLcIC8CDty,before,2,1
R_2rPjSQLcIC8CDty,before,3,1
R_2rPjSQLcIC8CDty,after,1,1
R_2rPjSQLcIC8CDty,after,2,2
R_2rPjSQLcIC8CDty,after,3,2
R_upLgg7PndxOE2Vr,before,1,2
R_upLgg7PndxOE2Vr,before,2,1
R_upLgg7PndxOE2Vr,before,3,2
R_upLgg7PndxOE2Vr,after,1,1
R_upLgg7PndxOE2Vr,after,2,1
R_upLgg7PndxOE2Vr,after,3,1
R_1NmQkOcQT42agWF,before,1,2
R_1NmQkOcQT42agWF,before,2,2
R_1NmQkOcQT42agWF,before,3,2
R_1NmQkOcQT42agWF,after,1,2
R_1NmQkOcQT42agWF,after,2,2
R_1NmQkOcQT42agWF,after,3,2
R_000jgq6zfKH3jcB,before,1,2
R_000jgq6zfKH3jcB,before,2,2
R_000jgq6zfKH3jcB,before,3,1
R_000jgq6zfKH3jcB,after,1,2
R_000jgq6zfKH3jcB,after,2,2
R_000jgq6zfKH3jcB,after,3,3
R_2cd59QR5hZHKBZT,before,1,3
R_2cd59QR5hZHKBZT,before,2,3
R_2cd59QR5hZHKBZT,before,3,3
R_2cd59QR5hZHKBZT,after,1,2
R_2cd59QR5hZHKBZT,after,2,2
R_2cd59QR5hZHKBZT,after,3,2
R_2tqUYhzsg6ITwD1,before,1,2
R_2tqUYhzsg6ITwD1,before,2,2
R_2tqUYhzsg6ITwD1,before,3,3
R_2tqUYhzsg6ITwD1,after,1,2
R_2tqUYhzsg6ITwD1,after,2,1
R_2tqUYhzsg6ITwD1,after,3,2
R_1q9BHkV242D62cG,before,1,2
R_1q9BHkV242D62cG,before,2,3
R_1q9BHkV242D62cG,before,3,3
R_1q9BHkV242D62cG,after,1,3
R_1q9BHkV242D62cG,after,2,3
R_1q9BHkV242D62cG,after,3,3
R_1LCosfUrLhSMxRQ,before,1,1
R_1LCosfUrLhSMxRQ,before,2,1
R_1LCosfUrLhSMxRQ,before,3,1
R_1LCosfUrLhSMxRQ,after,1,1
R_1LCosfUrLhSMxRQ,after,2,1
R_1LCosfUrLhSMxRQ,after,3,2
R_3PjYxPdMelfAuAx,before,1,3
R_3PjYxPdMelfAuAx,before,2,3
R_3PjYxPdMelfAuAx,before,3,3
R_3PjYxPdMelfAuAx,after,1,3
R_3PjYxPdMelfAuAx,after,2,3
R_3PjYxPdMelfAuAx,after,3,3
R_2tJtUaHMu03QTQ1,before,1,2
R_2tJtUaHMu03QTQ1,before,2,3
R_2tJtUaHMu03QTQ1,before,3,3
R_2tJtUaHMu03QTQ1,after,1,3
R_2tJtUaHMu03QTQ1,after,2,3
R_2tJtUaHMu03QTQ1,after,3,3
R_20NVUurOXIj6JN6,before,1,3
R_20NVUurOXIj6JN6,before,2,3
R_20NVUurOXIj6JN6,before,3,3
R_20NVUurOXIj6JN6,after,1,3
R_20NVUurOXIj6JN6,after,2,3
R_20NVUurOXIj6JN6,after,3,3
R_1FKyUMNfVFCfhAP,before,1,2
R_1FKyUMNfVFCfhAP,before,2,2
R_1FKyUMNfVFCfhAP,before,3,1
R_1FKyUMNfVFCfhAP,after,1,2
R_1FKyUMNfVFCfhAP,after,2,1
R_1FKyUMNfVFCfhAP,after,3,1
R_OPvs1zUpPEvZoEp,before,1,1
R_OPvs1zUpPEvZoEp,before,2,1
R_OPvs1zUpPEvZoEp,before,3,1
R_OPvs1zUpPEvZoEp,after,1,1
R_OPvs1zUpPEvZoEp,after,2,1
R_OPvs1zUpPEvZoEp,after,3,1
R_54O3tQvET3fkQAV,before,1,3
R_54O3tQvET3fkQAV,before,2,2
R_54O3tQvET3fkQAV,before,3,1
R_54O3tQvET3fkQAV,after,1,3
R_54O3tQvET3fkQAV,after,2,2
R_54O3tQvET3fkQAV,after,3,2
R_2e2R7LJzpLYQiWW,before,1,1
R_2e2R7LJzpLYQiWW,before,2,1
R_2e2R7LJzpLYQiWW,before,3,1
R_2e2R7LJzpLYQiWW,after,1,3
R_2e2R7LJzpLYQiWW,after,2,1
R_2e2R7LJzpLYQiWW,after,3,3
R_2Sq2mphrvRDkWOh,before,1,1
R_2Sq2mphrvRDkWOh,before,2,1
R_2Sq2mphrvRDkWOh,before,3,2
R_2Sq2mphrvRDkWOh,after,1,1
R_2Sq2mphrvRDkWOh,after,2,2
R_2Sq2mphrvRDkWOh,after,3,2
R_9Z70MwcyCsPC9X3,before,1,2
R_9Z70MwcyCsPC9X3,before,2,2
R_9Z70MwcyCsPC9X3,before,3,2
R_9Z70MwcyCsPC9X3,after,1,2
R_9Z70MwcyCsPC9X3,after,2,2
R_9Z70MwcyCsPC9X3,after,3,3
R_2zBXAI5qUYmV4DB,before,1,2
R_2zBXAI5qUYmV4DB,before,2,2
R_2zBXAI5qUYmV4DB,before,3,2
R_2zBXAI5qUYmV4DB,after,1,1
R_2zBXAI5qUYmV4DB,after,2,1
R_2zBXAI5qUYmV4DB,after,3,3
R_SBupPeUb0kJ7NJL,before,1,1
R_SBupPeUb0kJ7NJL,before,2,1
R_SBupPeUb0kJ7NJL,before,3,1
R_SBupPeUb0kJ7NJL,after,1,1
R_SBupPeUb0kJ7NJL,after,2,2
R_SBupPeUb0kJ7NJL,after,3,3
R_z7JR0f6BK2Ps1i1,before,1,1
R_z7JR0f6BK2Ps1i1,before,2,2
R_z7JR0f6BK2Ps1i1,before,3,2
R_z7JR0f6BK2Ps1i1,after,1,1
R_z7JR0f6BK2Ps1i1,after,2,1
R_z7JR0f6BK2Ps1i1,after,3,3
R_UoPiHE2v8sEVOJb,before,1,2
R_UoPiHE2v8sEVOJb,before,2,2
R_UoPiHE2v8sEVOJb,before,3,3
R_UoPiHE2v8sEVOJb,after,1,3
R_UoPiHE2v8sEVOJb,after,2,3
R_UoPiHE2v8sEVOJb,after,3,3
R_1ls2eVKvEiK6S4N,before,1,1
R_1ls2eVKvEiK6S4N,before,2,1
R_1ls2eVKvEiK6S4N,before,3,2
R_1ls2eVKvEiK6S4N,after,1,1
R_1ls2eVKvEiK6S4N,after,2,2
R_1ls2eVKvEiK6S4N,after,3,2
R_3efCQahFkiEWLUo,before,1,1
R_3efCQahFkiEWLUo,before,2,2
R_3efCQahFkiEWLUo,before,3,1
R_3efCQahFkiEWLUo,after,1,1
R_3efCQahFkiEWLUo,after,2,1
R_3efCQahFkiEWLUo,after,3,3
R_1CkeSqHcTu6ioRR,before,1,1
R_1CkeSqHcTu6ioRR,before,2,1
R_1CkeSqHcTu6ioRR,before,3,1
R_1CkeSqHcTu6ioRR,after,1,1
R_1CkeSqHcTu6ioRR,after,2,1
R_1CkeSqHcTu6ioRR,after,3,2
R_12LI8ats6sqsq4j,before,1,2
R_12LI8ats6sqsq4j,before,2,1
R_12LI8ats6sqsq4j,before,3,2
R_12LI8ats6sqsq4j,after,1,2
R_12LI8ats6sqsq4j,after,2,2
R_12LI8ats6sqsq4j,after,3,1
R_21vy4qSSLUBhkI5,before,1,2
R_21vy4qSSLUBhkI5,before,2,2
R_21vy4qSSLUBhkI5,before,3,2
R_21vy4qSSLUBhkI5,after,1,2
R_21vy4qSSLUBhkI5,after,2,1
R_21vy4qSSLUBhkI5,after,3,2
R_2DZSUz54Rl39uyo,before,1,1
R_2DZSUz54Rl39uyo,before,2,1
R_2DZSUz54Rl39uyo,before,3,1
R_2DZSUz54Rl39uyo,after,1,1
R_2DZSUz54Rl39uyo,after,2,2
R_2DZSUz54Rl39uyo,after,3,3
R_3gYE1Oyb2ecCXAO,before,1,1
R_3gYE1Oyb2ecCXAO,before,2,1
R_3gYE1Oyb2ecCXAO,before,3,1
R_3gYE1Oyb2ecCXAO,after,1,1
R_3gYE1Oyb2ecCXAO,after,2,1
R_3gYE1Oyb2ecCXAO,after,3,2
R_R80uXkBmWsWOzfP,before,1,1
R_R80uXkBmWsWOzfP,before,2,1
R_R80uXkBmWsWOzfP,before,3,1
R_R80uXkBmWsWOzfP,after,1,1
R_R80uXkBmWsWOzfP,after,2,1
R_R80uXkBmWsWOzfP,after,3,1
R_0pRhQEssmj1aIbT,before,1,2
R_0pRhQEssmj1aIbT,before,2,1
R_0pRhQEssmj1aIbT,before,3,1
R_0pRhQEssmj1aIbT,after,1,2
R_0pRhQEssmj1aIbT,after,2,1
R_0pRhQEssmj1aIbT,after,3,2
R_1mEDv9S4U18sxZe,before,1,2
R_1mEDv9S4U18sxZe,before,2,3
R_1mEDv9S4U18sxZe,before,3,3
R_1mEDv9S4U18sxZe,after,1,2
R_1mEDv9S4U18sxZe,after,2,3
R_1mEDv9S4U18sxZe,after,3,3
R_06y6RQMIag7OLT3,before,1,2
R_06y6RQMIag7OLT3,before,2,2
R_06y6RQMIag7OLT3,before,3,2
R_06y6RQMIag7OLT3,after,1,1
R_06y6RQMIag7OLT3,after,2,1
R_06y6RQMIag7OLT3,after,3,1
R_23Ulx9Mu6ClxGOJ,before,1,2
R_23Ulx9Mu6ClxGOJ,before,2,2
R_23Ulx9Mu6ClxGOJ,before,3,2
R_23Ulx9Mu6ClxGOJ,after,1,2
R_23Ulx9Mu6ClxGOJ,after,2,2
R_23Ulx9Mu6ClxGOJ,after,3,2
R_Zgzav0hvyZ96c6d,before,1,2
R_Zgzav0hvyZ96c6d,before,2,2
R_Zgzav0hvyZ96c6d,before,3,2
R_Zgzav0hvyZ96c6d,after,1,2
R_Zgzav0hvyZ96c6d,after,2,2
R_Zgzav0hvyZ96c6d,after,3,3
R_1K1Fc63G8b1FSAP,before,1,1
R_1K1Fc63G8b1FSAP,before,2,1
R_1K1Fc63G8b1FSAP,before,3,1
R_1K1Fc63G8b1FSAP,after,1,1
R_1K1Fc63G8b1FSAP,after,2,1
R_1K1Fc63G8b1FSAP,after,3,2
R_1ImlmXBKKlXZVm0,before,1,1
R_1ImlmXBKKlXZVm0,before,2,2
R_1ImlmXBKKlXZVm0,before,3,2
R_1ImlmXBKKlXZVm0,after,1,2
R_1ImlmXBKKlXZVm0,after,2,2
R_1ImlmXBKKlXZVm0,after,3,2
R_2fIesR987yHKjDw,before,1,1
R_2fIesR987yHKjDw,before,2,2
R_2fIesR987yHKjDw,before,3,1
R_2fIesR987yHKjDw,after,1,2
R_2fIesR987yHKjDw,after,2,2
R_2fIesR987yHKjDw,after,3,3
R_3G0VtsBQfB5T8jI,before,1,1
R_3G0VtsBQfB5T8jI,before,2,1
R_3G0VtsBQfB5T8jI,before,3,1
R_3G0VtsBQfB5T8jI,after,1,1
R_3G0VtsBQfB5T8jI,after,2,1
R_3G0VtsBQfB5T8jI,after,3,1
R_1NfE7qpbaFYk306,before,1,1
R_1NfE7qpbaFYk306,before,2,2
R_1NfE7qpbaFYk306,before,3,1
R_1NfE7qpbaFYk306,after,1,1
R_1NfE7qpbaFYk306,after,2,1
R_1NfE7qpbaFYk306,after,3,2
R_1pYYllRKHfnN46F,before,1,3
R_1pYYllRKHfnN46F,before,2,3
R_1pYYllRKHfnN46F,before,3,3
R_1pYYllRKHfnN46F,after,1,3
R_1pYYllRKHfnN46F,after,2,3
R_1pYYllRKHfnN46F,after,3,3
R_WerDtRBiVK6hlnP,before,1,2
R_WerDtRBiVK6hlnP,before,2,2
R_WerDtRBiVK6hlnP,before,3,2
R_WerDtRBiVK6hlnP,after,1,3
R_WerDtRBiVK6hlnP,after,2,3
R_WerDtRBiVK6hlnP,after,3,2
R_2cdROg831T1vhEC,before,1,1
R_2cdROg831T1vhEC,before,2,2
R_2cdROg831T1vhEC,before,3,2
R_2cdROg831T1vhEC,after,1,1
R_2cdROg831T1vhEC,after,2,2
R_2cdROg831T1vhEC,after,3,2
R_p5CA0SZn571DSEN,before,1,2
R_p5CA0SZn571DSEN,before,2,1
R_p5CA0SZn571DSEN,before,3,1
R_p5CA0SZn571DSEN,after,1,2
R_p5CA0SZn571DSEN,after,2,2
R_p5CA0SZn571DSEN,after,3,2
R_2CvKeTojbEMdWFy,before,1,1
R_2CvKeTojbEMdWFy,before,2,1
R_2CvKeTojbEMdWFy,before,3,1
R_2CvKeTojbEMdWFy,after,1,1
R_2CvKeTojbEMdWFy,after,2,1
R_2CvKeTojbEMdWFy,after,3,1
R_3hywX9R1oSIynmb,before,1,2
R_3hywX9R1oSIynmb,before,2,2
R_3hywX9R1oSIynmb,before,3,1
R_3hywX9R1oSIynmb,after,1,3
R_3hywX9R1oSIynmb,after,2,2
R_3hywX9R1oSIynmb,after,3,3
R_27ExcEAbe7WWZAY,before,1,1
R_27ExcEAbe7WWZAY,before,2,2
R_27ExcEAbe7WWZAY,before,3,2
R_27ExcEAbe7WWZAY,after,1,3
R_27ExcEAbe7WWZAY,after,2,2
R_27ExcEAbe7WWZAY,after,3,3
R_1H78Zq7MMV4bmUw,before,1,1
R_1H78Zq7MMV4bmUw,before,2,1
R_1H78Zq7MMV4bmUw,before,3,1
R_1H78Zq7MMV4bmUw,after,1,1
R_1H78Zq7MMV4bmUw,after,2,1
R_1H78Zq7MMV4bmUw,after,3,1
R_3HpP9AcM8KfmlN5,before,1,2
R_3HpP9AcM8KfmlN5,before,2,2
R_3HpP9AcM8KfmlN5,before,3,2
R_3HpP9AcM8KfmlN5,after,1,3
R_3HpP9AcM8KfmlN5,after,2,2
R_3HpP9AcM8KfmlN5,after,3,2
R_1MXmVmetdFpHiB4,before,1,2
R_1MXmVmetdFpHiB4,before,2,2
R_1MXmVmetdFpHiB4,before,3,2
R_1MXmVmetdFpHiB4,after,1,3
R_1MXmVmetdFpHiB4,after,2,3
R_1MXmVmetdFpHiB4,after,3,3
R_3PAINhZstYwZKnG,before,1,2
R_3PAINhZstYwZKnG,before,2,2
R_3PAINhZstYwZKnG,before,3,2
R_3PAINhZstYwZKnG,after,1,2
R_3PAINhZstYwZKnG,after,2,2
R_3PAINhZstYwZKnG,after,3,2
R_RzB3YPB2gpL3ylr,before,1,1
R_RzB3YPB2gpL3ylr,before,2,1
R_RzB3YPB2gpL3ylr,before,3,1
R_RzB3YPB2gpL3ylr,after,1,1
R_RzB3YPB2gpL3ylr,after,2,1
R_RzB3YPB2gpL3ylr,after,3,1
R_BueCPimsWc9Utd7,before,1,1
R_BueCPimsWc9Utd7,before,2,1
R_BueCPimsWc9Utd7,before,3,2
R_BueCPimsWc9Utd7,after,1,1
R_BueCPimsWc9Utd7,after,2,1
R_BueCPimsWc9Utd7,after,3,1
R_2Clwma6pSIEIvrW,before,1,1
R_2Clwma6pSIEIvrW,before,2,1
R_2Clwma6pSIEIvrW,before,3,1
R_2Clwma6pSIEIvrW,after,1,1
R_2Clwma6pSIEIvrW,after,2,1
R_2Clwma6pSIEIvrW,after,3,1
R_2CB7Tu6CfOt3tUN,before,1,1
R_2CB7Tu6CfOt3tUN,before,2,2
R_2CB7Tu6CfOt3tUN,before,3,3
R_2CB7Tu6CfOt3tUN,after,1,1
R_2CB7Tu6CfOt3tUN,after,2,2
R_2CB7Tu6CfOt3tUN,after,3,2
R_2ARphcLKbG8pCbs,before,1,1
R_2ARphcLKbG8pCbs,before,2,1
R_2ARphcLKbG8pCbs,before,3,1
R_2ARphcLKbG8pCbs,after,1,1
R_2ARphcLKbG8pCbs,after,2,1
R_2ARphcLKbG8pCbs,after,3,2
R_3DcJPhdo2DHBes3,before,1,2
R_3DcJPhdo2DHBes3,before,2,3
R_3DcJPhdo2DHBes3,before,3,2
R_3DcJPhdo2DHBes3,after,1,2
R_3DcJPhdo2DHBes3,after,2,3
R_3DcJPhdo2DHBes3,after,3,2
R_1GKJM6pEM2FrpLP,before,1,1
R_1GKJM6pEM2FrpLP,before,2,1
R_1GKJM6pEM2FrpLP,before,3,1
R_1GKJM6pEM2FrpLP,after,1,1
R_1GKJM6pEM2FrpLP,after,2,1
R_1GKJM6pEM2FrpLP,after,3,1
R_2bVGOK2omxjKHpn,before,1,2
R_2bVGOK2omxjKHpn,before,2,2
R_2bVGOK2omxjKHpn,before,3,2
R_2bVGOK2omxjKHpn,after,1,2
R_2bVGOK2omxjKHpn,after,2,2
R_2bVGOK2omxjKHpn,after,3,2
R_3ne0xvsnUk3Dg2b,before,1,1
R_3ne0xvsnUk3Dg2b,before,2,1
R_3ne0xvsnUk3Dg2b,before,3,1
R_3ne0xvsnUk3Dg2b,after,1,3
R_3ne0xvsnUk3Dg2b,after,2,2
R_3ne0xvsnUk3Dg2b,after,3,3
R_33m18XGfnq4Vj9o,before,1,1
R_33m18XGfnq4Vj9o,before,2,1
R_33m18XGfnq4Vj9o,before,3,2
R_33m18XGfnq4Vj9o,after,1,1
R_33m18XGfnq4Vj9o,after,2,1
R_33m18XGfnq4Vj9o,after,3,2
R_2YyT0OjStuntyXf,before,1,3
R_2YyT0OjStuntyXf,before,2,3
R_2YyT0OjStuntyXf,before,3,3
R_2YyT0OjStuntyXf,after,1,3
R_2YyT0OjStuntyXf,after,2,3
R_2YyT0OjStuntyXf,after,3,3
R_2QzW5HTDKSQoIdW,before,1,1
R_2QzW5HTDKSQoIdW,before,2,1
R_2QzW5HTDKSQoIdW,before,3,1
R_2QzW5HTDKSQoIdW,after,1,1
R_2QzW5HTDKSQoIdW,after,2,1
R_2QzW5HTDKSQoIdW,after,3,1
R_1PYHLXLRtVtLKCC,before,1,1
R_1PYHLXLRtVtLKCC,before,2,1
R_1PYHLXLRtVtLKCC,before,3,1
R_1PYHLXLRtVtLKCC,after,1,1
R_1PYHLXLRtVtLKCC,after,2,1
R_1PYHLXLRtVtLKCC,after,3,1
R_2fvruv9ZivyF7o5,before,1,2
R_2fvruv9ZivyF7o5,before,2,2
R_2fvruv9ZivyF7o5,before,3,2
R_2fvruv9ZivyF7o5,after,1,2
R_2fvruv9ZivyF7o5,after,2,2
R_2fvruv9ZivyF7o5,after,3,2
R_1Fl9AQQ2mrxHqGW,before,1,1
R_1Fl9AQQ2mrxHqGW,before,2,2
R_1Fl9AQQ2mrxHqGW,before,3,1
R_1Fl9AQQ2mrxHqGW,after,1,2
R_1Fl9AQQ2mrxHqGW,after,2,2
R_1Fl9AQQ2mrxHqGW,after,3,3
R_2wmnaQBPNB7V2gM,before,1,2
R_2wmnaQBPNB7V2gM,before,2,2
R_2wmnaQBPNB7V2gM,before,3,2
R_2wmnaQBPNB7V2gM,after,1,2
R_2wmnaQBPNB7V2gM,after,2,2
R_2wmnaQBPNB7V2gM,after,3,2
R_piX57LSmaReTby1,before,1,1
R_piX57LSmaReTby1,before,2,1
R_piX57LSmaReTby1,before,3,2
R_piX57LSmaReTby1,after,1,1
R_piX57LSmaReTby1,after,2,2
R_piX57LSmaReTby1,after,3,1
R_Oju76sshryv7YAh,before,1,1
R_Oju76sshryv7YAh,before,2,2
R_Oju76sshryv7YAh,before,3,2
R_Oju76sshryv7YAh,after,1,1
R_Oju76sshryv7YAh,after,2,3
R_Oju76sshryv7YAh,after,3,3
R_Xjm191b0NxVNvbz,before,1,2
R_Xjm191b0NxVNvbz,before,2,2
R_Xjm191b0NxVNvbz,before,3,2
R_Xjm191b0NxVNvbz,after,1,3
R_Xjm191b0NxVNvbz,after,2,2
R_Xjm191b0NxVNvbz,after,3,3
R_30uRCB7vSqjK8Tf,before,1,2
R_30uRCB7vSqjK8Tf,before,2,2
R_30uRCB7vSqjK8Tf,before,3,3
R_30uRCB7vSqjK8Tf,after,1,1
R_30uRCB7vSqjK8Tf,after,2,2
R_30uRCB7vSqjK8Tf,after,3,3
R_2VkJBjNuuyAttyZ,before,1,1
R_2VkJBjNuuyAttyZ,before,2,1
R_2VkJBjNuuyAttyZ,before,3,2
R_2VkJBjNuuyAttyZ,after,1,3
R_2VkJBjNuuyAttyZ,after,2,3
R_2VkJBjNuuyAttyZ,after,3,3
R_RLcbhnqjnjLiaVX,before,1,1
R_RLcbhnqjnjLiaVX,before,2,1
R_RLcbhnqjnjLiaVX,before,3,1
R_RLcbhnqjnjLiaVX,after,1,2
R_RLcbhnqjnjLiaVX,after,2,1
R_RLcbhnqjnjLiaVX,after,3,1
R_2B4II5QqOBTuBsc,before,1,3
R_2B4II5QqOBTuBsc,before,2,3
R_2B4II5QqOBTuBsc,before,3,2
R_2B4II5QqOBTuBsc,after,1,3
R_2B4II5QqOBTuBsc,after,2,3
R_2B4II5QqOBTuBsc,after,3,3
R_1M5w3AllKLTG9vr,before,1,1
R_1M5w3AllKLTG9vr,before,2,1
R_1M5w3AllKLTG9vr,before,3,1
R_1M5w3AllKLTG9vr,after,1,1
R_1M5w3AllKLTG9vr,after,2,1
R_1M5w3AllKLTG9vr,after,3,3
R_0vTXEcLGjOc6uRj,before,1,1
R_0vTXEcLGjOc6uRj,before,2,1
R_0vTXEcLGjOc6uRj,before,3,1
R_0vTXEcLGjOc6uRj,after,1,1
R_0vTXEcLGjOc6uRj,after,2,1
R_0vTXEcLGjOc6uRj,after,3,1
R_3VJUdRxHSSY9KRH,before,1,1
R_3VJUdRxHSSY9KRH,before,2,3
R_3VJUdRxHSSY9KRH,before,3,2
R_3VJUdRxHSSY9KRH,after,1,1
R_3VJUdRxHSSY9KRH,after,2,3
R_3VJUdRxHSSY9KRH,after,3,2
R_b3OqdK3QYKKuHYd,before,1,2
R_b3OqdK3QYKKuHYd,before,2,2
R_b3OqdK3QYKKuHYd,before,3,2
R_b3OqdK3QYKKuHYd,after,1,2
R_b3OqdK3QYKKuHYd,after,2,1
R_b3OqdK3QYKKuHYd,after,3,2
R_8jHHv1qsC7vCAz7,before,1,1
R_8jHHv1qsC7vCAz7,before,2,1
R_8jHHv1qsC7vCAz7,before,3,1
R_8jHHv1qsC7vCAz7,after,1,1
R_8jHHv1qsC7vCAz7,after,2,1
R_8jHHv1qsC7vCAz7,after,3,2
R_BDGcUeEGjSpIacN,before,1,3
R_BDGcUeEGjSpIacN,before,2,1
R_BDGcUeEGjSpIacN,before,3,2
R_BDGcUeEGjSpIacN,after,1,3
R_BDGcUeEGjSpIacN,after,2,3
R_BDGcUeEGjSpIacN,after,3,3
R_3lxovCWhEaeqaCs,before,1,3
R_3lxovCWhEaeqaCs,before,2,2
R_3lxovCWhEaeqaCs,before,3,2
R_3lxovCWhEaeqaCs,after,1,3
R_3lxovCWhEaeqaCs,after,2,2
R_3lxovCWhEaeqaCs,after,3,3
R_1N9O72YdQ4GZFDi,before,1,2
R_1N9O72YdQ4GZFDi,before,2,1
R_1N9O72YdQ4GZFDi,before,3,1
R_1N9O72YdQ4GZFDi,after,1,3
R_1N9O72YdQ4GZFDi,after,2,1
R_1N9O72YdQ4GZFDi,after,3,3
R_brWqcjWNLR2SR6p,before,1,1
R_brWqcjWNLR2SR6p,before,2,1
R_brWqcjWNLR2SR6p,before,3,1
R_brWqcjWNLR2SR6p,after,1,2
R_brWqcjWNLR2SR6p,after,2,1
R_brWqcjWNLR2SR6p,after,3,3
R_1HbCUjufNKWfBV4,before,1,2
R_1HbCUjufNKWfBV4,before,2,2
R_1HbCUjufNKWfBV4,before,3,3
R_1HbCUjufNKWfBV4,after,1,2
R_1HbCUjufNKWfBV4,after,2,2
R_1HbCUjufNKWfBV4,after,3,2
R_OP7imJenh3QEzHr,before,1,3
R_OP7imJenh3QEzHr,before,2,3
R_OP7imJenh3QEzHr,before,3,3
R_OP7imJenh3QEzHr,after,1,3
R_OP7imJenh3QEzHr,after,2,3
R_OP7imJenh3QEzHr,after,3,3
R_2YJKbEV4DDO8Lc0,before,1,1
R_2YJKbEV4DDO8Lc0,before,2,3
R_2YJKbEV4DDO8Lc0,before,3,2
R_2YJKbEV4DDO8Lc0,after,1,2
R_2YJKbEV4DDO8Lc0,after,2,3
R_2YJKbEV4DDO8Lc0,after,3,3
R_6kZae0087zktvOx,before,1,1
R_6kZae0087zktvOx,before,2,2
R_6kZae0087zktvOx,before,3,2
R_6kZae0087zktvOx,after,1,1
R_6kZae0087zktvOx,after,2,2
R_6kZae0087zktvOx,after,3,2
R_24isskypHAzj6a4,before,1,2
R_24isskypHAzj6a4,before,2,2
R_24isskypHAzj6a4,before,3,2
R_24isskypHAzj6a4,after,1,2
R_24isskypHAzj6a4,after,2,1
R_24isskypHAzj6a4,after,3,3
R_b25c1SzzqBXhNlf,before,1,3
R_b25c1SzzqBXhNlf,before,2,3
R_b25c1SzzqBXhNlf,before,3,3
R_b25c1SzzqBXhNlf,after,1,3
R_b25c1SzzqBXhNlf,after,2,3
R_b25c1SzzqBXhNlf,after,3,3
R_1nSWaU6aHeoCVz1,before,1,1
R_1nSWaU6aHeoCVz1,before,2,2
R_1nSWaU6aHeoCVz1,before,3,2
R_1nSWaU6aHeoCVz1,after,1,1
R_1nSWaU6aHeoCVz1,after,2,1
R_1nSWaU6aHeoCVz1,after,3,3
R_2XcEmd1YzcIXw1Y,before,1,1
R_2XcEmd1YzcIXw1Y,before,2,2
R_2XcEmd1YzcIXw1Y,before,3,2
R_2XcEmd1YzcIXw1Y,after,1,1
R_2XcEmd1YzcIXw1Y,after,2,1
R_2XcEmd1YzcIXw1Y,after,3,2
R_3KCvZebmGxmSVat,before,1,1
R_3KCvZebmGxmSVat,before,2,2
R_3KCvZebmGxmSVat,before,3,2
R_3KCvZebmGxmSVat,after,1,1
R_3KCvZebmGxmSVat,after,2,2
R_3KCvZebmGxmSVat,after,3,2
R_2TSJxMqN9gOlUOV,before,1,2
R_2TSJxMqN9gOlUOV,before,2,2
R_2TSJxMqN9gOlUOV,before,3,1
R_2TSJxMqN9gOlUOV,after,1,2
R_2TSJxMqN9gOlUOV,after,2,1
R_2TSJxMqN9gOlUOV,after,3,1
R_3jV6I52yPFAZ8oy,before,1,2
R_3jV6I52yPFAZ8oy,before,2,2
R_3jV6I52yPFAZ8oy,before,3,2
R_3jV6I52yPFAZ8oy,after,1,2
R_3jV6I52yPFAZ8oy,after,2,2
R_3jV6I52yPFAZ8oy,after,3,2
R_1E5vpihv0BCn2Jo,before,1,3
R_1E5vpihv0BCn2Jo,before,2,2
R_1E5vpihv0BCn2Jo,before,3,3
R_1E5vpihv0BCn2Jo,after,1,3
R_1E5vpihv0BCn2Jo,after,2,3
R_1E5vpihv0BCn2Jo,after,3,3
R_3asqcGii6ulHk9X,before,1,1
R_3asqcGii6ulHk9X,before,2,1
R_3asqcGii6ulHk9X,before,3,1
R_3asqcGii6ulHk9X,after,1,2
R_3asqcGii6ulHk9X,after,2,1
R_3asqcGii6ulHk9X,after,3,2
R_2947NV0sa0o6uqa,before,1,1
R_2947NV0sa0o6uqa,before,2,2
R_2947NV0sa0o6uqa,before,3,1
R_2947NV0sa0o6uqa,after,1,1
R_2947NV0sa0o6uqa,after,2,1
R_2947NV0sa0o6uqa,after,3,1
R_1Nady9hvbIvDcLg,before,1,2
R_1Nady9hvbIvDcLg,before,2,3
R_1Nady9hvbIvDcLg,before,3,3
R_1Nady9hvbIvDcLg,after,1,3
R_1Nady9hvbIvDcLg,after,2,3
R_1Nady9hvbIvDcLg,after,3,3
R_SIf4380kHiu7wAh,before,1,3
R_SIf4380kHiu7wAh,before,2,2
R_SIf4380kHiu7wAh,before,3,1
R_SIf4380kHiu7wAh,after,1,3
R_SIf4380kHiu7wAh,after,2,1
R_SIf4380kHiu7wAh,after,3,2
R_1DtGqgKOtlhl4vS,before,1,1
R_1DtGqgKOtlhl4vS,before,2,1
R_1DtGqgKOtlhl4vS,before,3,1
R_1DtGqgKOtlhl4vS,after,1,1
R_1DtGqgKOtlhl4vS,after,2,1
R_1DtGqgKOtlhl4vS,after,3,3
R_UuOGjA6wOYIRHUt,before,1,2
R_UuOGjA6wOYIRHUt,before,2,2
R_UuOGjA6wOYIRHUt,before,3,2
R_UuOGjA6wOYIRHUt,after,1,2
R_UuOGjA6wOYIRHUt,after,2,2
R_UuOGjA6wOYIRHUt,after,3,3
R_1eqNc6OUIYqj3s8,before,1,1
R_1eqNc6OUIYqj3s8,before,2,1
R_1eqNc6OUIYqj3s8,before,3,1
R_1eqNc6OUIYqj3s8,after,1,1
R_1eqNc6OUIYqj3s8,after,2,1
R_1eqNc6OUIYqj3s8,after,3,1
R_3koLHqG1bLK3yy5,before,1,2
R_3koLHqG1bLK3yy5,before,2,2
R_3koLHqG1bLK3yy5,before,3,2
R_3koLHqG1bLK3yy5,after,1,2
R_3koLHqG1bLK3yy5,after,2,2
R_3koLHqG1bLK3yy5,after,3,2
R_2qrC4O6fVkjwiry,before,1,1
R_2qrC4O6fVkjwiry,before,2,2
R_2qrC4O6fVkjwiry,before,3,1
R_2qrC4O6fVkjwiry,after,1,1
R_2qrC4O6fVkjwiry,after,2,1
R_2qrC4O6fVkjwiry,after,3,2
R_ZxG3FMCz1l6uJd7,before,1,2
R_ZxG3FMCz1l6uJd7,before,2,2
R_ZxG3FMCz1l6uJd7,before,3,2
R_ZxG3FMCz1l6uJd7,after,1,2
R_ZxG3FMCz1l6uJd7,after,2,2
R_ZxG3FMCz1l6uJd7,after,3,2
R_SUcU46CryPkShsR,before,1,2
R_SUcU46CryPkShsR,before,2,2
R_SUcU46CryPkShsR,before,3,2
R_SUcU46CryPkShsR,after,1,3
R_SUcU46CryPkShsR,after,2,3
R_SUcU46CryPkShsR,after,3,2
R_1cSrZsKJbMLVpfn,before,1,2
R_1cSrZsKJbMLVpfn,before,2,2
R_1cSrZsKJbMLVpfn,before,3,3
R_1cSrZsKJbMLVpfn,after,1,2
R_1cSrZsKJbMLVpfn,after,2,2
R_1cSrZsKJbMLVpfn,after,3,3
R_3e1VGffpt89tw8h,before,1,3
R_3e1VGffpt89tw8h,before,2,2
R_3e1VGffpt89tw8h,before,3,2
R_3e1VGffpt89tw8h,after,1,3
R_3e1VGffpt89tw8h,after,2,3
R_3e1VGffpt89tw8h,after,3,3
R_25z3VIIwpNMoGjS,before,1,2
R_25z3VIIwpNMoGjS,before,2,1
R_25z3VIIwpNMoGjS,before,3,1
R_25z3VIIwpNMoGjS,after,1,2
R_25z3VIIwpNMoGjS,after,2,1
R_25z3VIIwpNMoGjS,after,3,3
R_3pajSVQnjGXyVpt,before,1,3
R_3pajSVQnjGXyVpt,before,2,2
R_3pajSVQnjGXyVpt,before,3,2
R_3pajSVQnjGXyVpt,after,1,3
R_3pajSVQnjGXyVpt,after,2,2
R_3pajSVQnjGXyVpt,after,3,2
R_2TG0VS1cyTZTOII,before,1,1
R_2TG0VS1cyTZTOII,before,2,1
R_2TG0VS1cyTZTOII,before,3,1
R_2TG0VS1cyTZTOII,after,1,1
R_2TG0VS1cyTZTOII,after,2,1
R_2TG0VS1cyTZTOII,after,3,1
R_2vZKXOkrXwQOPM0,before,1,1
R_2vZKXOkrXwQOPM0,before,2,2
R_2vZKXOkrXwQOPM0,before,3,1
R_2vZKXOkrXwQOPM0,after,1,2
R_2vZKXOkrXwQOPM0,after,2,3
R_2vZKXOkrXwQOPM0,after,3,3
R_1OIk0siawnKDTiy,before,1,1
R_1OIk0siawnKDTiy,before,2,1
R_1OIk0siawnKDTiy,before,3,1
R_1OIk0siawnKDTiy,after,1,1
R_1OIk0siawnKDTiy,after,2,1
R_1OIk0siawnKDTiy,after,3,3
R_1mIvz4scUnVKLx7,before,1,3
R_1mIvz4scUnVKLx7,before,2,2
R_1mIvz4scUnVKLx7,before,3,2
R_1mIvz4scUnVKLx7,after,1,3
R_1mIvz4scUnVKLx7,after,2,2
R_1mIvz4scUnVKLx7,after,3,3
R_Zrj2VRi2kmSoAoN,before,1,2
R_Zrj2VRi2kmSoAoN,before,2,2
R_Zrj2VRi2kmSoAoN,before,3,3
R_Zrj2VRi2kmSoAoN,after,1,3
R_Zrj2VRi2kmSoAoN,after,2,2
R_Zrj2VRi2kmSoAoN,after,3,3
R_WxPm6DIjeTENfxv,before,1,1
R_WxPm6DIjeTENfxv,before,2,2
R_WxPm6DIjeTENfxv,before,3,1
R_WxPm6DIjeTENfxv,after,1,2
R_WxPm6DIjeTENfxv,after,2,1
R_WxPm6DIjeTENfxv,after,3,3
R_3O0Oame9dqBbP5b,before,1,1
R_3O0Oame9dqBbP5b,before,2,2
R_3O0Oame9dqBbP5b,before,3,1
R_3O0Oame9dqBbP5b,after,1,1
R_3O0Oame9dqBbP5b,after,2,1
R_3O0Oame9dqBbP5b,after,3,2
R_DejQ8cSCeZ4rekp,before,1,2
R_DejQ8cSCeZ4rekp,before,2,2
R_DejQ8cSCeZ4rekp,before,3,3
R_DejQ8cSCeZ4rekp,after,1,3
R_DejQ8cSCeZ4rekp,after,2,3
R_DejQ8cSCeZ4rekp,after,3,3
R_1OVLo23ZSViJv0e,before,1,1
R_1OVLo23ZSViJv0e,before,2,1
R_1OVLo23ZSViJv0e,before,3,1
R_1OVLo23ZSViJv0e,after,1,2
R_1OVLo23ZSViJv0e,after,2,2
R_1OVLo23ZSViJv0e,after,3,2
R_27D28zcmps8GRka,before,1,2
R_27D28zcmps8GRka,before,2,2
R_27D28zcmps8GRka,before,3,2
R_27D28zcmps8GRka,after,1,2
R_27D28zcmps8GRka,after,2,2
R_27D28zcmps8GRka,after,3,2
R_1isdeJ0akLVA05z,before,1,1
R_1isdeJ0akLVA05z,before,2,3
R_1isdeJ0akLVA05z,before,3,2
R_1isdeJ0akLVA05z,after,1,1
R_1isdeJ0akLVA05z,after,2,3
R_1isdeJ0akLVA05z,after,3,2
R_3n2iadGDdM5zQ7k,before,1,1
R_3n2iadGDdM5zQ7k,before,2,1
R_3n2iadGDdM5zQ7k,before,3,1
R_3n2iadGDdM5zQ7k,after,1,1
R_3n2iadGDdM5zQ7k,after,2,2
R_3n2iadGDdM5zQ7k,after,3,1
R_3scUafsIK61edPZ,before,1,1
R_3scUafsIK61edPZ,before,2,1
R_3scUafsIK61edPZ,before,3,1
R_3scUafsIK61edPZ,after,1,2
R_3scUafsIK61edPZ,after,2,2
R_3scUafsIK61edPZ,after,3,3
R_29gj9i4nykxouwi,before,1,2
R_29gj9i4nykxouwi,before,2,2
R_29gj9i4nykxouwi,before,3,2
R_29gj9i4nykxouwi,after,1,2
R_29gj9i4nykxouwi,after,2,2
R_29gj9i4nykxouwi,after,3,2
R_3HS9n2GsIIHkDkT,before,1,1
R_3HS9n2GsIIHkDkT,before,2,1
R_3HS9n2GsIIHkDkT,before,3,1
R_3HS9n2GsIIHkDkT,after,1,1
R_3HS9n2GsIIHkDkT,after,2,1
R_3HS9n2GsIIHkDkT,after,3,1
R_2YyK6503UwmpO2W,before,1,1
R_2YyK6503UwmpO2W,before,2,2
R_2YyK6503UwmpO2W,before,3,1
R_2YyK6503UwmpO2W,after,1,1
R_2YyK6503UwmpO2W,after,2,2
R_2YyK6503UwmpO2W,after,3,1
R_2OYGHuXGBqkz2JB,before,1,1
R_2OYGHuXGBqkz2JB,before,2,1
R_2OYGHuXGBqkz2JB,before,3,1
R_2OYGHuXGBqkz2JB,after,1,1
R_2OYGHuXGBqkz2JB,after,2,1
R_2OYGHuXGBqkz2JB,after,3,1
R_2E4NIJT672CNqhY,before,1,1
R_2E4NIJT672CNqhY,before,2,1
R_2E4NIJT672CNqhY,before,3,1
R_2E4NIJT672CNqhY,after,1,1
R_2E4NIJT672CNqhY,after,2,1
R_2E4NIJT672CNqhY,after,3,1
R_BPqFXh1wkgyB1Tz,before,1,3
R_BPqFXh1wkgyB1Tz,before,2,3
R_BPqFXh1wkgyB1Tz,before,3,2
R_BPqFXh1wkgyB1Tz,after,1,3
R_BPqFXh1wkgyB1Tz,after,2,3
R_BPqFXh1wkgyB1Tz,after,3,3
R_3m4gEtF4OFDZWgM,before,1,1
R_3m4gEtF4OFDZWgM,before,2,1
R_3m4gEtF4OFDZWgM,before,3,1
R_3m4gEtF4OFDZWgM,after,1,1
R_3m4gEtF4OFDZWgM,after,2,1
R_3m4gEtF4OFDZWgM,after,3,1
R_1jf9Sx7JAoAu6dB,before,1,1
R_1jf9Sx7JAoAu6dB,before,2,2
R_1jf9Sx7JAoAu6dB,before,3,1
R_1jf9Sx7JAoAu6dB,after,1,1
R_1jf9Sx7JAoAu6dB,after,2,2
R_1jf9Sx7JAoAu6dB,after,3,3
R_10TobIjLKGhA3cQ,before,1,2
R_10TobIjLKGhA3cQ,before,2,1
R_10TobIjLKGhA3cQ,before,3,1
R_10TobIjLKGhA3cQ,after,1,1
R_10TobIjLKGhA3cQ,after,2,1
R_10TobIjLKGhA3cQ,after,3,1
R_2OPDHtEfJyTCxsv,before,1,1
R_2OPDHtEfJyTCxsv,before,2,3
R_2OPDHtEfJyTCxsv,before,3,2
R_2OPDHtEfJyTCxsv,after,1,3
R_2OPDHtEfJyTCxsv,after,2,3
R_2OPDHtEfJyTCxsv,after,3,3
R_29sTVuZYJRxiKzv,before,1,1
R_29sTVuZYJRxiKzv,before,2,1
R_29sTVuZYJRxiKzv,before,3,1
R_29sTVuZYJRxiKzv,after,1,1
R_29sTVuZYJRxiKzv,after,2,1
R_29sTVuZYJRxiKzv,after,3,3
R_2CTWdkSw6ViCuJq,before,1,2
R_2CTWdkSw6ViCuJq,before,2,1
R_2CTWdkSw6ViCuJq,before,3,1
R_2CTWdkSw6ViCuJq,after,1,1
R_2CTWdkSw6ViCuJq,after,2,1
R_2CTWdkSw6ViCuJq,after,3,1
R_111rjgTikYEbPtb,before,1,1
R_111rjgTikYEbPtb,before,2,1
R_111rjgTikYEbPtb,before,3,2
R_111rjgTikYEbPtb,after,1,1
R_111rjgTikYEbPtb,after,2,1
R_111rjgTikYEbPtb,after,3,1
R_2zUqq1urUzBGq6C,before,1,1
R_2zUqq1urUzBGq6C,before,2,1
R_2zUqq1urUzBGq6C,before,3,3
R_2zUqq1urUzBGq6C,after,1,1
R_2zUqq1urUzBGq6C,after,2,1
R_2zUqq1urUzBGq6C,after,3,3
R_pJBqW9a6blfxMnn,before,1,2
R_pJBqW9a6blfxMnn,before,2,2
R_pJBqW9a6blfxMnn,before,3,1
R_pJBqW9a6blfxMnn,after,1,2
R_pJBqW9a6blfxMnn,after,2,2
R_pJBqW9a6blfxMnn,after,3,2
R_2aM58IL6PRjl31M,before,1,2
R_2aM58IL6PRjl31M,before,2,2
R_2aM58IL6PRjl31M,before,3,2
R_2aM58IL6PRjl31M,after,1,3
R_2aM58IL6PRjl31M,after,2,3
R_2aM58IL6PRjl31M,after,3,3
R_BSsMj7rx2Tnixot,before,1,1
R_BSsMj7rx2Tnixot,before,2,2
R_BSsMj7rx2Tnixot,before,3,2
R_BSsMj7rx2Tnixot,after,1,1
R_BSsMj7rx2Tnixot,after,2,1
R_BSsMj7rx2Tnixot,after,3,3
R_2SeikFcu2AS9w7X,before,1,2
R_2SeikFcu2AS9w7X,before,2,1
R_2SeikFcu2AS9w7X,before,3,1
R_2SeikFcu2AS9w7X,after,1,1
R_2SeikFcu2AS9w7X,after,2,1
R_2SeikFcu2AS9w7X,after,3,1
R_SOViMCN9d7ybO8h,before,1,1
R_SOViMCN9d7ybO8h,before,2,2
R_SOViMCN9d7ybO8h,before,3,2
R_SOViMCN9d7ybO8h,after,1,1
R_SOViMCN9d7ybO8h,after,2,2
R_SOViMCN9d7ybO8h,after,3,2
R_3M4IeaDW99mC9dK,before,1,2
R_3M4IeaDW99mC9dK,before,2,2
R_3M4IeaDW99mC9dK,before,3,3
R_3M4IeaDW99mC9dK,after,1,2
R_3M4IeaDW99mC9dK,after,2,2
R_3M4IeaDW99mC9dK,after,3,2
R_3hEAA1sGTLuhlZP,before,1,1
R_3hEAA1sGTLuhlZP,before,2,1
R_3hEAA1sGTLuhlZP,before,3,1
R_3hEAA1sGTLuhlZP,after,1,3
R_3hEAA1sGTLuhlZP,after,2,3
R_3hEAA1sGTLuhlZP,after,3,3
R_1Ka3YhFFxRPhu6A,before,1,1
R_1Ka3YhFFxRPhu6A,before,2,2
R_1Ka3YhFFxRPhu6A,before,3,1
R_1Ka3YhFFxRPhu6A,after,1,1
R_1Ka3YhFFxRPhu6A,after,2,2
R_1Ka3YhFFxRPhu6A,after,3,3
R_1jptKS7BPpIT1cD,before,1,2
R_1jptKS7BPpIT1cD,before,2,2
R_1jptKS7BPpIT1cD,before,3,2
R_1jptKS7BPpIT1cD,after,1,3
R_1jptKS7BPpIT1cD,after,2,2
R_1jptKS7BPpIT1cD,after,3,2
R_2trlnajiLWtBHVS,before,1,2
R_2trlnajiLWtBHVS,before,2,3
R_2trlnajiLWtBHVS,before,3,3
R_2trlnajiLWtBHVS,after,1,2
R_2trlnajiLWtBHVS,after,2,3
R_2trlnajiLWtBHVS,after,3,3
R_3JecnAA27cFGR9J,before,1,1
R_3JecnAA27cFGR9J,before,2,1
R_3JecnAA27cFGR9J,before,3,1
R_3JecnAA27cFGR9J,after,1,1
R_3JecnAA27cFGR9J,after,2,1
R_3JecnAA27cFGR9J,after,3,2
R_2yrXHzzzgNeI0Ry,before,1,1
R_2yrXHzzzgNeI0Ry,before,2,1
R_2yrXHzzzgNeI0Ry,before,3,1
R_2yrXHzzzgNeI0Ry,after,1,1
R_2yrXHzzzgNeI0Ry,after,2,1
R_2yrXHzzzgNeI0Ry,after,3,1
R_2R97eLv3ogd7F2s,before,1,1
R_2R97eLv3ogd7F2s,before,2,1
R_2R97eLv3ogd7F2s,before,3,1
R_2R97eLv3ogd7F2s,after,1,1
R_2R97eLv3ogd7F2s,after,2,1
R_2R97eLv3ogd7F2s,after,3,1
R_31LSyq6W3sTmpY5,before,1,3
R_31LSyq6W3sTmpY5,before,2,3
R_31LSyq6W3sTmpY5,before,3,3
R_31LSyq6W3sTmpY5,after,1,3
R_31LSyq6W3sTmpY5,after,2,1
R_31LSyq6W3sTmpY5,after,3,3
R_2SH3IlYMix1JYmN,before,1,1
R_2SH3IlYMix1JYmN,before,2,1
R_2SH3IlYMix1JYmN,before,3,1
R_2SH3IlYMix1JYmN,after,1,1
R_2SH3IlYMix1JYmN,after,2,1
R_2SH3IlYMix1JYmN,after,3,1
R_1jkddLsj0iUCBlG,before,1,1
R_1jkddLsj0iUCBlG,before,2,2
R_1jkddLsj0iUCBlG,before,3,2
R_1jkddLsj0iUCBlG,after,1,2
R_1jkddLsj0iUCBlG,after,2,2
R_1jkddLsj0iUCBlG,after,3,3
R_UtoTopbBz0tqPqp,before,1,1
R_UtoTopbBz0tqPqp,before,2,2
R_UtoTopbBz0tqPqp,before,3,1
R_UtoTopbBz0tqPqp,after,1,2
R_UtoTopbBz0tqPqp,after,2,2
R_UtoTopbBz0tqPqp,after,3,2
R_ZmHvxJewc1RDEfT,before,1,1
R_ZmHvxJewc1RDEfT,before,2,2
R_ZmHvxJewc1RDEfT,before,3,1
R_ZmHvxJewc1RDEfT,after,1,1
R_ZmHvxJewc1RDEfT,after,2,1
R_ZmHvxJewc1RDEfT,after,3,1
