response_id,time,subscale,score
R_000jgq6zfKH3jcB,after,anxiety,28
R_000jgq6zfKH3jcB,after,depression,26
R_000jgq6zfKH3jcB,after,stress,34
R_000jgq6zfKH3jcB,before,anxiety,18
R_000jgq6zfKH3jcB,before,depression,14
R_000jgq6zfKH3jcB,before,stress,18
R_06y6RQMIag7OLT3,after,anxiety,0
R_06y6RQMIag7OLT3,after,depression,2
R_06y6RQMIag7OLT3,after,stress,0
R_06y6RQMIag7OLT3,before,anxiety,0
R_06y6RQMIag7OLT3,before,depression,2
R_06y6RQMIag7OLT3,before,stress,0
R_0D28y4Gxg25qSR3,after,anxiety,2
R_0D28y4Gxg25qSR3,after,depression,32
R_0D28y4Gxg25qSR3,after,stress,4
R_0D28y4Gxg25qSR3,before,anxiety,2
R_0D28y4Gxg25qSR3,before,depression,16
R_0D28y4Gxg25qSR3,before,stress,2
R_0Ii8fPkhD9I10Yh,after,anxiety,0
R_0Ii8fPkhD9I10Yh,after,depression,6
R_0Ii8fPkhD9I10Yh,after,stress,22
R_0Ii8fPkhD9I10Yh,before,anxiety,0
R_0Ii8fPkhD9I10Yh,before,depression,10
R_0Ii8fPkhD9I10Yh,before,stress,20
R_0pRhQEssmj1aIbT,after,anxiety,20
R_0pRhQEssmj1aIbT,after,depression,22
R_0pRhQEssmj1aIbT,after,stress,36
R_0pRhQEssmj1aIbT,before,anxiety,0
R_0pRhQEssmj1aIbT,before,depression,14
R_0pRhQEssmj1aIbT,before,stress,20
R_0vTXEcLGjOc6uRj,after,anxiety,2
R_0vTXEcLGjOc6uRj,after,depression,2
R_0vTXEcLGjOc6uRj,after,stress,6
R_0vTXEcLGjOc6uRj,before,anxiety,2
R_0vTXEcLGjOc6uRj,before,depression,6
R_0vTXEcLGjOc6uRj,before,stress,8
R_10IYWwAbUvh1Uhh,after,anxiety,4
R_10IYWwAbUvh1Uhh,after,depression,28
R_10IYWwAbUvh1Uhh,after,stress,16
R_10IYWwAbUvh1Uhh,before,anxiety,6
R_10IYWwAbUvh1Uhh,before,depression,22
R_10IYWwAbUvh1Uhh,before,stress,18
R_10TobIjLKGhA3cQ,after,anxiety,0
R_10TobIjLKGhA3cQ,after,depression,0
R_10TobIjLKGhA3cQ,after,stress,0
R_10TobIjLKGhA3cQ,before,anxiety,2
R_10TobIjLKGhA3cQ,before,depression,0
R_10TobIjLKGhA3cQ,before,stress,0
R_111rjgTikYEbPtb,after,anxiety,4
R_111rjgTikYEbPtb,after,depression,4
R_111rjgTikYEbPtb,after,stress,14
R_111rjgTikYEbPtb,before,anxiety,20
R_111rjgTikYEbPtb,before,depression,18
R_111rjgTikYEbPtb,before,stress,30
R_12LI8ats6sqsq4j,after,anxiety,12
R_12LI8ats6sqsq4j,after,depression,16
R_12LI8ats6sqsq4j,after,stress,12
R_12LI8ats6sqsq4j,before,anxiety,10
R_12LI8ats6sqsq4j,before,depression,14
R_12LI8ats6sqsq4j,before,stress,14
R_1BXwMl8IvhYRkFs,after,anxiety,0
R_1BXwMl8IvhYRkFs,after,depression,0
R_1BXwMl8IvhYRkFs,after,stress,0
R_1BXwMl8IvhYRkFs,before,anxiety,0
R_1BXwMl8IvhYRkFs,before,depression,0
R_1BXwMl8IvhYRkFs,before,stress,0
R_1CkeSqHcTu6ioRR,after,anxiety,0
R_1CkeSqHcTu6ioRR,after,depression,6
R_1CkeSqHcTu6ioRR,after,stress,6
R_1CkeSqHcTu6ioRR,before,anxiety,0
R_1CkeSqHcTu6ioRR,before,depression,2
R_1CkeSqHcTu6ioRR,before,stress,0
R_1cSrZsKJbMLVpfn,after,anxiety,2
R_1cSrZsKJbMLVpfn,after,depression,14
R_1cSrZsKJbMLVpfn,after,stress,4
R_1cSrZsKJbMLVpfn,before,anxiety,2
R_1cSrZsKJbMLVpfn,before,depression,10
R_1cSrZsKJbMLVpfn,before,stress,6
R_1Cy9Qzx0gi4C0n2,after,anxiety,6
R_1Cy9Qzx0gi4C0n2,after,depression,42
R_1Cy9Qzx0gi4C0n2,after,stress,38
R_1Cy9Qzx0gi4C0n2,before,anxiety,6
R_1Cy9Qzx0gi4C0n2,before,depression,24
R_1Cy9Qzx0gi4C0n2,before,stress,24
R_1dFdkaSKE6hI4m0,after,anxiety,22
R_1dFdkaSKE6hI4m0,after,depression,28
R_1dFdkaSKE6hI4m0,after,stress,24
R_1dFdkaSKE6hI4m0,before,anxiety,22
R_1dFdkaSKE6hI4m0,before,depression,16
R_1dFdkaSKE6hI4m0,before,stress,30
R_1DtGqgKOtlhl4vS,after,anxiety,8
R_1DtGqgKOtlhl4vS,after,depression,24
R_1DtGqgKOtlhl4vS,after,stress,18
R_1DtGqgKOtlhl4vS,before,anxiety,2
R_1DtGqgKOtlhl4vS,before,depression,2
R_1DtGqgKOtlhl4vS,before,stress,0
R_1E0SL2RcGCHB4YG,after,anxiety,4
R_1E0SL2RcGCHB4YG,after,depression,8
R_1E0SL2RcGCHB4YG,after,stress,0
R_1E0SL2RcGCHB4YG,before,anxiety,6
R_1E0SL2RcGCHB4YG,before,depression,12
R_1E0SL2RcGCHB4YG,before,stress,4
R_1E5vpihv0BCn2Jo,after,anxiety,12
R_1E5vpihv0BCn2Jo,after,depression,34
R_1E5vpihv0BCn2Jo,after,stress,24
R_1E5vpihv0BCn2Jo,before,anxiety,12
R_1E5vpihv0BCn2Jo,before,depression,30
R_1E5vpihv0BCn2Jo,before,stress,26
R_1eqNc6OUIYqj3s8,after,anxiety,0
R_1eqNc6OUIYqj3s8,after,depression,0
R_1eqNc6OUIYqj3s8,after,stress,0
R_1eqNc6OUIYqj3s8,before,anxiety,14
R_1eqNc6OUIYqj3s8,before,depression,6
R_1eqNc6OUIYqj3s8,before,stress,12
R_1F3bzU7bH2MFG8B,after,anxiety,0
R_1F3bzU7bH2MFG8B,after,depression,0
R_1F3bzU7bH2MFG8B,after,stress,0
R_1F3bzU7bH2MFG8B,before,anxiety,6
R_1F3bzU7bH2MFG8B,before,depression,2
R_1F3bzU7bH2MFG8B,before,stress,6
R_1FKyUMNfVFCfhAP,after,anxiety,4
R_1FKyUMNfVFCfhAP,after,depression,16
R_1FKyUMNfVFCfhAP,after,stress,16
R_1FKyUMNfVFCfhAP,before,anxiety,0
R_1FKyUMNfVFCfhAP,before,depression,10
R_1FKyUMNfVFCfhAP,before,stress,12
R_1Fl9AQQ2mrxHqGW,after,anxiety,0
R_1Fl9AQQ2mrxHqGW,after,depression,10
R_1Fl9AQQ2mrxHqGW,after,stress,12
R_1Fl9AQQ2mrxHqGW,before,anxiety,0
R_1Fl9AQQ2mrxHqGW,before,depression,0
R_1Fl9AQQ2mrxHqGW,before,stress,2
R_1FmqwzhhGgMovg2,after,anxiety,2
R_1FmqwzhhGgMovg2,after,depression,10
R_1FmqwzhhGgMovg2,after,stress,14
R_1FmqwzhhGgMovg2,before,anxiety,2
R_1FmqwzhhGgMovg2,before,depression,16
R_1FmqwzhhGgMovg2,before,stress,20
R_1GKJM6pEM2FrpLP,after,anxiety,4
R_1GKJM6pEM2FrpLP,after,depression,2
R_1GKJM6pEM2FrpLP,after,stress,0
R_1GKJM6pEM2FrpLP,before,anxiety,4
R_1GKJM6pEM2FrpLP,before,depression,8
R_1GKJM6pEM2FrpLP,before,stress,8
R_1GPMTpTMgSvK0K5,after,anxiety,0
R_1GPMTpTMgSvK0K5,after,depression,0
R_1GPMTpTMgSvK0K5,after,stress,0
R_1GPMTpTMgSvK0K5,before,anxiety,2
R_1GPMTpTMgSvK0K5,before,depression,2
R_1GPMTpTMgSvK0K5,before,stress,8
R_1H78Zq7MMV4bmUw,after,anxiety,0
R_1H78Zq7MMV4bmUw,after,depression,0
R_1H78Zq7MMV4bmUw,after,stress,0
R_1H78Zq7MMV4bmUw,before,anxiety,0
R_1H78Zq7MMV4bmUw,before,depression,0
R_1H78Zq7MMV4bmUw,before,stress,0
R_1HbCUjufNKWfBV4,after,anxiety,20
R_1HbCUjufNKWfBV4,after,depression,28
R_1HbCUjufNKWfBV4,after,stress,34
R_1HbCUjufNKWfBV4,before,anxiety,20
R_1HbCUjufNKWfBV4,before,depression,30
R_1HbCUjufNKWfBV4,before,stress,20
R_1IFBVZISRpLTJit,after,anxiety,18
R_1IFBVZISRpLTJit,after,depression,18
R_1IFBVZISRpLTJit,after,stress,24
R_1IFBVZISRpLTJit,before,anxiety,10
R_1IFBVZISRpLTJit,before,depression,18
R_1IFBVZISRpLTJit,before,stress,12
R_1IinNUQ1rqrHi12,after,anxiety,4
R_1IinNUQ1rqrHi12,after,depression,26
R_1IinNUQ1rqrHi12,after,stress,16
R_1IinNUQ1rqrHi12,before,anxiety,2
R_1IinNUQ1rqrHi12,before,depression,24
R_1IinNUQ1rqrHi12,before,stress,6
R_1ImlmXBKKlXZVm0,after,anxiety,18
R_1ImlmXBKKlXZVm0,after,depression,22
R_1ImlmXBKKlXZVm0,after,stress,26
R_1ImlmXBKKlXZVm0,before,anxiety,8
R_1ImlmXBKKlXZVm0,before,depression,12
R_1ImlmXBKKlXZVm0,before,stress,14
R_1isdeJ0akLVA05z,after,anxiety,0
R_1isdeJ0akLVA05z,after,depression,30
R_1isdeJ0akLVA05z,after,stress,16
R_1isdeJ0akLVA05z,before,anxiety,2
R_1isdeJ0akLVA05z,before,depression,30
R_1isdeJ0akLVA05z,before,stress,10
R_1jf9Sx7JAoAu6dB,after,anxiety,6
R_1jf9Sx7JAoAu6dB,after,depression,20
R_1jf9Sx7JAoAu6dB,after,stress,18
R_1jf9Sx7JAoAu6dB,before,anxiety,8
R_1jf9Sx7JAoAu6dB,before,depression,8
R_1jf9Sx7JAoAu6dB,before,stress,14
R_1jkddLsj0iUCBlG,after,anxiety,2
R_1jkddLsj0iUCBlG,after,depression,6
R_1jkddLsj0iUCBlG,after,stress,18
R_1jkddLsj0iUCBlG,before,anxiety,0
R_1jkddLsj0iUCBlG,before,depression,2
R_1jkddLsj0iUCBlG,before,stress,6
R_1jptKS7BPpIT1cD,after,anxiety,0
R_1jptKS7BPpIT1cD,after,depression,10
R_1jptKS7BPpIT1cD,after,stress,6
R_1jptKS7BPpIT1cD,before,anxiety,0
R_1jptKS7BPpIT1cD,before,depression,10
R_1jptKS7BPpIT1cD,before,stress,12
R_1K1Fc63G8b1FSAP,after,anxiety,6
R_1K1Fc63G8b1FSAP,after,depression,12
R_1K1Fc63G8b1FSAP,after,stress,12
R_1K1Fc63G8b1FSAP,before,anxiety,10
R_1K1Fc63G8b1FSAP,before,depression,28
R_1K1Fc63G8b1FSAP,before,stress,22
R_1Ka3YhFFxRPhu6A,after,anxiety,16
R_1Ka3YhFFxRPhu6A,after,depression,32
R_1Ka3YhFFxRPhu6A,after,stress,30
R_1Ka3YhFFxRPhu6A,before,anxiety,12
R_1Ka3YhFFxRPhu6A,before,depression,10
R_1Ka3YhFFxRPhu6A,before,stress,10
R_1KlistIPWgoY83s,after,anxiety,2
R_1KlistIPWgoY83s,after,depression,0
R_1KlistIPWgoY83s,after,stress,0
R_1KlistIPWgoY83s,before,anxiety,0
R_1KlistIPWgoY83s,before,depression,0
R_1KlistIPWgoY83s,before,stress,0
R_1LCosfUrLhSMxRQ,after,anxiety,8
R_1LCosfUrLhSMxRQ,after,depression,28
R_1LCosfUrLhSMxRQ,after,stress,22
R_1LCosfUrLhSMxRQ,before,anxiety,4
R_1LCosfUrLhSMxRQ,before,depression,2
R_1LCosfUrLhSMxRQ,before,stress,12
R_1llE7wmaJfKwhMv,after,anxiety,8
R_1llE7wmaJfKwhMv,after,depression,14
R_1llE7wmaJfKwhMv,after,stress,14
R_1llE7wmaJfKwhMv,before,anxiety,4
R_1llE7wmaJfKwhMv,before,depression,8
R_1llE7wmaJfKwhMv,before,stress,8
R_1ls2eVKvEiK6S4N,after,anxiety,4
R_1ls2eVKvEiK6S4N,after,depression,6
R_1ls2eVKvEiK6S4N,after,stress,8
R_1ls2eVKvEiK6S4N,before,anxiety,4
R_1ls2eVKvEiK6S4N,before,depression,8
R_1ls2eVKvEiK6S4N,before,stress,8
R_1M3DvETU5JOu5b0,after,anxiety,6
R_1M3DvETU5JOu5b0,after,depression,12
R_1M3DvETU5JOu5b0,after,stress,14
R_1M3DvETU5JOu5b0,before,anxiety,6
R_1M3DvETU5JOu5b0,before,depression,6
R_1M3DvETU5JOu5b0,before,stress,12
R_1M5w3AllKLTG9vr,after,anxiety,8
R_1M5w3AllKLTG9vr,after,depression,6
R_1M5w3AllKLTG9vr,after,stress,14
R_1M5w3AllKLTG9vr,before,anxiety,2
R_1M5w3AllKLTG9vr,before,depression,0
R_1M5w3AllKLTG9vr,before,stress,2
R_1mEDv9S4U18sxZe,after,anxiety,16
R_1mEDv9S4U18sxZe,after,depression,14
R_1mEDv9S4U18sxZe,after,stress,28
R_1mEDv9S4U18sxZe,before,anxiety,16
R_1mEDv9S4U18sxZe,before,depression,22
R_1mEDv9S4U18sxZe,before,stress,30
R_1mIvz4scUnVKLx7,after,anxiety,10
R_1mIvz4scUnVKLx7,after,depression,32
R_1mIvz4scUnVKLx7,after,stress,20
R_1mIvz4scUnVKLx7,before,anxiety,4
R_1mIvz4scUnVKLx7,before,depression,20
R_1mIvz4scUnVKLx7,before,stress,18
R_1mmJ4ZOT1aKUnz7,after,anxiety,14
R_1mmJ4ZOT1aKUnz7,after,depression,2
R_1mmJ4ZOT1aKUnz7,after,stress,18
R_1mmJ4ZOT1aKUnz7,before,anxiety,16
R_1mmJ4ZOT1aKUnz7,before,depression,22
R_1mmJ4ZOT1aKUnz7,before,stress,22
R_1MXmVmetdFpHiB4,after,anxiety,4
R_1MXmVmetdFpHiB4,after,depression,42
R_1MXmVmetdFpHiB4,after,stress,8
R_1MXmVmetdFpHiB4,before,anxiety,8
R_1MXmVmetdFpHiB4,before,depression,30
R_1MXmVmetdFpHiB4,before,stress,12
R_1N9O72YdQ4GZFDi,after,anxiety,2
R_1N9O72YdQ4GZFDi,after,depression,22
R_1N9O72YdQ4GZFDi,after,stress,18
R_1N9O72YdQ4GZFDi,before,anxiety,4
R_1N9O72YdQ4GZFDi,before,depression,16
R_1N9O72YdQ4GZFDi,before,stress,14
R_1N9QWsuqE4dwJj0,after,anxiety,0
R_1N9QWsuqE4dwJj0,after,depression,4
R_1N9QWsuqE4dwJj0,after,stress,4
R_1N9QWsuqE4dwJj0,before,anxiety,0
R_1N9QWsuqE4dwJj0,before,depression,4
R_1N9QWsuqE4dwJj0,before,stress,2
R_1Nady9hvbIvDcLg,after,anxiety,24
R_1Nady9hvbIvDcLg,after,depression,28
R_1Nady9hvbIvDcLg,after,stress,18
R_1Nady9hvbIvDcLg,before,anxiety,16
R_1Nady9hvbIvDcLg,before,depression,18
R_1Nady9hvbIvDcLg,before,stress,14
R_1NfE7qpbaFYk306,after,anxiety,4
R_1NfE7qpbaFYk306,after,depression,8
R_1NfE7qpbaFYk306,after,stress,10
R_1NfE7qpbaFYk306,before,anxiety,14
R_1NfE7qpbaFYk306,before,depression,10
R_1NfE7qpbaFYk306,before,stress,12
R_1NmQkOcQT42agWF,after,anxiety,20
R_1NmQkOcQT42agWF,after,depression,36
R_1NmQkOcQT42agWF,after,stress,36
R_1NmQkOcQT42agWF,before,anxiety,12
R_1NmQkOcQT42agWF,before,depression,28
R_1NmQkOcQT42agWF,before,stress,28
R_1nSWaU6aHeoCVz1,after,anxiety,16
R_1nSWaU6aHeoCVz1,after,depression,32
R_1nSWaU6aHeoCVz1,after,stress,28
R_1nSWaU6aHeoCVz1,before,anxiety,8
R_1nSWaU6aHeoCVz1,before,depression,22
R_1nSWaU6aHeoCVz1,before,stress,16
R_1oCk4T1oiygv2K1,after,anxiety,0
R_1oCk4T1oiygv2K1,after,depression,2
R_1oCk4T1oiygv2K1,after,stress,10
R_1oCk4T1oiygv2K1,before,anxiety,0
R_1oCk4T1oiygv2K1,before,depression,6
R_1oCk4T1oiygv2K1,before,stress,8
R_1OIk0siawnKDTiy,after,anxiety,2
R_1OIk0siawnKDTiy,after,depression,8
R_1OIk0siawnKDTiy,after,stress,8
R_1OIk0siawnKDTiy,before,anxiety,6
R_1OIk0siawnKDTiy,before,depression,8
R_1OIk0siawnKDTiy,before,stress,12
R_1OVLo23ZSViJv0e,after,anxiety,0
R_1OVLo23ZSViJv0e,after,depression,4
R_1OVLo23ZSViJv0e,after,stress,12
R_1OVLo23ZSViJv0e,before,anxiety,6
R_1OVLo23ZSViJv0e,before,depression,2
R_1OVLo23ZSViJv0e,before,stress,10
R_1Ow1FDuzbwtWStS,after,anxiety,0
R_1Ow1FDuzbwtWStS,after,depression,4
R_1Ow1FDuzbwtWStS,after,stress,6
R_1Ow1FDuzbwtWStS,before,anxiety,0
R_1Ow1FDuzbwtWStS,before,depression,0
R_1Ow1FDuzbwtWStS,before,stress,4
R_1PYHLXLRtVtLKCC,after,anxiety,0
R_1PYHLXLRtVtLKCC,after,depression,2
R_1PYHLXLRtVtLKCC,after,stress,0
R_1PYHLXLRtVtLKCC,before,anxiety,2
R_1PYHLXLRtVtLKCC,before,depression,0
R_1PYHLXLRtVtLKCC,before,stress,6
R_1pYYllRKHfnN46F,after,anxiety,4
R_1pYYllRKHfnN46F,after,depression,20
R_1pYYllRKHfnN46F,after,stress,24
R_1pYYllRKHfnN46F,before,anxiety,8
R_1pYYllRKHfnN46F,before,depression,16
R_1pYYllRKHfnN46F,before,stress,20
R_1q9BHkV242D62cG,after,anxiety,18
R_1q9BHkV242D62cG,after,depression,24
R_1q9BHkV242D62cG,after,stress,20
R_1q9BHkV242D62cG,before,anxiety,20
R_1q9BHkV242D62cG,before,depression,16
R_1q9BHkV242D62cG,before,stress,16
R_1QfJ0V1q7quecwG,after,anxiety,20
R_1QfJ0V1q7quecwG,after,depression,36
R_1QfJ0V1q7quecwG,after,stress,20
R_1QfJ0V1q7quecwG,before,anxiety,24
R_1QfJ0V1q7quecwG,before,depression,40
R_1QfJ0V1q7quecwG,before,stress,28
R_1riU7KvjYAwtXJE,after,anxiety,14
R_1riU7KvjYAwtXJE,after,depression,34
R_1riU7KvjYAwtXJE,after,stress,22
R_1riU7KvjYAwtXJE,before,anxiety,14
R_1riU7KvjYAwtXJE,before,depression,22
R_1riU7KvjYAwtXJE,before,stress,14
R_20NVUurOXIj6JN6,after,anxiety,18
R_20NVUurOXIj6JN6,after,depression,36
R_20NVUurOXIj6JN6,after,stress,36
R_20NVUurOXIj6JN6,before,anxiety,30
R_20NVUurOXIj6JN6,before,depression,34
R_20NVUurOXIj6JN6,before,stress,34
R_217aRM2HjOL4rwC,after,anxiety,4
R_217aRM2HjOL4rwC,after,depression,12
R_217aRM2HjOL4rwC,after,stress,12
R_217aRM2HjOL4rwC,before,anxiety,2
R_217aRM2HjOL4rwC,before,depression,8
R_217aRM2HjOL4rwC,before,stress,14
R_21mMIqW3mCkwgHy,after,anxiety,12
R_21mMIqW3mCkwgHy,after,depression,22
R_21mMIqW3mCkwgHy,after,stress,16
R_21mMIqW3mCkwgHy,before,anxiety,12
R_21mMIqW3mCkwgHy,before,depression,8
R_21mMIqW3mCkwgHy,before,stress,6
R_21vy4qSSLUBhkI5,after,anxiety,6
R_21vy4qSSLUBhkI5,after,depression,8
R_21vy4qSSLUBhkI5,after,stress,16
R_21vy4qSSLUBhkI5,before,anxiety,10
R_21vy4qSSLUBhkI5,before,depression,10
R_21vy4qSSLUBhkI5,before,stress,8
R_23Ulx9Mu6ClxGOJ,after,anxiety,8
R_23Ulx9Mu6ClxGOJ,after,depression,4
R_23Ulx9Mu6ClxGOJ,after,stress,10
R_23Ulx9Mu6ClxGOJ,before,anxiety,8
R_23Ulx9Mu6ClxGOJ,before,depression,12
R_23Ulx9Mu6ClxGOJ,before,stress,22
R_246tBSBZyx6fChw,after,anxiety,22
R_246tBSBZyx6fChw,after,depression,32
R_246tBSBZyx6fChw,after,stress,24
R_246tBSBZyx6fChw,before,anxiety,6
R_246tBSBZyx6fChw,before,depression,14
R_246tBSBZyx6fChw,before,stress,12
R_24isskypHAzj6a4,after,anxiety,8
R_24isskypHAzj6a4,after,depression,24
R_24isskypHAzj6a4,after,stress,32
R_24isskypHAzj6a4,before,anxiety,6
R_24isskypHAzj6a4,before,depression,20
R_24isskypHAzj6a4,before,stress,22
R_25z3VIIwpNMoGjS,after,anxiety,4
R_25z3VIIwpNMoGjS,after,depression,6
R_25z3VIIwpNMoGjS,after,stress,14
R_25z3VIIwpNMoGjS,before,anxiety,4
R_25z3VIIwpNMoGjS,before,depression,8
R_25z3VIIwpNMoGjS,before,stress,12
R_27D28zcmps8GRka,after,anxiety,18
R_27D28zcmps8GRka,after,depression,30
R_27D28zcmps8GRka,after,stress,18
R_27D28zcmps8GRka,before,anxiety,18
R_27D28zcmps8GRka,before,depression,18
R_27D28zcmps8GRka,before,stress,24
R_27ExcEAbe7WWZAY,after,anxiety,10
R_27ExcEAbe7WWZAY,after,depression,34
R_27ExcEAbe7WWZAY,after,stress,18
R_27ExcEAbe7WWZAY,before,anxiety,6
R_27ExcEAbe7WWZAY,before,depression,26
R_27ExcEAbe7WWZAY,before,stress,18
R_28NVjdZPvV2fLBs,after,anxiety,42
R_28NVjdZPvV2fLBs,after,depression,42
R_28NVjdZPvV2fLBs,after,stress,42
R_28NVjdZPvV2fLBs,before,anxiety,30
R_28NVjdZPvV2fLBs,before,depression,42
R_28NVjdZPvV2fLBs,before,stress,34
R_2947NV0sa0o6uqa,after,anxiety,28
R_2947NV0sa0o6uqa,after,depression,42
R_2947NV0sa0o6uqa,after,stress,24
R_2947NV0sa0o6uqa,before,anxiety,28
R_2947NV0sa0o6uqa,before,depression,40
R_2947NV0sa0o6uqa,before,stress,24
R_29gj9i4nykxouwi,after,anxiety,6
R_29gj9i4nykxouwi,after,depression,18
R_29gj9i4nykxouwi,after,stress,10
R_29gj9i4nykxouwi,before,anxiety,6
R_29gj9i4nykxouwi,before,depression,16
R_29gj9i4nykxouwi,before,stress,10
R_29sTVuZYJRxiKzv,after,anxiety,4
R_29sTVuZYJRxiKzv,after,depression,2
R_29sTVuZYJRxiKzv,after,stress,10
R_29sTVuZYJRxiKzv,before,anxiety,0
R_29sTVuZYJRxiKzv,before,depression,0
R_29sTVuZYJRxiKzv,before,stress,10
R_2aM58IL6PRjl31M,after,anxiety,14
R_2aM58IL6PRjl31M,after,depression,24
R_2aM58IL6PRjl31M,after,stress,20
R_2aM58IL6PRjl31M,before,anxiety,12
R_2aM58IL6PRjl31M,before,depression,12
R_2aM58IL6PRjl31M,before,stress,6
R_2ARphcLKbG8pCbs,after,anxiety,2
R_2ARphcLKbG8pCbs,after,depression,0
R_2ARphcLKbG8pCbs,after,stress,2
R_2ARphcLKbG8pCbs,before,anxiety,2
R_2ARphcLKbG8pCbs,before,depression,0
R_2ARphcLKbG8pCbs,before,stress,2
R_2B4II5QqOBTuBsc,after,anxiety,8
R_2B4II5QqOBTuBsc,after,depression,14
R_2B4II5QqOBTuBsc,after,stress,32
R_2B4II5QqOBTuBsc,before,anxiety,4
R_2B4II5QqOBTuBsc,before,depression,18
R_2B4II5QqOBTuBsc,before,stress,20
R_2bVGOK2omxjKHpn,after,anxiety,0
R_2bVGOK2omxjKHpn,after,depression,0
R_2bVGOK2omxjKHpn,after,stress,2
R_2bVGOK2omxjKHpn,before,anxiety,0
R_2bVGOK2omxjKHpn,before,depression,0
R_2bVGOK2omxjKHpn,before,stress,2
R_2CB7Tu6CfOt3tUN,after,anxiety,10
R_2CB7Tu6CfOt3tUN,after,depression,22
R_2CB7Tu6CfOt3tUN,after,stress,10
R_2CB7Tu6CfOt3tUN,before,anxiety,10
R_2CB7Tu6CfOt3tUN,before,depression,16
R_2CB7Tu6CfOt3tUN,before,stress,16
R_2cd59QR5hZHKBZT,after,anxiety,14
R_2cd59QR5hZHKBZT,after,depression,30
R_2cd59QR5hZHKBZT,after,stress,36
R_2cd59QR5hZHKBZT,before,anxiety,12
R_2cd59QR5hZHKBZT,before,depression,32
R_2cd59QR5hZHKBZT,before,stress,30
R_2cdROg831T1vhEC,after,anxiety,4
R_2cdROg831T1vhEC,after,depression,4
R_2cdROg831T1vhEC,after,stress,6
R_2cdROg831T1vhEC,before,anxiety,6
R_2cdROg831T1vhEC,before,depression,10
R_2cdROg831T1vhEC,before,stress,8
R_2Clwma6pSIEIvrW,after,anxiety,14
R_2Clwma6pSIEIvrW,after,depression,10
R_2Clwma6pSIEIvrW,after,stress,18
R_2Clwma6pSIEIvrW,before,anxiety,8
R_2Clwma6pSIEIvrW,before,depression,0
R_2Clwma6pSIEIvrW,before,stress,10
R_2CTWdkSw6ViCuJq,after,anxiety,0
R_2CTWdkSw6ViCuJq,after,depression,0
R_2CTWdkSw6ViCuJq,after,stress,12
R_2CTWdkSw6ViCuJq,before,anxiety,0
R_2CTWdkSw6ViCuJq,before,depression,6
R_2CTWdkSw6ViCuJq,before,stress,14
R_2cvas4XCHYE6Kkz,after,anxiety,0
R_2cvas4XCHYE6Kkz,after,depression,0
R_2cvas4XCHYE6Kkz,after,stress,2
R_2cvas4XCHYE6Kkz,before,anxiety,2
R_2cvas4XCHYE6Kkz,before,depression,0
R_2cvas4XCHYE6Kkz,before,stress,2
R_2CvKeTojbEMdWFy,after,anxiety,0
R_2CvKeTojbEMdWFy,after,depression,20
R_2CvKeTojbEMdWFy,after,stress,8
R_2CvKeTojbEMdWFy,before,anxiety,0
R_2CvKeTojbEMdWFy,before,depression,20
R_2CvKeTojbEMdWFy,before,stress,16
R_2dQRwob8W5KZXgY,after,anxiety,0
R_2dQRwob8W5KZXgY,after,depression,0
R_2dQRwob8W5KZXgY,after,stress,0
R_2dQRwob8W5KZXgY,before,anxiety,14
R_2dQRwob8W5KZXgY,before,depression,14
R_2dQRwob8W5KZXgY,before,stress,16
R_2DUjHNE8XFxwngK,after,anxiety,16
R_2DUjHNE8XFxwngK,after,depression,16
R_2DUjHNE8XFxwngK,after,stress,24
R_2DUjHNE8XFxwngK,before,anxiety,8
R_2DUjHNE8XFxwngK,before,depression,12
R_2DUjHNE8XFxwngK,before,stress,12
R_2DZSUz54Rl39uyo,after,anxiety,2
R_2DZSUz54Rl39uyo,after,depression,26
R_2DZSUz54Rl39uyo,after,stress,6
R_2DZSUz54Rl39uyo,before,anxiety,0
R_2DZSUz54Rl39uyo,before,depression,6
R_2DZSUz54Rl39uyo,before,stress,0
R_2e2R7LJzpLYQiWW,after,anxiety,0
R_2e2R7LJzpLYQiWW,after,depression,12
R_2e2R7LJzpLYQiWW,after,stress,8
R_2e2R7LJzpLYQiWW,before,anxiety,2
R_2e2R7LJzpLYQiWW,before,depression,2
R_2e2R7LJzpLYQiWW,before,stress,8
R_2E4NIJT672CNqhY,after,anxiety,14
R_2E4NIJT672CNqhY,after,depression,10
R_2E4NIJT672CNqhY,after,stress,18
R_2E4NIJT672CNqhY,before,anxiety,18
R_2E4NIJT672CNqhY,before,depression,10
R_2E4NIJT672CNqhY,before,stress,20
R_2e9aZobX5Mrf2mF,after,anxiety,22
R_2e9aZobX5Mrf2mF,after,depression,42
R_2e9aZobX5Mrf2mF,after,stress,26
R_2e9aZobX5Mrf2mF,before,anxiety,22
R_2e9aZobX5Mrf2mF,before,depression,38
R_2e9aZobX5Mrf2mF,before,stress,26
R_2f82SUumXJ91Tm8,after,anxiety,16
R_2f82SUumXJ91Tm8,after,depression,18
R_2f82SUumXJ91Tm8,after,stress,28
R_2f82SUumXJ91Tm8,before,anxiety,8
R_2f82SUumXJ91Tm8,before,depression,10
R_2f82SUumXJ91Tm8,before,stress,16
R_2fIesR987yHKjDw,after,anxiety,32
R_2fIesR987yHKjDw,after,depression,36
R_2fIesR987yHKjDw,after,stress,36
R_2fIesR987yHKjDw,before,anxiety,18
R_2fIesR987yHKjDw,before,depression,16
R_2fIesR987yHKjDw,before,stress,28
R_2fvruv9ZivyF7o5,after,anxiety,12
R_2fvruv9ZivyF7o5,after,depression,16
R_2fvruv9ZivyF7o5,after,stress,22
R_2fvruv9ZivyF7o5,before,anxiety,4
R_2fvruv9ZivyF7o5,before,depression,8
R_2fvruv9ZivyF7o5,before,stress,14
R_2fvUAwVkhV1ypOM,after,anxiety,26
R_2fvUAwVkhV1ypOM,after,depression,42
R_2fvUAwVkhV1ypOM,after,stress,34
R_2fvUAwVkhV1ypOM,before,anxiety,12
R_2fvUAwVkhV1ypOM,before,depression,28
R_2fvUAwVkhV1ypOM,before,stress,22
R_2OPDHtEfJyTCxsv,after,anxiety,8
R_2OPDHtEfJyTCxsv,after,depression,16
R_2OPDHtEfJyTCxsv,after,stress,18
R_2OPDHtEfJyTCxsv,before,anxiety,12
R_2OPDHtEfJyTCxsv,before,depression,6
R_2OPDHtEfJyTCxsv,before,stress,16
R_2OYGHuXGBqkz2JB,after,anxiety,10
R_2OYGHuXGBqkz2JB,after,depression,6
R_2OYGHuXGBqkz2JB,after,stress,18
R_2OYGHuXGBqkz2JB,before,anxiety,4
R_2OYGHuXGBqkz2JB,before,depression,8
R_2OYGHuXGBqkz2JB,before,stress,18
R_2QJLcvGH3VwNmlZ,after,anxiety,20
R_2QJLcvGH3VwNmlZ,after,depression,40
R_2QJLcvGH3VwNmlZ,after,stress,40
R_2QJLcvGH3VwNmlZ,before,anxiety,14
R_2QJLcvGH3VwNmlZ,before,depression,22
R_2QJLcvGH3VwNmlZ,before,stress,20
R_2QlDr5bgON19Dbf,after,anxiety,0
R_2QlDr5bgON19Dbf,after,depression,24
R_2QlDr5bgON19Dbf,after,stress,12
R_2QlDr5bgON19Dbf,before,anxiety,0
R_2QlDr5bgON19Dbf,before,depression,14
R_2QlDr5bgON19Dbf,before,stress,10
R_2qrC4O6fVkjwiry,after,anxiety,4
R_2qrC4O6fVkjwiry,after,depression,22
R_2qrC4O6fVkjwiry,after,stress,20
R_2qrC4O6fVkjwiry,before,anxiety,4
R_2qrC4O6fVkjwiry,before,depression,18
R_2qrC4O6fVkjwiry,before,stress,14
R_2QzW5HTDKSQoIdW,after,anxiety,2
R_2QzW5HTDKSQoIdW,after,depression,4
R_2QzW5HTDKSQoIdW,after,stress,4
R_2QzW5HTDKSQoIdW,before,anxiety,0
R_2QzW5HTDKSQoIdW,before,depression,2
R_2QzW5HTDKSQoIdW,before,stress,4
R_2R97eLv3ogd7F2s,after,anxiety,12
R_2R97eLv3ogd7F2s,after,depression,4
R_2R97eLv3ogd7F2s,after,stress,20
R_2R97eLv3ogd7F2s,before,anxiety,14
R_2R97eLv3ogd7F2s,before,depression,14
R_2R97eLv3ogd7F2s,before,stress,18
R_2rhWa2106Du6K5T,after,anxiety,8
R_2rhWa2106Du6K5T,after,depression,28
R_2rhWa2106Du6K5T,after,stress,12
R_2rhWa2106Du6K5T,before,anxiety,12
R_2rhWa2106Du6K5T,before,depression,30
R_2rhWa2106Du6K5T,before,stress,14
R_2rPjSQLcIC8CDty,after,anxiety,16
R_2rPjSQLcIC8CDty,after,depression,16
R_2rPjSQLcIC8CDty,after,stress,20
R_2rPjSQLcIC8CDty,before,anxiety,10
R_2rPjSQLcIC8CDty,before,depression,8
R_2rPjSQLcIC8CDty,before,stress,16
R_2rZRXqFfn0ikBOS,after,anxiety,2
R_2rZRXqFfn0ikBOS,after,depression,0
R_2rZRXqFfn0ikBOS,after,stress,6
R_2rZRXqFfn0ikBOS,before,anxiety,2
R_2rZRXqFfn0ikBOS,before,depression,0
R_2rZRXqFfn0ikBOS,before,stress,10
R_2SeikFcu2AS9w7X,after,anxiety,4
R_2SeikFcu2AS9w7X,after,depression,10
R_2SeikFcu2AS9w7X,after,stress,6
R_2SeikFcu2AS9w7X,before,anxiety,8
R_2SeikFcu2AS9w7X,before,depression,8
R_2SeikFcu2AS9w7X,before,stress,4
R_2SH3IlYMix1JYmN,after,anxiety,2
R_2SH3IlYMix1JYmN,after,depression,10
R_2SH3IlYMix1JYmN,after,stress,8
R_2SH3IlYMix1JYmN,before,anxiety,6
R_2SH3IlYMix1JYmN,before,depression,8
R_2SH3IlYMix1JYmN,before,stress,10
R_2Sq2mphrvRDkWOh,after,anxiety,2
R_2Sq2mphrvRDkWOh,after,depression,2
R_2Sq2mphrvRDkWOh,after,stress,4
R_2Sq2mphrvRDkWOh,before,anxiety,2
R_2Sq2mphrvRDkWOh,before,depression,10
R_2Sq2mphrvRDkWOh,before,stress,12
R_2SvQK62v9Z0NpaC,after,anxiety,8
R_2SvQK62v9Z0NpaC,after,depression,20
R_2SvQK62v9Z0NpaC,after,stress,24
R_2SvQK62v9Z0NpaC,before,anxiety,2
R_2SvQK62v9Z0NpaC,before,depression,0
R_2SvQK62v9Z0NpaC,before,stress,12
R_2SwMBZLcD2f52ij,after,anxiety,0
R_2SwMBZLcD2f52ij,after,depression,0
R_2SwMBZLcD2f52ij,after,stress,0
R_2SwMBZLcD2f52ij,before,anxiety,0
R_2SwMBZLcD2f52ij,before,depression,0
R_2SwMBZLcD2f52ij,before,stress,0
R_2TBpq77Wwtwqrfh,after,anxiety,12
R_2TBpq77Wwtwqrfh,after,depression,20
R_2TBpq77Wwtwqrfh,after,stress,12
R_2TBpq77Wwtwqrfh,before,anxiety,6
R_2TBpq77Wwtwqrfh,before,depression,8
R_2TBpq77Wwtwqrfh,before,stress,14
R_2TG0VS1cyTZTOII,after,anxiety,2
R_2TG0VS1cyTZTOII,after,depression,0
R_2TG0VS1cyTZTOII,after,stress,10
R_2TG0VS1cyTZTOII,before,anxiety,0
R_2TG0VS1cyTZTOII,before,depression,0
R_2TG0VS1cyTZTOII,before,stress,6
R_2tJtUaHMu03QTQ1,after,anxiety,30
R_2tJtUaHMu03QTQ1,after,depression,40
R_2tJtUaHMu03QTQ1,after,stress,30
R_2tJtUaHMu03QTQ1,before,anxiety,14
R_2tJtUaHMu03QTQ1,before,depression,10
R_2tJtUaHMu03QTQ1,before,stress,22
R_2tqUYhzsg6ITwD1,after,anxiety,20
R_2tqUYhzsg6ITwD1,after,depression,30
R_2tqUYhzsg6ITwD1,after,stress,22
R_2tqUYhzsg6ITwD1,before,anxiety,26
R_2tqUYhzsg6ITwD1,before,depression,26
R_2tqUYhzsg6ITwD1,before,stress,24
R_2trlnajiLWtBHVS,after,anxiety,0
R_2trlnajiLWtBHVS,after,depression,2
R_2trlnajiLWtBHVS,after,stress,0
R_2trlnajiLWtBHVS,before,anxiety,0
R_2trlnajiLWtBHVS,before,depression,10
R_2trlnajiLWtBHVS,before,stress,6
R_2TSJxMqN9gOlUOV,after,anxiety,0
R_2TSJxMqN9gOlUOV,after,depression,0
R_2TSJxMqN9gOlUOV,after,stress,0
R_2TSJxMqN9gOlUOV,before,anxiety,0
R_2TSJxMqN9gOlUOV,before,depression,0
R_2TSJxMqN9gOlUOV,before,stress,0
R_2UVJlgmzYG5Xn9P,after,anxiety,4
R_2UVJlgmzYG5Xn9P,after,depression,12
R_2UVJlgmzYG5Xn9P,after,stress,14
R_2UVJlgmzYG5Xn9P,before,anxiety,2
R_2UVJlgmzYG5Xn9P,before,depression,14
R_2UVJlgmzYG5Xn9P,before,stress,12
R_2VkJBjNuuyAttyZ,after,anxiety,4
R_2VkJBjNuuyAttyZ,after,depression,24
R_2VkJBjNuuyAttyZ,after,stress,12
R_2VkJBjNuuyAttyZ,before,anxiety,10
R_2VkJBjNuuyAttyZ,before,depression,12
R_2VkJBjNuuyAttyZ,before,stress,8
R_2vZKXOkrXwQOPM0,after,anxiety,12
R_2vZKXOkrXwQOPM0,after,depression,42
R_2vZKXOkrXwQOPM0,after,stress,34
R_2vZKXOkrXwQOPM0,before,anxiety,2
R_2vZKXOkrXwQOPM0,before,depression,26
R_2vZKXOkrXwQOPM0,before,stress,22
R_2wmnaQBPNB7V2gM,after,anxiety,0
R_2wmnaQBPNB7V2gM,after,depression,0
R_2wmnaQBPNB7V2gM,after,stress,2
R_2wmnaQBPNB7V2gM,before,anxiety,0
R_2wmnaQBPNB7V2gM,before,depression,0
R_2wmnaQBPNB7V2gM,before,stress,2
R_2XcEmd1YzcIXw1Y,after,anxiety,0
R_2XcEmd1YzcIXw1Y,after,depression,14
R_2XcEmd1YzcIXw1Y,after,stress,4
R_2XcEmd1YzcIXw1Y,before,anxiety,6
R_2XcEmd1YzcIXw1Y,before,depression,16
R_2XcEmd1YzcIXw1Y,before,stress,12
R_2xY2K6LH7A68nB1,after,anxiety,14
R_2xY2K6LH7A68nB1,after,depression,30
R_2xY2K6LH7A68nB1,after,stress,14
R_2xY2K6LH7A68nB1,before,anxiety,10
R_2xY2K6LH7A68nB1,before,depression,6
R_2xY2K6LH7A68nB1,before,stress,18
R_2YJKbEV4DDO8Lc0,after,anxiety,20
R_2YJKbEV4DDO8Lc0,after,depression,22
R_2YJKbEV4DDO8Lc0,after,stress,16
R_2YJKbEV4DDO8Lc0,before,anxiety,18
R_2YJKbEV4DDO8Lc0,before,depression,34
R_2YJKbEV4DDO8Lc0,before,stress,16
R_2yk1CSC8mwjjLGP,after,anxiety,2
R_2yk1CSC8mwjjLGP,after,depression,4
R_2yk1CSC8mwjjLGP,after,stress,14
R_2yk1CSC8mwjjLGP,before,anxiety,0
R_2yk1CSC8mwjjLGP,before,depression,8
R_2yk1CSC8mwjjLGP,before,stress,6
R_2yrXHzzzgNeI0Ry,after,anxiety,2
R_2yrXHzzzgNeI0Ry,after,depression,4
R_2yrXHzzzgNeI0Ry,after,stress,2
R_2yrXHzzzgNeI0Ry,before,anxiety,2
R_2yrXHzzzgNeI0Ry,before,depression,6
R_2yrXHzzzgNeI0Ry,before,stress,4
R_2YyK6503UwmpO2W,after,anxiety,16
R_2YyK6503UwmpO2W,after,depression,8
R_2YyK6503UwmpO2W,after,stress,16
R_2YyK6503UwmpO2W,before,anxiety,10
R_2YyK6503UwmpO2W,before,depression,12
R_2YyK6503UwmpO2W,before,stress,12
R_2YyT0OjStuntyXf,after,anxiety,26
R_2YyT0OjStuntyXf,after,depression,40
R_2YyT0OjStuntyXf,after,stress,34
R_2YyT0OjStuntyXf,before,anxiety,20
R_2YyT0OjStuntyXf,before,depression,38
R_2YyT0OjStuntyXf,before,stress,30
R_2zBXAI5qUYmV4DB,after,anxiety,8
R_2zBXAI5qUYmV4DB,after,depression,28
R_2zBXAI5qUYmV4DB,after,stress,8
R_2zBXAI5qUYmV4DB,before,anxiety,12
R_2zBXAI5qUYmV4DB,before,depression,30
R_2zBXAI5qUYmV4DB,before,stress,20
R_2zUqq1urUzBGq6C,after,anxiety,12
R_2zUqq1urUzBGq6C,after,depression,16
R_2zUqq1urUzBGq6C,after,stress,14
R_2zUqq1urUzBGq6C,before,anxiety,2
R_2zUqq1urUzBGq6C,before,depression,30
R_2zUqq1urUzBGq6C,before,stress,26
R_30uRCB7vSqjK8Tf,after,anxiety,14
R_30uRCB7vSqjK8Tf,after,depression,14
R_30uRCB7vSqjK8Tf,after,stress,16
R_30uRCB7vSqjK8Tf,before,anxiety,10
R_30uRCB7vSqjK8Tf,before,depression,10
R_30uRCB7vSqjK8Tf,before,stress,8
R_31LSyq6W3sTmpY5,after,anxiety,22
R_31LSyq6W3sTmpY5,after,depression,24
R_31LSyq6W3sTmpY5,after,stress,22
R_31LSyq6W3sTmpY5,before,anxiety,10
R_31LSyq6W3sTmpY5,before,depression,20
R_31LSyq6W3sTmpY5,before,stress,0
R_31uPOPILKqOF5Z3,after,anxiety,12
R_31uPOPILKqOF5Z3,after,depression,24
R_31uPOPILKqOF5Z3,after,stress,14
R_31uPOPILKqOF5Z3,before,anxiety,14
R_31uPOPILKqOF5Z3,before,depression,20
R_31uPOPILKqOF5Z3,before,stress,14
R_3259jqnrUhcJUgT,after,anxiety,4
R_3259jqnrUhcJUgT,after,depression,14
R_3259jqnrUhcJUgT,after,stress,6
R_3259jqnrUhcJUgT,before,anxiety,0
R_3259jqnrUhcJUgT,before,depression,4
R_3259jqnrUhcJUgT,before,stress,2
R_333VdNEK4f8Xyui,after,anxiety,2
R_333VdNEK4f8Xyui,after,depression,12
R_333VdNEK4f8Xyui,after,stress,18
R_333VdNEK4f8Xyui,before,anxiety,0
R_333VdNEK4f8Xyui,before,depression,2
R_333VdNEK4f8Xyui,before,stress,10
R_33ElcIgec3OQYlt,after,anxiety,2
R_33ElcIgec3OQYlt,after,depression,28
R_33ElcIgec3OQYlt,after,stress,24
R_33ElcIgec3OQYlt,before,anxiety,0
R_33ElcIgec3OQYlt,before,depression,10
R_33ElcIgec3OQYlt,before,stress,12
R_33m18XGfnq4Vj9o,after,anxiety,8
R_33m18XGfnq4Vj9o,after,depression,4
R_33m18XGfnq4Vj9o,after,stress,12
R_33m18XGfnq4Vj9o,before,anxiety,8
R_33m18XGfnq4Vj9o,before,depression,4
R_33m18XGfnq4Vj9o,before,stress,12
R_3asqcGii6ulHk9X,after,anxiety,6
R_3asqcGii6ulHk9X,after,depression,14
R_3asqcGii6ulHk9X,after,stress,14
R_3asqcGii6ulHk9X,before,anxiety,8
R_3asqcGii6ulHk9X,before,depression,22
R_3asqcGii6ulHk9X,before,stress,16
R_3CJmLr5kxXIjcgY,after,anxiety,10
R_3CJmLr5kxXIjcgY,after,depression,0
R_3CJmLr5kxXIjcgY,after,stress,4
R_3CJmLr5kxXIjcgY,before,anxiety,14
R_3CJmLr5kxXIjcgY,before,depression,0
R_3CJmLr5kxXIjcgY,before,stress,6
R_3D7xVjOEj7lRX1u,after,anxiety,12
R_3D7xVjOEj7lRX1u,after,depression,12
R_3D7xVjOEj7lRX1u,after,stress,18
R_3D7xVjOEj7lRX1u,before,anxiety,8
R_3D7xVjOEj7lRX1u,before,depression,0
R_3D7xVjOEj7lRX1u,before,stress,6
R_3DcJPhdo2DHBes3,after,anxiety,10
R_3DcJPhdo2DHBes3,after,depression,10
R_3DcJPhdo2DHBes3,after,stress,16
R_3DcJPhdo2DHBes3,before,anxiety,6
R_3DcJPhdo2DHBes3,before,depression,8
R_3DcJPhdo2DHBes3,before,stress,18
R_3dEN30zDtOpYP25,after,anxiety,0
R_3dEN30zDtOpYP25,after,depression,10
R_3dEN30zDtOpYP25,after,stress,18
R_3dEN30zDtOpYP25,before,anxiety,2
R_3dEN30zDtOpYP25,before,depression,2
R_3dEN30zDtOpYP25,before,stress,16
R_3e1VGffpt89tw8h,after,anxiety,26
R_3e1VGffpt89tw8h,after,depression,36
R_3e1VGffpt89tw8h,after,stress,34
R_3e1VGffpt89tw8h,before,anxiety,8
R_3e1VGffpt89tw8h,before,depression,18
R_3e1VGffpt89tw8h,before,stress,6
R_3efCQahFkiEWLUo,after,anxiety,16
R_3efCQahFkiEWLUo,after,depression,4
R_3efCQahFkiEWLUo,after,stress,14
R_3efCQahFkiEWLUo,before,anxiety,16
R_3efCQahFkiEWLUo,before,depression,4
R_3efCQahFkiEWLUo,before,stress,10
R_3EjaJDRhLy9xsUT,after,anxiety,0
R_3EjaJDRhLy9xsUT,after,depression,10
R_3EjaJDRhLy9xsUT,after,stress,12
R_3EjaJDRhLy9xsUT,before,anxiety,0
R_3EjaJDRhLy9xsUT,before,depression,0
R_3EjaJDRhLy9xsUT,before,stress,4
R_3EtZJ865VyxA1dS,after,anxiety,10
R_3EtZJ865VyxA1dS,after,depression,20
R_3EtZJ865VyxA1dS,after,stress,30
R_3EtZJ865VyxA1dS,before,anxiety,8
R_3EtZJ865VyxA1dS,before,depression,4
R_3EtZJ865VyxA1dS,before,stress,10
R_3fTa3QYnPZpSeen,after,anxiety,20
R_3fTa3QYnPZpSeen,after,depression,14
R_3fTa3QYnPZpSeen,after,stress,20
R_3fTa3QYnPZpSeen,before,anxiety,34
R_3fTa3QYnPZpSeen,before,depression,30
R_3fTa3QYnPZpSeen,before,stress,34
R_3G0VtsBQfB5T8jI,after,anxiety,0
R_3G0VtsBQfB5T8jI,after,depression,0
R_3G0VtsBQfB5T8jI,after,stress,0
R_3G0VtsBQfB5T8jI,before,anxiety,0
R_3G0VtsBQfB5T8jI,before,depression,0
R_3G0VtsBQfB5T8jI,before,stress,0
R_3Gg2Ve4XnzJBPL1,after,anxiety,14
R_3Gg2Ve4XnzJBPL1,after,depression,28
R_3Gg2Ve4XnzJBPL1,after,stress,26
R_3Gg2Ve4XnzJBPL1,before,anxiety,18
R_3Gg2Ve4XnzJBPL1,before,depression,36
R_3Gg2Ve4XnzJBPL1,before,stress,30
R_3gLfJnM7hmP4b0g,after,anxiety,4
R_3gLfJnM7hmP4b0g,after,depression,8
R_3gLfJnM7hmP4b0g,after,stress,0
R_3gLfJnM7hmP4b0g,before,anxiety,2
R_3gLfJnM7hmP4b0g,before,depression,12
R_3gLfJnM7hmP4b0g,before,stress,2
R_3gYE1Oyb2ecCXAO,after,anxiety,0
R_3gYE1Oyb2ecCXAO,after,depression,4
R_3gYE1Oyb2ecCXAO,after,stress,8
R_3gYE1Oyb2ecCXAO,before,anxiety,0
R_3gYE1Oyb2ecCXAO,before,depression,0
R_3gYE1Oyb2ecCXAO,before,stress,0
R_3h0zYlV2nMlsjkp,after,anxiety,2
R_3h0zYlV2nMlsjkp,after,depression,10
R_3h0zYlV2nMlsjkp,after,stress,8
R_3h0zYlV2nMlsjkp,before,anxiety,2
R_3h0zYlV2nMlsjkp,before,depression,8
R_3h0zYlV2nMlsjkp,before,stress,6
R_3hEAA1sGTLuhlZP,after,anxiety,2
R_3hEAA1sGTLuhlZP,after,depression,38
R_3hEAA1sGTLuhlZP,after,stress,20
R_3hEAA1sGTLuhlZP,before,anxiety,4
R_3hEAA1sGTLuhlZP,before,depression,38
R_3hEAA1sGTLuhlZP,before,stress,20
R_3HpP9AcM8KfmlN5,after,anxiety,12
R_3HpP9AcM8KfmlN5,after,depression,40
R_3HpP9AcM8KfmlN5,after,stress,28
R_3HpP9AcM8KfmlN5,before,anxiety,8
R_3HpP9AcM8KfmlN5,before,depression,32
R_3HpP9AcM8KfmlN5,before,stress,20
R_3HS9n2GsIIHkDkT,after,anxiety,2
R_3HS9n2GsIIHkDkT,after,depression,2
R_3HS9n2GsIIHkDkT,after,stress,6
R_3HS9n2GsIIHkDkT,before,anxiety,0
R_3HS9n2GsIIHkDkT,before,depression,0
R_3HS9n2GsIIHkDkT,before,stress,4
R_3hywX9R1oSIynmb,after,anxiety,6
R_3hywX9R1oSIynmb,after,depression,10
R_3hywX9R1oSIynmb,after,stress,18
R_3hywX9R1oSIynmb,before,anxiety,16
R_3hywX9R1oSIynmb,before,depression,42
R_3hywX9R1oSIynmb,before,stress,22
R_3iWtUWUbIxPab5K,after,anxiety,2
R_3iWtUWUbIxPab5K,after,depression,4
R_3iWtUWUbIxPab5K,after,stress,10
R_3iWtUWUbIxPab5K,before,anxiety,0
R_3iWtUWUbIxPab5K,before,depression,8
R_3iWtUWUbIxPab5K,before,stress,4
R_3JecnAA27cFGR9J,after,anxiety,6
R_3JecnAA27cFGR9J,after,depression,12
R_3JecnAA27cFGR9J,after,stress,10
R_3JecnAA27cFGR9J,before,anxiety,2
R_3JecnAA27cFGR9J,before,depression,2
R_3JecnAA27cFGR9J,before,stress,6
R_3jV6I52yPFAZ8oy,after,anxiety,2
R_3jV6I52yPFAZ8oy,after,depression,12
R_3jV6I52yPFAZ8oy,after,stress,2
R_3jV6I52yPFAZ8oy,before,anxiety,0
R_3jV6I52yPFAZ8oy,before,depression,2
R_3jV6I52yPFAZ8oy,before,stress,4
R_3KCvZebmGxmSVat,after,anxiety,4
R_3KCvZebmGxmSVat,after,depression,8
R_3KCvZebmGxmSVat,after,stress,10
R_3KCvZebmGxmSVat,before,anxiety,10
R_3KCvZebmGxmSVat,before,depression,32
R_3KCvZebmGxmSVat,before,stress,16
R_3koLHqG1bLK3yy5,after,anxiety,18
R_3koLHqG1bLK3yy5,after,depression,22
R_3koLHqG1bLK3yy5,after,stress,20
R_3koLHqG1bLK3yy5,before,anxiety,14
R_3koLHqG1bLK3yy5,before,depression,14
R_3koLHqG1bLK3yy5,before,stress,12
R_3Kwm6MO1bfGie9a,after,anxiety,8
R_3Kwm6MO1bfGie9a,after,depression,16
R_3Kwm6MO1bfGie9a,after,stress,20
R_3Kwm6MO1bfGie9a,before,anxiety,10
R_3Kwm6MO1bfGie9a,before,depression,22
R_3Kwm6MO1bfGie9a,before,stress,20
R_3lxovCWhEaeqaCs,after,anxiety,20
R_3lxovCWhEaeqaCs,after,depression,30
R_3lxovCWhEaeqaCs,after,stress,38
R_3lxovCWhEaeqaCs,before,anxiety,24
R_3lxovCWhEaeqaCs,before,depression,34
R_3lxovCWhEaeqaCs,before,stress,34
R_3LXrDOSOEDocie5,after,anxiety,4
R_3LXrDOSOEDocie5,after,depression,18
R_3LXrDOSOEDocie5,after,stress,20
R_3LXrDOSOEDocie5,before,anxiety,8
R_3LXrDOSOEDocie5,before,depression,8
R_3LXrDOSOEDocie5,before,stress,14
R_3m4gEtF4OFDZWgM,after,anxiety,4
R_3m4gEtF4OFDZWgM,after,depression,6
R_3m4gEtF4OFDZWgM,after,stress,14
R_3m4gEtF4OFDZWgM,before,anxiety,2
R_3m4gEtF4OFDZWgM,before,depression,4
R_3m4gEtF4OFDZWgM,before,stress,12
R_3M4IeaDW99mC9dK,after,anxiety,8
R_3M4IeaDW99mC9dK,after,depression,0
R_3M4IeaDW99mC9dK,after,stress,6
R_3M4IeaDW99mC9dK,before,anxiety,8
R_3M4IeaDW99mC9dK,before,depression,6
R_3M4IeaDW99mC9dK,before,stress,10
R_3MRUJRa1S8L3skj,after,anxiety,0
R_3MRUJRa1S8L3skj,after,depression,42
R_3MRUJRa1S8L3skj,after,stress,8
R_3MRUJRa1S8L3skj,before,anxiety,0
R_3MRUJRa1S8L3skj,before,depression,40
R_3MRUJRa1S8L3skj,before,stress,10
R_3n2iadGDdM5zQ7k,after,anxiety,2
R_3n2iadGDdM5zQ7k,after,depression,6
R_3n2iadGDdM5zQ7k,after,stress,12
R_3n2iadGDdM5zQ7k,before,anxiety,4
R_3n2iadGDdM5zQ7k,before,depression,6
R_3n2iadGDdM5zQ7k,before,stress,6
R_3ne0xvsnUk3Dg2b,after,anxiety,16
R_3ne0xvsnUk3Dg2b,after,depression,18
R_3ne0xvsnUk3Dg2b,after,stress,26
R_3ne0xvsnUk3Dg2b,before,anxiety,16
R_3ne0xvsnUk3Dg2b,before,depression,12
R_3ne0xvsnUk3Dg2b,before,stress,20
R_3nkCL8JrVmutsy2,after,anxiety,16
R_3nkCL8JrVmutsy2,after,depression,18
R_3nkCL8JrVmutsy2,after,stress,24
R_3nkCL8JrVmutsy2,before,anxiety,28
R_3nkCL8JrVmutsy2,before,depression,34
R_3nkCL8JrVmutsy2,before,stress,34
R_3O0Oame9dqBbP5b,after,anxiety,2
R_3O0Oame9dqBbP5b,after,depression,0
R_3O0Oame9dqBbP5b,after,stress,8
R_3O0Oame9dqBbP5b,before,anxiety,2
R_3O0Oame9dqBbP5b,before,depression,0
R_3O0Oame9dqBbP5b,before,stress,2
R_3OEuDPyfhuyKTkd,after,anxiety,14
R_3OEuDPyfhuyKTkd,after,depression,16
R_3OEuDPyfhuyKTkd,after,stress,22
R_3OEuDPyfhuyKTkd,before,anxiety,8
R_3OEuDPyfhuyKTkd,before,depression,8
R_3OEuDPyfhuyKTkd,before,stress,12
R_3oLsLBM6ZWrfpVQ,after,anxiety,20
R_3oLsLBM6ZWrfpVQ,after,depression,42
R_3oLsLBM6ZWrfpVQ,after,stress,34
R_3oLsLBM6ZWrfpVQ,before,anxiety,4
R_3oLsLBM6ZWrfpVQ,before,depression,20
R_3oLsLBM6ZWrfpVQ,before,stress,12
R_3oQRoNnZNzfXRdA,after,anxiety,8
R_3oQRoNnZNzfXRdA,after,depression,20
R_3oQRoNnZNzfXRdA,after,stress,14
R_3oQRoNnZNzfXRdA,before,anxiety,10
R_3oQRoNnZNzfXRdA,before,depression,16
R_3oQRoNnZNzfXRdA,before,stress,16
R_3PAINhZstYwZKnG,after,anxiety,8
R_3PAINhZstYwZKnG,after,depression,16
R_3PAINhZstYwZKnG,after,stress,10
R_3PAINhZstYwZKnG,before,anxiety,10
R_3PAINhZstYwZKnG,before,depression,18
R_3PAINhZstYwZKnG,before,stress,16
R_3pajSVQnjGXyVpt,after,anxiety,14
R_3pajSVQnjGXyVpt,after,depression,28
R_3pajSVQnjGXyVpt,after,stress,12
R_3pajSVQnjGXyVpt,before,anxiety,14
R_3pajSVQnjGXyVpt,before,depression,26
R_3pajSVQnjGXyVpt,before,stress,18
R_3PjYxPdMelfAuAx,after,anxiety,14
R_3PjYxPdMelfAuAx,after,depression,22
R_3PjYxPdMelfAuAx,after,stress,22
R_3PjYxPdMelfAuAx,before,anxiety,16
R_3PjYxPdMelfAuAx,before,depression,22
R_3PjYxPdMelfAuAx,before,stress,16
R_3qyQeKqDkX0mMPk,after,anxiety,0
R_3qyQeKqDkX0mMPk,after,depression,14
R_3qyQeKqDkX0mMPk,after,stress,10
R_3qyQeKqDkX0mMPk,before,anxiety,0
R_3qyQeKqDkX0mMPk,before,depression,12
R_3qyQeKqDkX0mMPk,before,stress,8
R_3sAOu08DzJCbsCx,after,anxiety,4
R_3sAOu08DzJCbsCx,after,depression,0
R_3sAOu08DzJCbsCx,after,stress,0
R_3sAOu08DzJCbsCx,before,anxiety,2
R_3sAOu08DzJCbsCx,before,depression,4
R_3sAOu08DzJCbsCx,before,stress,2
R_3scUafsIK61edPZ,after,anxiety,26
R_3scUafsIK61edPZ,after,depression,30
R_3scUafsIK61edPZ,after,stress,34
R_3scUafsIK61edPZ,before,anxiety,20
R_3scUafsIK61edPZ,before,depression,20
R_3scUafsIK61edPZ,before,stress,24
R_3VJUdRxHSSY9KRH,after,anxiety,12
R_3VJUdRxHSSY9KRH,after,depression,30
R_3VJUdRxHSSY9KRH,after,stress,14
R_3VJUdRxHSSY9KRH,before,anxiety,10
R_3VJUdRxHSSY9KRH,before,depression,26
R_3VJUdRxHSSY9KRH,before,stress,12
R_54O3tQvET3fkQAV,after,anxiety,0
R_54O3tQvET3fkQAV,after,depression,10
R_54O3tQvET3fkQAV,after,stress,10
R_54O3tQvET3fkQAV,before,anxiety,2
R_54O3tQvET3fkQAV,before,depression,10
R_54O3tQvET3fkQAV,before,stress,8
R_6kZae0087zktvOx,after,anxiety,14
R_6kZae0087zktvOx,after,depression,36
R_6kZae0087zktvOx,after,stress,24
R_6kZae0087zktvOx,before,anxiety,12
R_6kZae0087zktvOx,before,depression,18
R_6kZae0087zktvOx,before,stress,14
R_6rhaURmMWIpWVwd,after,anxiety,2
R_6rhaURmMWIpWVwd,after,depression,16
R_6rhaURmMWIpWVwd,after,stress,14
R_6rhaURmMWIpWVwd,before,anxiety,4
R_6rhaURmMWIpWVwd,before,depression,4
R_6rhaURmMWIpWVwd,before,stress,10
R_8jHHv1qsC7vCAz7,after,anxiety,2
R_8jHHv1qsC7vCAz7,after,depression,12
R_8jHHv1qsC7vCAz7,after,stress,18
R_8jHHv1qsC7vCAz7,before,anxiety,0
R_8jHHv1qsC7vCAz7,before,depression,4
R_8jHHv1qsC7vCAz7,before,stress,12
R_9Z70MwcyCsPC9X3,after,anxiety,12
R_9Z70MwcyCsPC9X3,after,depression,28
R_9Z70MwcyCsPC9X3,after,stress,24
R_9Z70MwcyCsPC9X3,before,anxiety,8
R_9Z70MwcyCsPC9X3,before,depression,20
R_9Z70MwcyCsPC9X3,before,stress,10
R_A5JYMcChIUBrgWJ,after,anxiety,2
R_A5JYMcChIUBrgWJ,after,depression,6
R_A5JYMcChIUBrgWJ,after,stress,12
R_A5JYMcChIUBrgWJ,before,anxiety,0
R_A5JYMcChIUBrgWJ,before,depression,2
R_A5JYMcChIUBrgWJ,before,stress,12
R_b25c1SzzqBXhNlf,after,anxiety,24
R_b25c1SzzqBXhNlf,after,depression,30
R_b25c1SzzqBXhNlf,after,stress,26
R_b25c1SzzqBXhNlf,before,anxiety,20
R_b25c1SzzqBXhNlf,before,depression,34
R_b25c1SzzqBXhNlf,before,stress,20
R_b3OqdK3QYKKuHYd,after,anxiety,4
R_b3OqdK3QYKKuHYd,after,depression,14
R_b3OqdK3QYKKuHYd,after,stress,14
R_b3OqdK3QYKKuHYd,before,anxiety,4
R_b3OqdK3QYKKuHYd,before,depression,2
R_b3OqdK3QYKKuHYd,before,stress,4
R_BDGcUeEGjSpIacN,after,anxiety,16
R_BDGcUeEGjSpIacN,after,depression,34
R_BDGcUeEGjSpIacN,after,stress,28
R_BDGcUeEGjSpIacN,before,anxiety,14
R_BDGcUeEGjSpIacN,before,depression,18
R_BDGcUeEGjSpIacN,before,stress,18
R_BPqFXh1wkgyB1Tz,after,anxiety,0
R_BPqFXh1wkgyB1Tz,after,depression,22
R_BPqFXh1wkgyB1Tz,after,stress,36
R_BPqFXh1wkgyB1Tz,before,anxiety,2
R_BPqFXh1wkgyB1Tz,before,depression,16
R_BPqFXh1wkgyB1Tz,before,stress,18
R_brWqcjWNLR2SR6p,after,anxiety,14
R_brWqcjWNLR2SR6p,after,depression,18
R_brWqcjWNLR2SR6p,after,stress,26
R_brWqcjWNLR2SR6p,before,anxiety,2
R_brWqcjWNLR2SR6p,before,depression,6
R_brWqcjWNLR2SR6p,before,stress,8
R_BSsMj7rx2Tnixot,after,anxiety,6
R_BSsMj7rx2Tnixot,after,depression,18
R_BSsMj7rx2Tnixot,after,stress,10
R_BSsMj7rx2Tnixot,before,anxiety,0
R_BSsMj7rx2Tnixot,before,depression,12
R_BSsMj7rx2Tnixot,before,stress,4
R_BueCPimsWc9Utd7,after,anxiety,2
R_BueCPimsWc9Utd7,after,depression,4
R_BueCPimsWc9Utd7,after,stress,8
R_BueCPimsWc9Utd7,before,anxiety,0
R_BueCPimsWc9Utd7,before,depression,2
R_BueCPimsWc9Utd7,before,stress,8
R_cTISqj1k1d4BAOd,after,anxiety,14
R_cTISqj1k1d4BAOd,after,depression,20
R_cTISqj1k1d4BAOd,after,stress,16
R_cTISqj1k1d4BAOd,before,anxiety,2
R_cTISqj1k1d4BAOd,before,depression,4
R_cTISqj1k1d4BAOd,before,stress,10
R_DejQ8cSCeZ4rekp,after,anxiety,18
R_DejQ8cSCeZ4rekp,after,depression,30
R_DejQ8cSCeZ4rekp,after,stress,20
R_DejQ8cSCeZ4rekp,before,anxiety,10
R_DejQ8cSCeZ4rekp,before,depression,24
R_DejQ8cSCeZ4rekp,before,stress,20
R_Oju76sshryv7YAh,after,anxiety,14
R_Oju76sshryv7YAh,after,depression,36
R_Oju76sshryv7YAh,after,stress,26
R_Oju76sshryv7YAh,before,anxiety,10
R_Oju76sshryv7YAh,before,depression,24
R_Oju76sshryv7YAh,before,stress,26
R_OP7imJenh3QEzHr,after,anxiety,6
R_OP7imJenh3QEzHr,after,depression,42
R_OP7imJenh3QEzHr,after,stress,28
R_OP7imJenh3QEzHr,before,anxiety,10
R_OP7imJenh3QEzHr,before,depression,38
R_OP7imJenh3QEzHr,before,stress,28
R_OPvs1zUpPEvZoEp,after,anxiety,4
R_OPvs1zUpPEvZoEp,after,depression,4
R_OPvs1zUpPEvZoEp,after,stress,2
R_OPvs1zUpPEvZoEp,before,anxiety,4
R_OPvs1zUpPEvZoEp,before,depression,4
R_OPvs1zUpPEvZoEp,before,stress,4
R_p5CA0SZn571DSEN,after,anxiety,12
R_p5CA0SZn571DSEN,after,depression,14
R_p5CA0SZn571DSEN,after,stress,18
R_p5CA0SZn571DSEN,before,anxiety,10
R_p5CA0SZn571DSEN,before,depression,14
R_p5CA0SZn571DSEN,before,stress,6
R_piX57LSmaReTby1,after,anxiety,10
R_piX57LSmaReTby1,after,depression,10
R_piX57LSmaReTby1,after,stress,26
R_piX57LSmaReTby1,before,anxiety,18
R_piX57LSmaReTby1,before,depression,16
R_piX57LSmaReTby1,before,stress,26
R_pJBqW9a6blfxMnn,after,anxiety,2
R_pJBqW9a6blfxMnn,after,depression,8
R_pJBqW9a6blfxMnn,after,stress,2
R_pJBqW9a6blfxMnn,before,anxiety,2
R_pJBqW9a6blfxMnn,before,depression,2
R_pJBqW9a6blfxMnn,before,stress,4
R_R80uXkBmWsWOzfP,after,anxiety,0
R_R80uXkBmWsWOzfP,after,depression,2
R_R80uXkBmWsWOzfP,after,stress,0
R_R80uXkBmWsWOzfP,before,anxiety,2
R_R80uXkBmWsWOzfP,before,depression,0
R_R80uXkBmWsWOzfP,before,stress,10
R_RePvY6Xpy9N1z45,after,anxiety,16
R_RePvY6Xpy9N1z45,after,depression,28
R_RePvY6Xpy9N1z45,after,stress,34
R_RePvY6Xpy9N1z45,before,anxiety,16
R_RePvY6Xpy9N1z45,before,depression,30
R_RePvY6Xpy9N1z45,before,stress,22
R_RLcbhnqjnjLiaVX,after,anxiety,4
R_RLcbhnqjnjLiaVX,after,depression,2
R_RLcbhnqjnjLiaVX,after,stress,8
R_RLcbhnqjnjLiaVX,before,anxiety,6
R_RLcbhnqjnjLiaVX,before,depression,8
R_RLcbhnqjnjLiaVX,before,stress,26
R_RzB3YPB2gpL3ylr,after,anxiety,0
R_RzB3YPB2gpL3ylr,after,depression,0
R_RzB3YPB2gpL3ylr,after,stress,2
R_RzB3YPB2gpL3ylr,before,anxiety,0
R_RzB3YPB2gpL3ylr,before,depression,2
R_RzB3YPB2gpL3ylr,before,stress,0
R_SBupPeUb0kJ7NJL,after,anxiety,22
R_SBupPeUb0kJ7NJL,after,depression,34
R_SBupPeUb0kJ7NJL,after,stress,40
R_SBupPeUb0kJ7NJL,before,anxiety,2
R_SBupPeUb0kJ7NJL,before,depression,4
R_SBupPeUb0kJ7NJL,before,stress,16
R_SIf4380kHiu7wAh,after,anxiety,16
R_SIf4380kHiu7wAh,after,depression,26
R_SIf4380kHiu7wAh,after,stress,16
R_SIf4380kHiu7wAh,before,anxiety,6
R_SIf4380kHiu7wAh,before,depression,12
R_SIf4380kHiu7wAh,before,stress,12
R_SOViMCN9d7ybO8h,after,anxiety,20
R_SOViMCN9d7ybO8h,after,depression,18
R_SOViMCN9d7ybO8h,after,stress,20
R_SOViMCN9d7ybO8h,before,anxiety,10
R_SOViMCN9d7ybO8h,before,depression,14
R_SOViMCN9d7ybO8h,before,stress,8
R_SUcU46CryPkShsR,after,anxiety,18
R_SUcU46CryPkShsR,after,depression,40
R_SUcU46CryPkShsR,after,stress,26
R_SUcU46CryPkShsR,before,anxiety,12
R_SUcU46CryPkShsR,before,depression,24
R_SUcU46CryPkShsR,before,stress,22
R_UoPiHE2v8sEVOJb,after,anxiety,18
R_UoPiHE2v8sEVOJb,after,depression,38
R_UoPiHE2v8sEVOJb,after,stress,32
R_UoPiHE2v8sEVOJb,before,anxiety,16
R_UoPiHE2v8sEVOJb,before,depression,30
R_UoPiHE2v8sEVOJb,before,stress,28
R_upLgg7PndxOE2Vr,after,anxiety,8
R_upLgg7PndxOE2Vr,after,depression,10
R_upLgg7PndxOE2Vr,after,stress,6
R_upLgg7PndxOE2Vr,before,anxiety,8
R_upLgg7PndxOE2Vr,before,depression,18
R_upLgg7PndxOE2Vr,before,stress,14
R_UtoTopbBz0tqPqp,after,anxiety,8
R_UtoTopbBz0tqPqp,after,depression,10
R_UtoTopbBz0tqPqp,after,stress,18
R_UtoTopbBz0tqPqp,before,anxiety,2
R_UtoTopbBz0tqPqp,before,depression,6
R_UtoTopbBz0tqPqp,before,stress,10
R_UuOGjA6wOYIRHUt,after,anxiety,14
R_UuOGjA6wOYIRHUt,after,depression,32
R_UuOGjA6wOYIRHUt,after,stress,24
R_UuOGjA6wOYIRHUt,before,anxiety,8
R_UuOGjA6wOYIRHUt,before,depression,16
R_UuOGjA6wOYIRHUt,before,stress,16
R_WerDtRBiVK6hlnP,after,anxiety,14
R_WerDtRBiVK6hlnP,after,depression,42
R_WerDtRBiVK6hlnP,after,stress,38
R_WerDtRBiVK6hlnP,before,anxiety,8
R_WerDtRBiVK6hlnP,before,depression,38
R_WerDtRBiVK6hlnP,before,stress,26
R_WxPm6DIjeTENfxv,after,anxiety,6
R_WxPm6DIjeTENfxv,after,depression,10
R_WxPm6DIjeTENfxv,after,stress,24
R_WxPm6DIjeTENfxv,before,anxiety,4
R_WxPm6DIjeTENfxv,before,depression,10
R_WxPm6DIjeTENfxv,before,stress,14
R_Xjm191b0NxVNvbz,after,anxiety,8
R_Xjm191b0NxVNvbz,after,depression,30
R_Xjm191b0NxVNvbz,after,stress,24
R_Xjm191b0NxVNvbz,before,anxiety,8
R_Xjm191b0NxVNvbz,before,depression,18
R_Xjm191b0NxVNvbz,before,stress,14
R_Xzj8CbUZRnKEBKV,after,anxiety,14
R_Xzj8CbUZRnKEBKV,after,depression,8
R_Xzj8CbUZRnKEBKV,after,stress,24
R_Xzj8CbUZRnKEBKV,before,anxiety,18
R_Xzj8CbUZRnKEBKV,before,depression,10
R_Xzj8CbUZRnKEBKV,before,stress,28
R_ykakyVymnlCDlQZ,after,anxiety,16
R_ykakyVymnlCDlQZ,after,depression,8
R_ykakyVymnlCDlQZ,after,stress,24
R_ykakyVymnlCDlQZ,before,anxiety,2
R_ykakyVymnlCDlQZ,before,depression,4
R_ykakyVymnlCDlQZ,before,stress,10
R_z7JR0f6BK2Ps1i1,after,anxiety,22
R_z7JR0f6BK2Ps1i1,after,depression,30
R_z7JR0f6BK2Ps1i1,after,stress,28
R_z7JR0f6BK2Ps1i1,before,anxiety,18
R_z7JR0f6BK2Ps1i1,before,depression,20
R_z7JR0f6BK2Ps1i1,before,stress,28
R_Zgzav0hvyZ96c6d,after,anxiety,12
R_Zgzav0hvyZ96c6d,after,depression,14
R_Zgzav0hvyZ96c6d,after,stress,20
R_Zgzav0hvyZ96c6d,before,anxiety,8
R_Zgzav0hvyZ96c6d,before,depression,8
R_Zgzav0hvyZ96c6d,before,stress,18
R_ZmHvxJewc1RDEfT,after,anxiety,4
R_ZmHvxJewc1RDEfT,after,depression,14
R_ZmHvxJewc1RDEfT,after,stress,0
R_ZmHvxJewc1RDEfT,before,anxiety,12
R_ZmHvxJewc1RDEfT,before,depression,0
R_ZmHvxJewc1RDEfT,before,stress,4
R_Zrj2VRi2kmSoAoN,after,anxiety,0
R_Zrj2VRi2kmSoAoN,after,depression,12
R_Zrj2VRi2kmSoAoN,after,stress,10
R_Zrj2VRi2kmSoAoN,before,anxiety,0
R_Zrj2VRi2kmSoAoN,before,depression,10
R_Zrj2VRi2kmSoAoN,before,stress,8
R_ZxG3FMCz1l6uJd7,after,anxiety,0
R_ZxG3FMCz1l6uJd7,after,depression,16
R_ZxG3FMCz1l6uJd7,after,stress,4
R_ZxG3FMCz1l6uJd7,before,anxiety,2
R_ZxG3FMCz1l6uJd7,before,depression,2
R_ZxG3FMCz1l6uJd7,before,stress,4
